2026-02-18 23:44:38,924 [INFO] Activator:176 - 


2026-02-18 23:44:38,929 [INFO] Activator:177 - !SESSION log4j initialized
2026-02-18 23:44:43,650 [INFO] LogOutputStream:77 - [STDOUT_REDIRECT] 
2026-02-18 23:44:44,708 [INFO] ApplicationProperties:184 - Using Application install path: C:\ST\STM32CubeIDE_1.19.0\STM32CubeIDE\plugins\com.st.stm32cube.common.mx_6.15.0.202507011659
2026-02-18 23:44:44,722 [INFO] DbMcusXml:78 - Set database path to: C:\ST\STM32CubeIDE_1.19.0\STM32CubeIDE\plugins\com.st.stm32cube.common.mx_6.15.0.202507011659\\db\/mcu/
2026-02-18 23:44:44,723 [INFO] ApiDb:274 - Set plugin database path to: C:\ST\STM32CubeIDE_1.19.0\STM32CubeIDE\plugins\com.st.stm32cube.common.mx_6.15.0.202507011659\\db\/plugins/boardmanager/
2026-02-18 23:44:44,723 [WARN] ApiDb:259 - Overriding images path with different value:  => C:\ST\STM32CubeIDE_1.19.0\STM32CubeIDE\plugins\com.st.stm32cube.common.mx_6.15.0.202507011659\\db\/plugins/mcufinder/images/
2026-02-18 23:44:44,729 [INFO] ApiDb:250 - Set database path to: C:\Users\USER\.stmcufinder\plugins\mcufinder//mcu/
2026-02-18 23:44:44,730 [INFO] DbMcusAds:125 - Set database path to: C:\Users\USER\.stmcufinder\plugins\mcufinder//mcu/
2026-02-18 23:44:44,732 [INFO] CrossReferenceDbSqlite:203 - Set database path to: C:\Users\USER\.stmcufinder\plugins\mcufinder//mcu/cs/
2026-02-18 23:44:44,825 [INFO] RulesReader:64 - Compatibility file has been processed (317 Rules)
2026-02-18 23:44:44,890 [INFO] DbMcusXml:78 - Set database path to: C:\ST\STM32CubeIDE_1.19.0\STM32CubeIDE\plugins\com.st.stm32cube.common.mx_6.15.0.202507011659\\db\/mcu/
2026-02-18 23:44:44,890 [INFO] ApiDb:274 - Set plugin database path to: C:\ST\STM32CubeIDE_1.19.0\STM32CubeIDE\plugins\com.st.stm32cube.common.mx_6.15.0.202507011659\\db\/plugins/boardmanager/
2026-02-18 23:44:44,890 [INFO] ApiDb:261 - Set plugin images path to: C:\ST\STM32CubeIDE_1.19.0\STM32CubeIDE\plugins\com.st.stm32cube.common.mx_6.15.0.202507011659\\db\/plugins/mcufinder/images/
2026-02-18 23:44:44,890 [WARN] DbFile:41 - Overriding database path with different value: C:\Users\USER\.stmcufinder\plugins\mcufinder/ => C:\Users\USER\.stmcufinder\plugins\mcufinder
2026-02-18 23:44:44,890 [INFO] ApiDb:250 - Set database path to: C:\Users\USER\.stmcufinder\plugins\mcufinder//mcu/
2026-02-18 23:44:44,890 [WARN] DbFile:41 - Overriding database path with different value: C:\Users\USER\.stmcufinder\plugins\mcufinder/ => C:\Users\USER\.stmcufinder\plugins\mcufinder
2026-02-18 23:44:44,890 [INFO] DbMcusAds:125 - Set database path to: C:\Users\USER\.stmcufinder\plugins\mcufinder//mcu/
2026-02-18 23:44:44,890 [WARN] DbFile:41 - Overriding database path with different value: C:\Users\USER\.stmcufinder\plugins\mcufinder/ => C:\Users\USER\.stmcufinder\plugins\mcufinder
2026-02-18 23:44:44,890 [WARN] DbFile:41 - Overriding database path with different value: C:\Users\USER\.stmcufinder\plugins\mcufinder/ => C:\Users\USER\.stmcufinder\plugins\mcufinder
2026-02-18 23:44:44,891 [INFO] CrossReferenceDbSqlite:203 - Set database path to: C:\Users\USER\.stmcufinder\plugins\mcufinder//mcu/cs/
2026-02-18 23:44:44,947 [INFO] MainPanel:274 - HeapMemory: 268435456
2026-02-18 23:44:45,033 [INFO] DbMcusXml:78 - Set database path to: C:\ST\STM32CubeIDE_1.19.0\STM32CubeIDE\plugins\com.st.stm32cube.common.mx_6.15.0.202507011659\\db\/mcu/
2026-02-18 23:44:45,033 [INFO] ApiDb:274 - Set plugin database path to: C:\ST\STM32CubeIDE_1.19.0\STM32CubeIDE\plugins\com.st.stm32cube.common.mx_6.15.0.202507011659\\db\/plugins/boardmanager/
2026-02-18 23:44:45,033 [INFO] ApiDb:261 - Set plugin images path to: C:\ST\STM32CubeIDE_1.19.0\STM32CubeIDE\plugins\com.st.stm32cube.common.mx_6.15.0.202507011659\\db\/plugins/mcufinder/images/
2026-02-18 23:44:45,033 [WARN] DbFile:41 - Overriding database path with different value: C:\Users\USER\.stmcufinder\plugins\mcufinder/ => C:\Users\USER\.stmcufinder\plugins\mcufinder
2026-02-18 23:44:45,033 [INFO] ApiDb:250 - Set database path to: C:\Users\USER\.stmcufinder\plugins\mcufinder//mcu/
2026-02-18 23:44:45,034 [WARN] DbFile:41 - Overriding database path with different value: C:\Users\USER\.stmcufinder\plugins\mcufinder/ => C:\Users\USER\.stmcufinder\plugins\mcufinder
2026-02-18 23:44:45,034 [INFO] DbMcusAds:125 - Set database path to: C:\Users\USER\.stmcufinder\plugins\mcufinder//mcu/
2026-02-18 23:44:45,034 [WARN] DbFile:41 - Overriding database path with different value: C:\Users\USER\.stmcufinder\plugins\mcufinder/ => C:\Users\USER\.stmcufinder\plugins\mcufinder
2026-02-18 23:44:45,034 [WARN] DbFile:41 - Overriding database path with different value: C:\Users\USER\.stmcufinder\plugins\mcufinder/ => C:\Users\USER\.stmcufinder\plugins\mcufinder
2026-02-18 23:44:45,034 [INFO] CrossReferenceDbSqlite:203 - Set database path to: C:\Users\USER\.stmcufinder\plugins\mcufinder//mcu/cs/
2026-02-18 23:44:45,047 [INFO] ApplicationProperties:184 - Using Application install path: C:\ST\STM32CubeIDE_1.19.0\STM32CubeIDE\plugins\com.st.stm32cube.common.mx_6.15.0.202507011659
2026-02-18 23:44:45,048 [INFO] PluginManage:196 - Search for loadable plugins [exclusion list=, ]
2026-02-18 23:44:45,050 [INFO] PluginManage:310 - Check plugin analytics
2026-02-18 23:44:45,196 [INFO] AnalyticsPlugin:253 - Accepted Software Licenses: 
2026-02-18 23:44:45,196 [INFO] AnalyticsPlugin:255 - Accepted CMSIS Pack Licenses: 
2026-02-18 23:44:45,196 [INFO] AnalyticsPlugin:257 - Accepted Firmware Licenses: FW.F4.1.28.0
2026-02-18 23:44:45,198 [INFO] PluginManage:359 - Loaded plugin analytics (category:tool,tabindex:-1)
2026-02-18 23:44:45,198 [INFO] PluginManage:310 - Check plugin cadmodel
2026-02-18 23:44:45,203 [INFO] CADModel:105 - Init CAD model plugin
2026-02-18 23:44:45,203 [INFO] PluginManage:359 - Loaded plugin cadmodel (category:power,tabindex:5)
2026-02-18 23:44:45,203 [INFO] PluginManage:310 - Check plugin clock
2026-02-18 23:44:45,211 [INFO] PluginManage:359 - Loaded plugin clock (category:base,tabindex:2)
2026-02-18 23:44:45,211 [INFO] PluginManage:310 - Check plugin ddr
2026-02-18 23:44:45,213 [INFO] PluginManage:359 - Loaded plugin ddr (category:tool,tabindex:6)
2026-02-18 23:44:45,213 [INFO] PluginManage:310 - Check plugin filemanager
2026-02-18 23:44:45,327 [INFO] PluginManage:359 - Loaded plugin filemanager (category:base,tabindex:10)
2026-02-18 23:44:45,327 [INFO] PluginManage:310 - Check plugin ipmanager
2026-02-18 23:44:45,332 [INFO] PluginManage:359 - Loaded plugin ipmanager (category:base,tabindex:5)
2026-02-18 23:44:45,332 [INFO] PluginManage:310 - Check plugin lpbam
2026-02-18 23:44:45,338 [INFO] PluginManage:359 - Loaded plugin lpbam (category:base,tabindex:0)
2026-02-18 23:44:45,338 [INFO] PluginManage:310 - Check plugin memorymap
2026-02-18 23:44:45,348 [INFO] PluginManage:359 - Loaded plugin memorymap (category:base,tabindex:4)
2026-02-18 23:44:45,348 [INFO] PluginManage:310 - Check plugin pinoutandconfiguration
2026-02-18 23:44:45,354 [INFO] PluginManage:359 - Loaded plugin pinoutandconfiguration (category:base,tabindex:1)
2026-02-18 23:44:45,356 [INFO] PluginManage:310 - Check plugin pinoutconfig
2026-02-18 23:44:45,424 [WARN] SupportedApi:132 - Cannot load RTOS API schema: s4s-elt-must-match.1: The content of 'definitions' must match (annotation?, (simpleType | complexType)?, (unique | key | keyref)*)). A problem was found starting at: attribute.
2026-02-18 23:44:45,533 [INFO] PluginManage:359 - Loaded plugin pinoutconfig (category:base,tabindex:0)
2026-02-18 23:44:45,534 [INFO] PluginManage:310 - Check plugin power
2026-02-18 23:44:45,542 [INFO] PluginManage:359 - Loaded plugin power (category:power,tabindex:4)
2026-02-18 23:44:45,542 [INFO] PluginManage:310 - Check plugin projectmanager
2026-02-18 23:44:45,554 [INFO] PluginManage:359 - Loaded plugin projectmanager (category:projectmanager,tabindex:4)
2026-02-18 23:44:45,554 [INFO] PluginManage:310 - Check plugin rif
2026-02-18 23:44:45,564 [INFO] PluginManage:359 - Loaded plugin rif (category:base,tabindex:3)
2026-02-18 23:44:45,564 [INFO] PluginManage:310 - Check plugin thirdparty
2026-02-18 23:44:45,679 [INFO] PluginManage:359 - Loaded plugin thirdparty (category:base,tabindex:-1)
2026-02-18 23:44:45,679 [WARN] IntegrityCheckThread:84 - waiting for thirdparty lock release [integrity check]
2026-02-18 23:44:45,680 [INFO] PluginManage:310 - Check plugin tools
2026-02-18 23:44:45,680 [INFO] IntegrityCheckThread:86 - entering critical section [integrity check]
2026-02-18 23:44:45,680 [INFO] ThirdPartyUpdaterWithRetryManager:70 - Updater plugin not ready yet. [1/15]
2026-02-18 23:44:45,682 [INFO] PluginManage:359 - Loaded plugin tools (category:base,tabindex:7)
2026-02-18 23:44:45,682 [INFO] PluginManage:310 - Check plugin tutovideos
2026-02-18 23:44:45,862 [INFO] PluginManage:359 - Loaded plugin tutovideos (category:base,tabindex:-1)
2026-02-18 23:44:45,862 [INFO] PluginManage:310 - Check plugin updater
2026-02-18 23:44:45,880 [INFO] PluginManage:359 - Loaded plugin updater (category:base,tabindex:12)
2026-02-18 23:44:45,880 [INFO] PluginManage:310 - Check plugin userauth
2026-02-18 23:44:45,883 [INFO] UserAuth:118 - Init User Auth plugin
2026-02-18 23:44:45,883 [INFO] PluginManage:359 - Loaded plugin userauth (category:base,tabindex:14)
2026-02-18 23:44:45,883 [INFO] PluginManage:283 - PluginManage : Loaded plugins [18]
2026-02-18 23:44:46,042 [INFO] PinOutPanel:1589 - setPackage(No Configuration,No Configuration)
2026-02-18 23:44:46,106 [INFO] CADModel:165 - CPN selected for project level
2026-02-18 23:44:46,106 [INFO] CADModel:114 - Register for checkConnection events
2026-02-18 23:44:46,121 [INFO] IPUIPlugin:80 - create IPUIPlugin
2026-02-18 23:44:46,121 [INFO] PluginManager:220 - loadIPPluginJar : add adc
2026-02-18 23:44:46,123 [INFO] IPUIPlugin:80 - create IPUIPlugin
2026-02-18 23:44:46,124 [INFO] PluginManager:220 - loadIPPluginJar : add aes
2026-02-18 23:44:46,127 [INFO] IPUIPlugin:80 - create IPUIPlugin
2026-02-18 23:44:46,127 [INFO] PluginManager:220 - loadIPPluginJar : add can
2026-02-18 23:44:46,129 [INFO] IPUIPlugin:80 - create IPUIPlugin
2026-02-18 23:44:46,129 [INFO] PluginManager:220 - loadIPPluginJar : add comp
2026-02-18 23:44:46,131 [INFO] IPUIPlugin:80 - create IPUIPlugin
2026-02-18 23:44:46,131 [INFO] PluginManager:220 - loadIPPluginJar : add cryp
2026-02-18 23:44:46,133 [INFO] IPUIPlugin:80 - create IPUIPlugin
2026-02-18 23:44:46,133 [INFO] PluginManager:220 - loadIPPluginJar : add ddr_ctrl_phy
2026-02-18 23:44:46,136 [INFO] IPUIPlugin:80 - create IPUIPlugin
2026-02-18 23:44:46,136 [INFO] PluginManager:220 - loadIPPluginJar : add dfsdm
2026-02-18 23:44:46,140 [INFO] IPUIPlugin:80 - create IPUIPlugin
2026-02-18 23:44:46,142 [INFO] PluginManager:220 - loadIPPluginJar : add dma
2026-02-18 23:44:46,144 [INFO] IPUIPlugin:80 - create IPUIPlugin
2026-02-18 23:44:46,144 [INFO] PluginManager:220 - loadIPPluginJar : add dma3
2026-02-18 23:44:46,146 [INFO] IPUIPlugin:80 - create IPUIPlugin
2026-02-18 23:44:46,146 [INFO] PluginManager:220 - loadIPPluginJar : add extmemmanager
2026-02-18 23:44:46,147 [INFO] IPUIPlugin:80 - create IPUIPlugin
2026-02-18 23:44:46,148 [INFO] PluginManager:220 - loadIPPluginJar : add fatfs
2026-02-18 23:44:46,154 [INFO] IPUIPlugin:80 - create IPUIPlugin
2026-02-18 23:44:46,154 [INFO] PluginManager:220 - loadIPPluginJar : add fmc
2026-02-18 23:44:46,161 [INFO] IPUIPlugin:80 - create IPUIPlugin
2026-02-18 23:44:46,161 [INFO] PluginManager:220 - loadIPPluginJar : add freertos
2026-02-18 23:44:46,162 [INFO] IPUIPlugin:80 - create IPUIPlugin
2026-02-18 23:44:46,162 [INFO] PluginManager:220 - loadIPPluginJar : add genericplugin
2026-02-18 23:44:46,164 [INFO] IPUIPlugin:80 - create IPUIPlugin
2026-02-18 23:44:46,164 [INFO] PluginManager:220 - loadIPPluginJar : add gfxmmu
2026-02-18 23:44:46,168 [INFO] IPUIPlugin:80 - create IPUIPlugin
2026-02-18 23:44:46,168 [INFO] PluginManager:220 - loadIPPluginJar : add gic
2026-02-18 23:44:46,171 [INFO] IPUIPlugin:80 - create IPUIPlugin
2026-02-18 23:44:46,171 [INFO] PluginManager:220 - loadIPPluginJar : add gpio
2026-02-18 23:44:46,174 [INFO] IPUIPlugin:80 - create IPUIPlugin
2026-02-18 23:44:46,174 [INFO] PluginManager:220 - loadIPPluginJar : add gtzc
2026-02-18 23:44:46,176 [INFO] IPUIPlugin:80 - create IPUIPlugin
2026-02-18 23:44:46,176 [INFO] PluginManager:220 - loadIPPluginJar : add hash
2026-02-18 23:44:46,177 [INFO] IPUIPlugin:80 - create IPUIPlugin
2026-02-18 23:44:46,177 [INFO] PluginManager:220 - loadIPPluginJar : add i2c
2026-02-18 23:44:46,180 [INFO] IPUIPlugin:80 - create IPUIPlugin
2026-02-18 23:44:46,180 [INFO] PluginManager:220 - loadIPPluginJar : add i2s
2026-02-18 23:44:46,182 [INFO] IPUIPlugin:80 - create IPUIPlugin
2026-02-18 23:44:46,182 [INFO] PluginManager:220 - loadIPPluginJar : add i3c
2026-02-18 23:44:46,186 [INFO] IPUIPlugin:80 - create IPUIPlugin
2026-02-18 23:44:46,186 [INFO] PluginManager:220 - loadIPPluginJar : add ipddr
2026-02-18 23:44:46,191 [INFO] IPUIPlugin:80 - create IPUIPlugin
2026-02-18 23:44:46,191 [INFO] PluginManager:220 - loadIPPluginJar : add linkedlist
2026-02-18 23:44:46,194 [INFO] IPUIPlugin:80 - create IPUIPlugin
2026-02-18 23:44:46,194 [INFO] PluginManager:220 - loadIPPluginJar : add lorawan
2026-02-18 23:44:46,195 [INFO] IPUIPlugin:80 - create IPUIPlugin
2026-02-18 23:44:46,195 [INFO] PluginManager:220 - loadIPPluginJar : add ltdc
2026-02-18 23:44:46,199 [INFO] IPUIPlugin:80 - create IPUIPlugin
2026-02-18 23:44:46,199 [INFO] PluginManager:220 - loadIPPluginJar : add mdma
2026-02-18 23:44:46,202 [INFO] IPUIPlugin:80 - create IPUIPlugin
2026-02-18 23:44:46,202 [INFO] PluginManager:220 - loadIPPluginJar : add nvic
2026-02-18 23:44:46,204 [INFO] IPUIPlugin:80 - create IPUIPlugin
2026-02-18 23:44:46,204 [INFO] PluginManager:220 - loadIPPluginJar : add opamp
2026-02-18 23:44:46,207 [INFO] IPUIPlugin:80 - create IPUIPlugin
2026-02-18 23:44:46,207 [INFO] PluginManager:220 - loadIPPluginJar : add openamp
2026-02-18 23:44:46,209 [INFO] IPUIPlugin:80 - create IPUIPlugin
2026-02-18 23:44:46,209 [INFO] PluginManager:220 - loadIPPluginJar : add pdm2pcm
2026-02-18 23:44:46,213 [INFO] IPUIPlugin:80 - create IPUIPlugin
2026-02-18 23:44:46,215 [INFO] PluginManager:220 - loadIPPluginJar : add plateformsettings
2026-02-18 23:44:46,216 [INFO] IPUIPlugin:80 - create IPUIPlugin
2026-02-18 23:44:46,217 [INFO] PluginManager:220 - loadIPPluginJar : add quadspi
2026-02-18 23:44:46,218 [INFO] IPUIPlugin:80 - create IPUIPlugin
2026-02-18 23:44:46,218 [INFO] PluginManager:220 - loadIPPluginJar : add radio
2026-02-18 23:44:46,220 [INFO] IPUIPlugin:80 - create IPUIPlugin
2026-02-18 23:44:46,221 [INFO] PluginManager:220 - loadIPPluginJar : add resmgrutility
2026-02-18 23:44:46,223 [INFO] IPUIPlugin:80 - create IPUIPlugin
2026-02-18 23:44:46,223 [INFO] PluginManager:220 - loadIPPluginJar : add sai
2026-02-18 23:44:46,225 [INFO] IPUIPlugin:80 - create IPUIPlugin
2026-02-18 23:44:46,225 [INFO] PluginManager:220 - loadIPPluginJar : add spi
2026-02-18 23:44:46,230 [INFO] IPUIPlugin:80 - create IPUIPlugin
2026-02-18 23:44:46,230 [INFO] PluginManager:220 - loadIPPluginJar : add stm32_wpan
2026-02-18 23:44:46,231 [INFO] IPUIPlugin:80 - create IPUIPlugin
2026-02-18 23:44:46,231 [INFO] PluginManager:220 - loadIPPluginJar : add tim
2026-02-18 23:44:46,233 [INFO] IPUIPlugin:80 - create IPUIPlugin
2026-02-18 23:44:46,233 [INFO] PluginManager:220 - loadIPPluginJar : add touchsensing
2026-02-18 23:44:46,234 [INFO] IPUIPlugin:80 - create IPUIPlugin
2026-02-18 23:44:46,234 [INFO] PluginManager:220 - loadIPPluginJar : add tracer_emb
2026-02-18 23:44:46,237 [INFO] IPUIPlugin:80 - create IPUIPlugin
2026-02-18 23:44:46,237 [INFO] PluginManager:220 - loadIPPluginJar : add ts
2026-02-18 23:44:46,238 [INFO] IPUIPlugin:80 - create IPUIPlugin
2026-02-18 23:44:46,238 [INFO] PluginManager:220 - loadIPPluginJar : add tsc
2026-02-18 23:44:46,240 [INFO] IPUIPlugin:80 - create IPUIPlugin
2026-02-18 23:44:46,240 [INFO] PluginManager:220 - loadIPPluginJar : add ucpd
2026-02-18 23:44:46,242 [INFO] IPUIPlugin:80 - create IPUIPlugin
2026-02-18 23:44:46,242 [INFO] PluginManager:220 - loadIPPluginJar : add usart
2026-02-18 23:44:46,245 [INFO] IPUIPlugin:80 - create IPUIPlugin
2026-02-18 23:44:46,245 [INFO] PluginManager:220 - loadIPPluginJar : add usbx
2026-02-18 23:44:46,361 [FATAL] Updater:351 - Updater called before beeing initialized
2026-02-18 23:44:46,381 [INFO] RulesReader:64 - Compatibility file has been processed (317 Rules)
2026-02-18 23:44:46,390 [INFO] RulesReader:64 - Compatibility file has been processed (317 Rules)
2026-02-18 23:44:46,396 [INFO] CADModel:165 - CPN selected for project level
2026-02-18 23:44:46,396 [INFO] CADModel:114 - Register for checkConnection events
2026-02-18 23:44:46,396 [FATAL] Updater:351 - Updater called before beeing initialized
2026-02-18 23:44:46,396 [ERROR] CADModel:125 - Updater not yet initialized, retry later 
2026-02-18 23:44:46,510 [FATAL] Updater:351 - Updater called before beeing initialized
2026-02-18 23:44:46,512 [INFO] CADModel:165 - CPN selected for project level
2026-02-18 23:44:46,512 [INFO] CADModel:114 - Register for checkConnection events
2026-02-18 23:44:46,512 [FATAL] Updater:351 - Updater called before beeing initialized
2026-02-18 23:44:46,512 [ERROR] CADModel:125 - Updater not yet initialized, retry later 
2026-02-18 23:44:46,514 [FATAL] Updater:351 - Updater called before beeing initialized
2026-02-18 23:44:46,590 [FATAL] Updater:351 - Updater called before beeing initialized
2026-02-18 23:44:46,592 [INFO] DbMcusAds:53 - JSON generation date=Tue Feb 10 21:16:36 KST 2026 (1770725796209)
2026-02-18 23:44:46,592 [FATAL] Updater:351 - Updater called before beeing initialized
2026-02-18 23:44:46,625 [WARN] DetailPanel:346 - Failed to get advertising image, set to default
2026-02-18 23:44:46,690 [FATAL] Updater:351 - Updater called before beeing initialized
2026-02-18 23:44:46,692 [FATAL] Updater:351 - Updater called before beeing initialized
2026-02-18 23:44:46,692 [FATAL] Updater:351 - Updater called before beeing initialized
2026-02-18 23:44:46,692 [WARN] DetailPanel:346 - Failed to get advertising image, set to default
2026-02-18 23:44:46,692 [FATAL] Updater:351 - Updater called before beeing initialized
2026-02-18 23:44:46,728 [ERROR] Updater:1198 - MainUpdater not yet initialized. External WinMGr cannot be set.
2026-02-18 23:44:46,730 [INFO] Updater:1134 - Updater Version found : 6.15.0
2026-02-18 23:44:46,744 [INFO] ApplicationProperties:184 - Using Application install path: C:\ST\STM32CubeIDE_1.19.0\STM32CubeIDE\plugins\com.st.stm32cube.common.mx_6.15.0.202507011659
2026-02-18 23:44:48,318 [ERROR] LogOutputStream:75 - [STDERR_REDIRECT] Feb 18, 2026 11:44:48 PM java.util.prefs.WindowsPreferences <init>
2026-02-18 23:44:48,319 [ERROR] LogOutputStream:75 - [STDERR_REDIRECT] WARNING: Could not open/create prefs root node Software\JavaSoft\Prefs at root 0xffffffff80000002. Windows RegCreateKeyEx(...) returned error code 5.
2026-02-18 23:44:48,319 [ERROR] LogOutputStream:75 - [STDERR_REDIRECT] 
2026-02-18 23:44:48,681 [INFO] ThirdPartyUpdaterWithRetryManager:70 - Updater plugin not ready yet. [2/15]
2026-02-18 23:44:49,121 [INFO] MainUpdater:2872 - connection check result : 10
2026-02-18 23:44:49,122 [INFO] MainUpdater:289 - Updater Check For Update Now.
2026-02-18 23:44:49,122 [INFO] MicroXplorer:498 - Change Database Version : DB.6.0.150
2026-02-18 23:44:49,129 [INFO] McuFinderGlobals:63 - Set McuFinder mode to 2 (CubeIDE integrated)
2026-02-18 23:44:49,130 [INFO] UserAuth:487 - Internet connection configuration mode: 1
2026-02-18 23:44:49,151 [INFO] JxBrowserEngine:152 - Initiate JxBrowser Engine with user profile folder
2026-02-18 23:44:49,286 [INFO] CheckServerUpdateThread:120 - End of CheckServer Thread
2026-02-18 23:44:50,210 [INFO] WebApp:169 - Instantiating new browser for Auth
2026-02-18 23:44:50,921 [INFO] WebApp:463 - Apply proxy settings
2026-02-18 23:44:50,921 [INFO] WebApp:548 - Chromium requires no authentication
2026-02-18 23:44:50,935 [INFO] WebApp:491 - Direct internet connection detected
2026-02-18 23:44:50,969 [INFO] WebApp:900 - Register for checkConnection events
2026-02-18 23:44:50,969 [INFO] WebApp:463 - Apply proxy settings
2026-02-18 23:44:50,970 [INFO] WebApp:548 - Chromium requires no authentication
2026-02-18 23:44:50,970 [INFO] WebApp:491 - Direct internet connection detected
2026-02-18 23:44:51,167 [INFO] WebApp:225 - Starting web application
2026-02-18 23:44:51,167 [INFO] WebApp:593 - Web application path used C:\ST\STM32CubeIDE_1.19.0\STM32CubeIDE\plugins\com.st.stm32cube.common.mx_6.15.0.202507011659\db\plugins\mcufinder\reactClient1\index.html
2026-02-18 23:44:51,249 [INFO] UserAuth:487 - Internet connection configuration mode: 1
2026-02-18 23:44:51,535 [ERROR] LogOutputStream:75 - [STDERR_REDIRECT] [Fatal Error] :1:1: Premature end of file.
2026-02-18 23:44:51,535 [ERROR] LogOutputStream:75 - [STDERR_REDIRECT] 
2026-02-18 23:44:51,559 [INFO] WebApp:191 - Connection restablished
2026-02-18 23:44:51,897 [WARN] PackLoader:240 - Cannot read IP mode file for STMicroelectronics.FP-SNS-MOTENVWB1.1.4.0
2026-02-18 23:44:51,906 [WARN] PackLoader:240 - Cannot read IP mode file for STMicroelectronics.FP-ATR-ASTRA1.2.0.2
2026-02-18 23:44:51,913 [WARN] PackLoader:240 - Cannot read IP mode file for STMicroelectronics.X-CUBE-SMBUS.2.1.0
2026-02-18 23:44:51,951 [WARN] PackLoader:240 - Cannot read IP mode file for STMicroelectronics.X-CUBE-AZRTOS-F7.1.1.0
2026-02-18 23:44:51,961 [WARN] PackLoader:240 - Cannot read IP mode file for STMicroelectronics.FP-SNS-MOTENV1.5.1.0
2026-02-18 23:44:51,973 [WARN] PackLoader:240 - Cannot read IP mode file for WES.I-CUBE-Cesium.1.4.0
2026-02-18 23:44:52,001 [WARN] PackLoader:240 - Cannot read IP mode file for STMicroelectronics.X-CUBE-AZRTOS-H7.3.4.0
2026-02-18 23:44:52,014 [WARN] PackLoader:240 - Cannot read IP mode file for STMicroelectronics.X-CUBE-DISPLAY.3.0.0
2026-02-18 23:44:52,029 [WARN] PackLoader:240 - Cannot read IP mode file for STMicroelectronics.X-CUBE-NFC10.1.0.0
2026-02-18 23:44:52,037 [WARN] PackLoader:240 - Cannot read IP mode file for STMicroelectronics.X-CUBE-ST60.1.1.0
2026-02-18 23:44:52,042 [WARN] PackLoader:240 - Cannot read IP mode file for emotas.I-CUBE-CANOPEN.1.3.0
2026-02-18 23:44:52,049 [WARN] PackLoader:240 - Cannot read IP mode file for STMicroelectronics.X-CUBE-GNSS1.7.1.0
2026-02-18 23:44:52,057 [WARN] PackLoader:240 - Cannot read IP mode file for STMicroelectronics.FP-SNS-STBOX1.2.1.0
2026-02-18 23:44:52,065 [WARN] PackLoader:240 - Cannot read IP mode file for STMicroelectronics.FP-SNS-SMARTAG2.1.2.0
2026-02-18 23:44:52,068 [WARN] PackLoader:240 - Cannot read IP mode file for STMicroelectronics.FP-SNS-FLIGHT1.5.1.0
2026-02-18 23:44:52,076 [INFO] LogOutputStream:77 - [STDOUT_REDIRECT] 1 : Invalid condition id : UX_CORESTACK_Condition cause : null
2026-02-18 23:44:52,077 [INFO] LogOutputStream:77 - [STDOUT_REDIRECT] 1 : Invalid condition id : UX_CORESTACK_Condition cause : null
2026-02-18 23:44:52,078 [INFO] LogOutputStream:77 - [STDOUT_REDIRECT] 1 : Invalid condition id : UX_CORESTACK_Condition cause : null
2026-02-18 23:44:52,079 [INFO] LogOutputStream:77 - [STDOUT_REDIRECT] 1 : Invalid condition id : UX_CORESTACK_Condition cause : null
2026-02-18 23:44:52,079 [INFO] LogOutputStream:77 - [STDOUT_REDIRECT] 1 : Invalid condition id : UX_CORESTACK_Condition cause : null
2026-02-18 23:44:52,082 [WARN] PackLoader:240 - Cannot read IP mode file for STMicroelectronics.X-CUBE-AZRTOS-WL.2.0.0
2026-02-18 23:44:52,113 [WARN] PackLoader:240 - Cannot read IP mode file for STMicroelectronics.X-CUBE-AZRTOS-H7RS.1.2.0
2026-02-18 23:44:52,123 [WARN] PackLoader:240 - Cannot read IP mode file for STMicroelectronics.X-CUBE-BLE2.3.3.0
2026-02-18 23:44:52,165 [WARN] PackLoader:240 - Cannot read IP mode file for Infineon.AIROC-Wi-Fi-Bluetooth-STM32.1.8.0
2026-02-18 23:44:52,195 [WARN] PackLoader:240 - Cannot read IP mode file for STMicroelectronics.X-CUBE-NFC9.1.0.0
2026-02-18 23:44:52,203 [WARN] PackLoader:240 - Cannot read IP mode file for STMicroelectronics.X-CUBE-BLE1.7.1.0
2026-02-18 23:44:52,211 [WARN] PackLoader:240 - Cannot read IP mode file for wolfSSL.I-CUBE-wolfMQTT.1.19.2
2026-02-18 23:44:52,217 [WARN] PackLoader:240 - Cannot read IP mode file for STMicroelectronics.X-CUBE-FREERTOS.1.4.0
2026-02-18 23:44:52,224 [WARN] PackLoader:240 - Cannot read IP mode file for STMicroelectronics.X-CUBE-EEPRMA1.5.2.0
2026-02-18 23:44:52,231 [WARN] PackLoader:240 - Cannot read IP mode file for wolfSSL.I-CUBE-wolfSSL.5.8.4
2026-02-18 23:44:52,234 [WARN] PackLoader:240 - Cannot read IP mode file for Cesanta.I-CUBE-Mongoose.7.20.0
2026-02-18 23:44:52,271 [WARN] PackLoader:240 - Cannot read IP mode file for STMicroelectronics.X-CUBE-MEMS1.12.0.0
2026-02-18 23:44:52,314 [ERROR] LogOutputStream:75 - [STDERR_REDIRECT] [Fatal Error] :1:1: Premature end of file.
2026-02-18 23:44:52,314 [ERROR] LogOutputStream:75 - [STDERR_REDIRECT] 
2026-02-18 23:44:52,373 [WARN] PackLoader:240 - Cannot read IP mode file for STMicroelectronics.X-CUBE-AZRTOS-G0.1.1.0
2026-02-18 23:44:52,380 [WARN] PackLoader:240 - Cannot read IP mode file for STMicroelectronics.X-CUBE-NFC4.3.0.0
2026-02-18 23:44:52,387 [WARN] PackLoader:240 - Cannot read IP mode file for EmbeddedOffice.I-CUBE-FS-RTOS.1.0.1
2026-02-18 23:44:52,391 [WARN] PackLoader:240 - Cannot read IP mode file for STMicroelectronics.X-CUBE-WB05N.2.0.0
2026-02-18 23:44:52,396 [WARN] PackLoader:240 - Cannot read IP mode file for wolfSSL.I-CUBE-wolfTPM.3.8.0
2026-02-18 23:44:52,400 [WARN] PackLoader:240 - Cannot read IP mode file for STMicroelectronics.X-CUBE-TCPP.4.2.0
2026-02-18 23:44:52,405 [WARN] PackLoader:240 - Cannot read IP mode file for RealThread.X-CUBE-RT-Thread_Nano.4.1.1
2026-02-18 23:44:52,408 [WARN] PackLoader:240 - Cannot read IP mode file for STMicroelectronics.FP-ATR-SIGFOX1.3.2.0
2026-02-18 23:44:52,413 [WARN] PackLoader:240 - Cannot read IP mode file for ITTIA_DB.I-CUBE-ITTIADB.8.9.0
2026-02-18 23:44:52,420 [WARN] PackLoader:240 - Cannot read IP mode file for STMicroelectronics.X-CUBE-NFC6.3.2.0
2026-02-18 23:44:52,424 [WARN] PackLoader:240 - Cannot read IP mode file for STMicroelectronics.X-CUBE-AI.10.2.0
2026-02-18 23:44:52,449 [WARN] PackLoader:240 - Cannot read IP mode file for SEGGER.I-CUBE-embOS.1.3.1
2026-02-18 23:44:52,484 [WARN] PackLoader:240 - Cannot read IP mode file for STMicroelectronics.X-CUBE-ALGOBUILD.1.4.0
2026-02-18 23:44:52,487 [WARN] PackLoader:240 - Cannot read IP mode file for STMicroelectronics.X-CUBE-PM33A1.1.0.0
2026-02-18 23:44:52,499 [WARN] PackLoader:240 - Cannot read IP mode file for STMicroelectronics.X-CUBE-AZRTOS-F4.1.1.0
2026-02-18 23:44:52,504 [WARN] PackLoader:240 - Cannot read IP mode file for STMicroelectronics.X-CUBE-ISPU.2.1.0
2026-02-18 23:44:52,524 [WARN] PackLoader:240 - Cannot read IP mode file for STMicroelectronics.X-CUBE-IPS.3.2.0
2026-02-18 23:44:52,535 [WARN] PackLoader:240 - Cannot read IP mode file for STMicroelectronics.X-CUBE-NFC12.1.0.0
2026-02-18 23:44:52,549 [WARN] PackLoader:240 - Cannot read IP mode file for STMicroelectronics.X-CUBE-AZRTOS-L5.2.0.0
2026-02-18 23:44:52,555 [WARN] PackLoader:240 - Cannot read IP mode file for STMicroelectronics.X-CUBE-TOUCHGFX.4.26.0
2026-02-18 23:44:52,558 [WARN] PackLoader:240 - Cannot read IP mode file for STMicroelectronics.FP-SNS-STAIOTCFT.1.0.0
2026-02-18 23:44:52,563 [WARN] PackLoader:240 - Cannot read IP mode file for STMicroelectronics.X-CUBE-DPower.1.3.0
2026-02-18 23:44:52,575 [WARN] ConditionMgr:438 - getConditionDescription Invalid condition id : LAN8742 Phy interface Condition cause : null
2026-02-18 23:44:52,575 [WARN] PackLoader:240 - Cannot read IP mode file for STMicroelectronics.X-CUBE-AZRTOS-L4.2.0.0
2026-02-18 23:44:52,576 [WARN] ConditionMgr:1044 - genDependencies : Invalid condition id : LAN8742 Phy interface Condition cause : null
2026-02-18 23:44:52,577 [WARN] ConditionMgr:1044 - genDependencies : Invalid condition id : LAN8742 Phy interface Condition cause : null
2026-02-18 23:44:52,578 [WARN] ConditionMgr:1044 - genDependencies : Invalid condition id : LAN8742 Phy interface Condition cause : null
2026-02-18 23:44:52,583 [WARN] PackLoader:240 - Cannot read IP mode file for STMicroelectronics.X-CUBE-SFXS2LP1.4.0.0
2026-02-18 23:44:52,589 [WARN] PackLoader:240 - Cannot read IP mode file for STMicroelectronics.X-CUBE-ST67W61.1.2.0
2026-02-18 23:44:52,599 [WARN] PackLoader:240 - Cannot read IP mode file for STMicroelectronics.X-CUBE-BLEMGR.4.1.0
2026-02-18 23:44:52,610 [WARN] ConditionMgr:438 - getConditionDescription Invalid condition id : UX DEVICE CLASS RTOS Condition cause : null
2026-02-18 23:44:52,610 [WARN] ConditionMgr:438 - getConditionDescription Invalid condition id : UX DEVICE CLASS RTOS Condition cause : null
2026-02-18 23:44:52,613 [WARN] PackLoader:240 - Cannot read IP mode file for STMicroelectronics.X-CUBE-AZRTOS-WB.2.0.0
2026-02-18 23:44:52,613 [WARN] ConditionMgr:1044 - genDependencies : Invalid condition id : UX DEVICE CLASS RTOS Condition cause : null
2026-02-18 23:44:52,613 [WARN] ConditionMgr:1044 - genDependencies : Invalid condition id : UX DEVICE CLASS RTOS Condition cause : null
2026-02-18 23:44:52,613 [WARN] ConditionMgr:1044 - genDependencies : Invalid condition id : UX DEVICE CLASS RTOS Condition cause : null
2026-02-18 23:44:52,613 [WARN] ConditionMgr:1044 - genDependencies : Invalid condition id : UX DEVICE CLASS RTOS Condition cause : null
2026-02-18 23:44:52,614 [WARN] ConditionMgr:1044 - genDependencies : Invalid condition id : UX DEVICE CLASS RTOS Condition cause : null
2026-02-18 23:44:52,617 [WARN] ConditionMgr:438 - getConditionDescription Invalid condition id : Cortex-A Device cause : null
2026-02-18 23:44:52,622 [WARN] ConditionMgr:1044 - genDependencies : Invalid condition id : Cortex-A Device cause : null
2026-02-18 23:44:52,622 [WARN] ConditionMgr:1044 - genDependencies : Invalid condition id : Cortex-A Device cause : null
2026-02-18 23:44:52,623 [WARN] ConditionMgr:1044 - genDependencies : Invalid condition id : Cortex-A Device cause : null
2026-02-18 23:44:52,628 [WARN] PackLoader:240 - Cannot read IP mode file for STMicroelectronics.X-CUBE-STSE01.2.0.0
2026-02-18 23:44:52,635 [WARN] PackLoader:240 - Cannot read IP mode file for STMicroelectronics.X-CUBE-SUBG2.5.0.0
2026-02-18 23:44:52,648 [WARN] PackLoader:240 - Cannot read IP mode file for STMicroelectronics.X-CUBE-AZRTOS-G4.2.0.0
2026-02-18 23:44:52,653 [WARN] PackLoader:240 - Cannot read IP mode file for wolfSSL.I-CUBE-wolfSSH.1.4.20
2026-02-18 23:44:52,656 [WARN] PackLoader:240 - Cannot read IP mode file for STMicroelectronics.X-CUBE-NFC7.2.0.0
2026-02-18 23:44:52,660 [WARN] PackLoader:240 - Cannot read IP mode file for STMicroelectronics.X-CUBE-ALS.1.0.2
2026-02-18 23:44:52,668 [WARN] PackLoader:240 - Cannot read IP mode file for STMicroelectronics.X-CUBE-TOF1.3.4.3
2026-02-18 23:44:52,675 [INFO] ThirdParty:978 - Integrity check success = true
2026-02-18 23:44:52,675 [INFO] IntegrityCheckThread:100 - exiting critical section [integrity check]
2026-02-18 23:44:52,675 [INFO] IntegrityCheckThread:103 - End integrity checks thread
2026-02-18 23:44:53,308 [ERROR] LogOutputStream:75 - [STDERR_REDIRECT] [Fatal Error] :1:1: Premature end of file.
2026-02-18 23:44:53,308 [ERROR] LogOutputStream:75 - [STDERR_REDIRECT] 
2026-02-18 23:44:54,307 [ERROR] LogOutputStream:75 - [STDERR_REDIRECT] [Fatal Error] :1:1: Premature end of file.
2026-02-18 23:44:54,307 [ERROR] LogOutputStream:75 - [STDERR_REDIRECT] 
2026-02-18 23:44:55,308 [ERROR] LogOutputStream:75 - [STDERR_REDIRECT] [Fatal Error] :1:1: Premature end of file.
2026-02-18 23:44:55,308 [ERROR] LogOutputStream:75 - [STDERR_REDIRECT] 
2026-02-18 23:44:56,310 [ERROR] LogOutputStream:75 - [STDERR_REDIRECT] [Fatal Error] :1:1: Premature end of file.
2026-02-18 23:44:56,310 [ERROR] LogOutputStream:75 - [STDERR_REDIRECT] 
2026-02-18 23:44:57,323 [ERROR] LogOutputStream:75 - [STDERR_REDIRECT] [Fatal Error] :1:1: Premature end of file.
2026-02-18 23:44:57,323 [ERROR] LogOutputStream:75 - [STDERR_REDIRECT] 
2026-02-18 23:44:58,320 [ERROR] LogOutputStream:75 - [STDERR_REDIRECT] [Fatal Error] :1:1: Premature end of file.
2026-02-18 23:44:58,320 [ERROR] LogOutputStream:75 - [STDERR_REDIRECT] 
2026-02-18 23:44:59,318 [ERROR] LogOutputStream:75 - [STDERR_REDIRECT] [Fatal Error] :1:1: Premature end of file.
2026-02-18 23:44:59,318 [ERROR] LogOutputStream:75 - [STDERR_REDIRECT] 
2026-02-18 23:45:00,307 [ERROR] LogOutputStream:75 - [STDERR_REDIRECT] [Fatal Error] :1:1: Premature end of file.
2026-02-18 23:45:00,307 [ERROR] LogOutputStream:75 - [STDERR_REDIRECT] 
2026-02-18 23:45:01,317 [ERROR] LogOutputStream:75 - [STDERR_REDIRECT] [Fatal Error] :1:1: Premature end of file.
2026-02-18 23:45:01,317 [ERROR] LogOutputStream:75 - [STDERR_REDIRECT] 
2026-02-18 23:45:02,318 [ERROR] LogOutputStream:75 - [STDERR_REDIRECT] [Fatal Error] :1:1: Premature end of file.
2026-02-18 23:45:02,318 [ERROR] LogOutputStream:75 - [STDERR_REDIRECT] 
2026-02-18 23:45:03,320 [ERROR] LogOutputStream:75 - [STDERR_REDIRECT] [Fatal Error] :1:1: Premature end of file.
2026-02-18 23:45:03,320 [ERROR] LogOutputStream:75 - [STDERR_REDIRECT] 
2026-02-18 23:45:04,318 [ERROR] LogOutputStream:75 - [STDERR_REDIRECT] [Fatal Error] :1:1: Premature end of file.
2026-02-18 23:45:04,318 [ERROR] LogOutputStream:75 - [STDERR_REDIRECT] 
2026-02-18 23:45:05,324 [ERROR] LogOutputStream:75 - [STDERR_REDIRECT] [Fatal Error] :1:1: Premature end of file.
2026-02-18 23:45:05,324 [ERROR] LogOutputStream:75 - [STDERR_REDIRECT] 
2026-02-18 23:45:06,320 [ERROR] LogOutputStream:75 - [STDERR_REDIRECT] [Fatal Error] :1:1: Premature end of file.
2026-02-18 23:45:06,320 [ERROR] LogOutputStream:75 - [STDERR_REDIRECT] 
2026-02-18 23:45:07,326 [ERROR] LogOutputStream:75 - [STDERR_REDIRECT] [Fatal Error] :1:1: Premature end of file.
2026-02-18 23:45:07,327 [ERROR] LogOutputStream:75 - [STDERR_REDIRECT] 
2026-02-18 23:45:08,312 [ERROR] LogOutputStream:75 - [STDERR_REDIRECT] [Fatal Error] :1:1: Premature end of file.
2026-02-18 23:45:08,312 [ERROR] LogOutputStream:75 - [STDERR_REDIRECT] 
2026-02-18 23:45:09,307 [ERROR] LogOutputStream:75 - [STDERR_REDIRECT] [Fatal Error] :1:1: Premature end of file.
2026-02-18 23:45:09,307 [ERROR] LogOutputStream:75 - [STDERR_REDIRECT] 
2026-02-18 23:45:10,306 [ERROR] LogOutputStream:75 - [STDERR_REDIRECT] [Fatal Error] :1:1: Premature end of file.
2026-02-18 23:45:10,306 [ERROR] LogOutputStream:75 - [STDERR_REDIRECT] 
2026-02-18 23:45:11,327 [ERROR] LogOutputStream:75 - [STDERR_REDIRECT] [Fatal Error] :1:1: Premature end of file.
2026-02-18 23:45:11,327 [ERROR] LogOutputStream:75 - [STDERR_REDIRECT] 
2026-02-18 23:45:12,309 [ERROR] LogOutputStream:75 - [STDERR_REDIRECT] [Fatal Error] :1:1: Premature end of file.
2026-02-18 23:45:12,309 [ERROR] LogOutputStream:75 - [STDERR_REDIRECT] 
2026-02-18 23:45:13,308 [ERROR] LogOutputStream:75 - [STDERR_REDIRECT] [Fatal Error] :1:1: Premature end of file.
2026-02-18 23:45:13,308 [ERROR] LogOutputStream:75 - [STDERR_REDIRECT] 
2026-02-18 23:45:14,316 [ERROR] LogOutputStream:75 - [STDERR_REDIRECT] [Fatal Error] :1:1: Premature end of file.
2026-02-18 23:45:14,316 [ERROR] LogOutputStream:75 - [STDERR_REDIRECT] 
2026-02-18 23:45:15,309 [ERROR] LogOutputStream:75 - [STDERR_REDIRECT] [Fatal Error] :1:1: Premature end of file.
2026-02-18 23:45:15,309 [ERROR] LogOutputStream:75 - [STDERR_REDIRECT] 
2026-02-18 23:45:16,315 [ERROR] LogOutputStream:75 - [STDERR_REDIRECT] [Fatal Error] :1:1: Premature end of file.
2026-02-18 23:45:16,315 [ERROR] LogOutputStream:75 - [STDERR_REDIRECT] 
2026-02-18 23:45:17,313 [ERROR] LogOutputStream:75 - [STDERR_REDIRECT] [Fatal Error] :1:1: Premature end of file.
2026-02-18 23:45:17,313 [ERROR] LogOutputStream:75 - [STDERR_REDIRECT] 
2026-02-18 23:45:18,320 [ERROR] LogOutputStream:75 - [STDERR_REDIRECT] [Fatal Error] :1:1: Premature end of file.
2026-02-18 23:45:18,320 [ERROR] LogOutputStream:75 - [STDERR_REDIRECT] 
2026-02-18 23:45:19,309 [ERROR] LogOutputStream:75 - [STDERR_REDIRECT] [Fatal Error] :1:1: Premature end of file.
2026-02-18 23:45:19,309 [ERROR] LogOutputStream:75 - [STDERR_REDIRECT] 
2026-02-18 23:45:20,313 [ERROR] LogOutputStream:75 - [STDERR_REDIRECT] [Fatal Error] :1:1: Premature end of file.
2026-02-18 23:45:20,313 [ERROR] LogOutputStream:75 - [STDERR_REDIRECT] 
2026-02-18 23:45:21,312 [ERROR] LogOutputStream:75 - [STDERR_REDIRECT] [Fatal Error] :1:1: Premature end of file.
2026-02-18 23:45:21,313 [ERROR] LogOutputStream:75 - [STDERR_REDIRECT] 
2026-02-18 23:45:22,309 [ERROR] LogOutputStream:75 - [STDERR_REDIRECT] [Fatal Error] :1:1: Premature end of file.
2026-02-18 23:45:22,309 [ERROR] LogOutputStream:75 - [STDERR_REDIRECT] 
2026-02-18 23:45:23,307 [ERROR] LogOutputStream:75 - [STDERR_REDIRECT] [Fatal Error] :1:1: Premature end of file.
2026-02-18 23:45:23,307 [ERROR] LogOutputStream:75 - [STDERR_REDIRECT] 
2026-02-18 23:45:24,317 [ERROR] LogOutputStream:75 - [STDERR_REDIRECT] [Fatal Error] :1:1: Premature end of file.
2026-02-18 23:45:24,317 [ERROR] LogOutputStream:75 - [STDERR_REDIRECT] 
2026-02-18 23:45:25,307 [ERROR] LogOutputStream:75 - [STDERR_REDIRECT] [Fatal Error] :1:1: Premature end of file.
2026-02-18 23:45:25,308 [ERROR] LogOutputStream:75 - [STDERR_REDIRECT] 
2026-02-18 23:45:26,307 [ERROR] LogOutputStream:75 - [STDERR_REDIRECT] [Fatal Error] :1:1: Premature end of file.
2026-02-18 23:45:26,309 [ERROR] LogOutputStream:75 - [STDERR_REDIRECT] 
2026-02-18 23:45:27,309 [ERROR] LogOutputStream:75 - [STDERR_REDIRECT] [Fatal Error] :1:1: Premature end of file.
2026-02-18 23:45:27,309 [ERROR] LogOutputStream:75 - [STDERR_REDIRECT] 
2026-02-18 23:45:28,318 [ERROR] LogOutputStream:75 - [STDERR_REDIRECT] [Fatal Error] :1:1: Premature end of file.
2026-02-18 23:45:28,318 [ERROR] LogOutputStream:75 - [STDERR_REDIRECT] 
2026-02-18 23:45:29,307 [ERROR] LogOutputStream:75 - [STDERR_REDIRECT] [Fatal Error] :1:1: Premature end of file.
2026-02-18 23:45:29,307 [ERROR] LogOutputStream:75 - [STDERR_REDIRECT] 
2026-02-18 23:45:30,307 [ERROR] LogOutputStream:75 - [STDERR_REDIRECT] [Fatal Error] :1:1: Premature end of file.
2026-02-18 23:45:30,307 [ERROR] LogOutputStream:75 - [STDERR_REDIRECT] 
2026-02-18 23:45:31,322 [ERROR] LogOutputStream:75 - [STDERR_REDIRECT] [Fatal Error] :1:1: Premature end of file.
2026-02-18 23:45:31,322 [ERROR] LogOutputStream:75 - [STDERR_REDIRECT] 
2026-02-18 23:45:32,316 [ERROR] LogOutputStream:75 - [STDERR_REDIRECT] [Fatal Error] :1:1: Premature end of file.
2026-02-18 23:45:32,316 [ERROR] LogOutputStream:75 - [STDERR_REDIRECT] 
2026-02-18 23:45:33,308 [ERROR] LogOutputStream:75 - [STDERR_REDIRECT] [Fatal Error] :1:1: Premature end of file.
2026-02-18 23:45:33,310 [ERROR] LogOutputStream:75 - [STDERR_REDIRECT] 
2026-02-18 23:45:34,306 [ERROR] LogOutputStream:75 - [STDERR_REDIRECT] [Fatal Error] :1:1: Premature end of file.
2026-02-18 23:45:34,306 [ERROR] LogOutputStream:75 - [STDERR_REDIRECT] 
2026-02-18 23:45:35,324 [ERROR] LogOutputStream:75 - [STDERR_REDIRECT] [Fatal Error] :1:1: Premature end of file.
2026-02-18 23:45:35,325 [ERROR] LogOutputStream:75 - [STDERR_REDIRECT] 
2026-02-18 23:45:36,317 [ERROR] LogOutputStream:75 - [STDERR_REDIRECT] [Fatal Error] :1:1: Premature end of file.
2026-02-18 23:45:36,317 [ERROR] LogOutputStream:75 - [STDERR_REDIRECT] 
2026-02-18 23:45:37,327 [ERROR] LogOutputStream:75 - [STDERR_REDIRECT] [Fatal Error] :1:1: Premature end of file.
2026-02-18 23:45:37,328 [ERROR] LogOutputStream:75 - [STDERR_REDIRECT] 
2026-02-18 23:45:38,307 [ERROR] LogOutputStream:75 - [STDERR_REDIRECT] [Fatal Error] :1:1: Premature end of file.
2026-02-18 23:45:38,307 [ERROR] LogOutputStream:75 - [STDERR_REDIRECT] 
2026-02-18 23:45:39,325 [ERROR] LogOutputStream:75 - [STDERR_REDIRECT] [Fatal Error] :1:1: Premature end of file.
2026-02-18 23:45:39,325 [ERROR] LogOutputStream:75 - [STDERR_REDIRECT] 
2026-02-18 23:45:40,317 [ERROR] LogOutputStream:75 - [STDERR_REDIRECT] [Fatal Error] :1:1: Premature end of file.
2026-02-18 23:45:40,317 [ERROR] LogOutputStream:75 - [STDERR_REDIRECT] 
2026-02-18 23:45:41,310 [ERROR] LogOutputStream:75 - [STDERR_REDIRECT] [Fatal Error] :1:1: Premature end of file.
2026-02-18 23:45:41,310 [ERROR] LogOutputStream:75 - [STDERR_REDIRECT] 
2026-02-18 23:45:42,312 [ERROR] LogOutputStream:75 - [STDERR_REDIRECT] [Fatal Error] :1:1: Premature end of file.
2026-02-18 23:45:42,312 [ERROR] LogOutputStream:75 - [STDERR_REDIRECT] 
2026-02-18 23:45:43,307 [ERROR] LogOutputStream:75 - [STDERR_REDIRECT] [Fatal Error] :1:1: Premature end of file.
2026-02-18 23:45:43,307 [ERROR] LogOutputStream:75 - [STDERR_REDIRECT] 
2026-02-18 23:45:44,311 [ERROR] LogOutputStream:75 - [STDERR_REDIRECT] [Fatal Error] :1:1: Premature end of file.
2026-02-18 23:45:44,311 [ERROR] LogOutputStream:75 - [STDERR_REDIRECT] 
2026-02-18 23:45:45,313 [ERROR] LogOutputStream:75 - [STDERR_REDIRECT] [Fatal Error] :1:1: Premature end of file.
2026-02-18 23:45:45,315 [ERROR] LogOutputStream:75 - [STDERR_REDIRECT] 
2026-02-18 23:45:46,318 [ERROR] LogOutputStream:75 - [STDERR_REDIRECT] [Fatal Error] :1:1: Premature end of file.
2026-02-18 23:45:46,319 [ERROR] LogOutputStream:75 - [STDERR_REDIRECT] 
2026-02-18 23:45:47,307 [ERROR] LogOutputStream:75 - [STDERR_REDIRECT] [Fatal Error] :1:1: Premature end of file.
2026-02-18 23:45:47,307 [ERROR] LogOutputStream:75 - [STDERR_REDIRECT] 
2026-02-18 23:45:48,308 [ERROR] LogOutputStream:75 - [STDERR_REDIRECT] [Fatal Error] :1:1: Premature end of file.
2026-02-18 23:45:48,308 [ERROR] LogOutputStream:75 - [STDERR_REDIRECT] 
2026-02-18 23:45:49,306 [ERROR] LogOutputStream:75 - [STDERR_REDIRECT] [Fatal Error] :1:1: Premature end of file.
2026-02-18 23:45:49,306 [ERROR] LogOutputStream:75 - [STDERR_REDIRECT] 
2026-02-18 23:45:50,315 [ERROR] LogOutputStream:75 - [STDERR_REDIRECT] [Fatal Error] :1:1: Premature end of file.
2026-02-18 23:45:50,315 [ERROR] LogOutputStream:75 - [STDERR_REDIRECT] 
2026-02-18 23:45:51,316 [ERROR] LogOutputStream:75 - [STDERR_REDIRECT] [Fatal Error] :1:1: Premature end of file.
2026-02-18 23:45:51,316 [ERROR] LogOutputStream:75 - [STDERR_REDIRECT] 
2026-02-18 23:45:52,322 [ERROR] LogOutputStream:75 - [STDERR_REDIRECT] [Fatal Error] :1:1: Premature end of file.
2026-02-18 23:45:52,322 [ERROR] LogOutputStream:75 - [STDERR_REDIRECT] 
2026-02-18 23:45:53,308 [ERROR] LogOutputStream:75 - [STDERR_REDIRECT] [Fatal Error] :1:1: Premature end of file.
2026-02-18 23:45:53,308 [ERROR] LogOutputStream:75 - [STDERR_REDIRECT] 
2026-02-18 23:45:54,321 [ERROR] LogOutputStream:75 - [STDERR_REDIRECT] [Fatal Error] :1:1: Premature end of file.
2026-02-18 23:45:54,321 [ERROR] LogOutputStream:75 - [STDERR_REDIRECT] 
2026-02-18 23:45:55,309 [ERROR] LogOutputStream:75 - [STDERR_REDIRECT] [Fatal Error] :1:1: Premature end of file.
2026-02-18 23:45:55,310 [ERROR] LogOutputStream:75 - [STDERR_REDIRECT] 
2026-02-18 23:45:56,315 [ERROR] LogOutputStream:75 - [STDERR_REDIRECT] [Fatal Error] :1:1: Premature end of file.
2026-02-18 23:45:56,315 [ERROR] LogOutputStream:75 - [STDERR_REDIRECT] 
2026-02-18 23:45:57,313 [ERROR] LogOutputStream:75 - [STDERR_REDIRECT] [Fatal Error] :1:1: Premature end of file.
2026-02-18 23:45:57,313 [ERROR] LogOutputStream:75 - [STDERR_REDIRECT] 
2026-02-18 23:45:58,326 [ERROR] LogOutputStream:75 - [STDERR_REDIRECT] [Fatal Error] :1:1: Premature end of file.
2026-02-18 23:45:58,326 [ERROR] LogOutputStream:75 - [STDERR_REDIRECT] 
2026-02-18 23:45:59,308 [ERROR] LogOutputStream:75 - [STDERR_REDIRECT] [Fatal Error] :1:1: Premature end of file.
2026-02-18 23:45:59,308 [ERROR] LogOutputStream:75 - [STDERR_REDIRECT] 
2026-02-18 23:46:00,316 [ERROR] LogOutputStream:75 - [STDERR_REDIRECT] [Fatal Error] :1:1: Premature end of file.
2026-02-18 23:46:00,317 [ERROR] LogOutputStream:75 - [STDERR_REDIRECT] 
2026-02-18 23:46:01,308 [ERROR] LogOutputStream:75 - [STDERR_REDIRECT] [Fatal Error] :1:1: Premature end of file.
2026-02-18 23:46:01,308 [ERROR] LogOutputStream:75 - [STDERR_REDIRECT] 
2026-02-18 23:46:02,307 [ERROR] LogOutputStream:75 - [STDERR_REDIRECT] [Fatal Error] :1:1: Premature end of file.
2026-02-18 23:46:02,307 [ERROR] LogOutputStream:75 - [STDERR_REDIRECT] 
2026-02-18 23:46:03,308 [ERROR] LogOutputStream:75 - [STDERR_REDIRECT] [Fatal Error] :1:1: Premature end of file.
2026-02-18 23:46:03,309 [ERROR] LogOutputStream:75 - [STDERR_REDIRECT] 
2026-02-18 23:46:04,310 [ERROR] LogOutputStream:75 - [STDERR_REDIRECT] [Fatal Error] :1:1: Premature end of file.
2026-02-18 23:46:04,310 [ERROR] LogOutputStream:75 - [STDERR_REDIRECT] 
2026-02-18 23:46:05,320 [ERROR] LogOutputStream:75 - [STDERR_REDIRECT] [Fatal Error] :1:1: Premature end of file.
2026-02-18 23:46:05,320 [ERROR] LogOutputStream:75 - [STDERR_REDIRECT] 
2026-02-18 23:46:06,307 [ERROR] LogOutputStream:75 - [STDERR_REDIRECT] [Fatal Error] :1:1: Premature end of file.
2026-02-18 23:46:06,307 [ERROR] LogOutputStream:75 - [STDERR_REDIRECT] 
2026-02-18 23:46:07,315 [ERROR] LogOutputStream:75 - [STDERR_REDIRECT] [Fatal Error] :1:1: Premature end of file.
2026-02-18 23:46:07,315 [ERROR] LogOutputStream:75 - [STDERR_REDIRECT] 
2026-02-18 23:46:08,308 [ERROR] LogOutputStream:75 - [STDERR_REDIRECT] [Fatal Error] :1:1: Premature end of file.
2026-02-18 23:46:08,308 [ERROR] LogOutputStream:75 - [STDERR_REDIRECT] 
2026-02-18 23:46:09,320 [ERROR] LogOutputStream:75 - [STDERR_REDIRECT] [Fatal Error] :1:1: Premature end of file.
2026-02-18 23:46:09,320 [ERROR] LogOutputStream:75 - [STDERR_REDIRECT] 
2026-02-18 23:46:10,320 [ERROR] LogOutputStream:75 - [STDERR_REDIRECT] [Fatal Error] :1:1: Premature end of file.
2026-02-18 23:46:10,320 [ERROR] LogOutputStream:75 - [STDERR_REDIRECT] 
2026-02-18 23:46:11,316 [ERROR] LogOutputStream:75 - [STDERR_REDIRECT] [Fatal Error] :1:1: Premature end of file.
2026-02-18 23:46:11,316 [ERROR] LogOutputStream:75 - [STDERR_REDIRECT] 
2026-02-18 23:46:12,313 [ERROR] LogOutputStream:75 - [STDERR_REDIRECT] [Fatal Error] :1:1: Premature end of file.
2026-02-18 23:46:12,313 [ERROR] LogOutputStream:75 - [STDERR_REDIRECT] 
2026-02-18 23:46:13,312 [ERROR] LogOutputStream:75 - [STDERR_REDIRECT] [Fatal Error] :1:1: Premature end of file.
2026-02-18 23:46:13,312 [ERROR] LogOutputStream:75 - [STDERR_REDIRECT] 
2026-02-18 23:46:14,311 [ERROR] LogOutputStream:75 - [STDERR_REDIRECT] [Fatal Error] :1:1: Premature end of file.
2026-02-18 23:46:14,311 [ERROR] LogOutputStream:75 - [STDERR_REDIRECT] 
2026-02-18 23:46:15,307 [ERROR] LogOutputStream:75 - [STDERR_REDIRECT] [Fatal Error] :1:1: Premature end of file.
2026-02-18 23:46:15,309 [ERROR] LogOutputStream:75 - [STDERR_REDIRECT] 
2026-02-18 23:46:16,307 [ERROR] LogOutputStream:75 - [STDERR_REDIRECT] [Fatal Error] :1:1: Premature end of file.
2026-02-18 23:46:16,307 [ERROR] LogOutputStream:75 - [STDERR_REDIRECT] 
2026-02-18 23:46:17,309 [ERROR] LogOutputStream:75 - [STDERR_REDIRECT] [Fatal Error] :1:1: Premature end of file.
2026-02-18 23:46:17,309 [ERROR] LogOutputStream:75 - [STDERR_REDIRECT] 
2026-02-18 23:46:18,324 [ERROR] LogOutputStream:75 - [STDERR_REDIRECT] [Fatal Error] :1:1: Premature end of file.
2026-02-18 23:46:18,324 [ERROR] LogOutputStream:75 - [STDERR_REDIRECT] 
2026-02-18 23:46:19,306 [ERROR] LogOutputStream:75 - [STDERR_REDIRECT] [Fatal Error] :1:1: Premature end of file.
2026-02-18 23:46:19,306 [ERROR] LogOutputStream:75 - [STDERR_REDIRECT] 
2026-02-18 23:46:20,313 [ERROR] LogOutputStream:75 - [STDERR_REDIRECT] [Fatal Error] :1:1: Premature end of file.
2026-02-18 23:46:20,313 [ERROR] LogOutputStream:75 - [STDERR_REDIRECT] 
2026-02-18 23:46:21,308 [ERROR] LogOutputStream:75 - [STDERR_REDIRECT] [Fatal Error] :1:1: Premature end of file.
2026-02-18 23:46:21,308 [ERROR] LogOutputStream:75 - [STDERR_REDIRECT] 
2026-02-18 23:46:22,317 [ERROR] LogOutputStream:75 - [STDERR_REDIRECT] [Fatal Error] :1:1: Premature end of file.
2026-02-18 23:46:22,317 [ERROR] LogOutputStream:75 - [STDERR_REDIRECT] 
2026-02-18 23:46:23,307 [ERROR] LogOutputStream:75 - [STDERR_REDIRECT] [Fatal Error] :1:1: Premature end of file.
2026-02-18 23:46:23,307 [ERROR] LogOutputStream:75 - [STDERR_REDIRECT] 
2026-02-18 23:46:24,307 [ERROR] LogOutputStream:75 - [STDERR_REDIRECT] [Fatal Error] :1:1: Premature end of file.
2026-02-18 23:46:24,307 [ERROR] LogOutputStream:75 - [STDERR_REDIRECT] 
2026-02-18 23:46:25,318 [ERROR] LogOutputStream:75 - [STDERR_REDIRECT] [Fatal Error] :1:1: Premature end of file.
2026-02-18 23:46:25,318 [ERROR] LogOutputStream:75 - [STDERR_REDIRECT] 
2026-02-18 23:46:26,308 [ERROR] LogOutputStream:75 - [STDERR_REDIRECT] [Fatal Error] :1:1: Premature end of file.
2026-02-18 23:46:26,308 [ERROR] LogOutputStream:75 - [STDERR_REDIRECT] 
2026-02-18 23:46:27,327 [ERROR] LogOutputStream:75 - [STDERR_REDIRECT] [Fatal Error] :1:1: Premature end of file.
2026-02-18 23:46:27,327 [ERROR] LogOutputStream:75 - [STDERR_REDIRECT] 
2026-02-18 23:46:28,322 [ERROR] LogOutputStream:75 - [STDERR_REDIRECT] [Fatal Error] :1:1: Premature end of file.
2026-02-18 23:46:28,322 [ERROR] LogOutputStream:75 - [STDERR_REDIRECT] 
2026-02-18 23:46:29,308 [ERROR] LogOutputStream:75 - [STDERR_REDIRECT] [Fatal Error] :1:1: Premature end of file.
2026-02-18 23:46:29,308 [ERROR] LogOutputStream:75 - [STDERR_REDIRECT] 
2026-02-18 23:46:30,313 [ERROR] LogOutputStream:75 - [STDERR_REDIRECT] [Fatal Error] :1:1: Premature end of file.
2026-02-18 23:46:30,314 [ERROR] LogOutputStream:75 - [STDERR_REDIRECT] 
2026-02-18 23:46:31,308 [ERROR] LogOutputStream:75 - [STDERR_REDIRECT] [Fatal Error] :1:1: Premature end of file.
2026-02-18 23:46:31,308 [ERROR] LogOutputStream:75 - [STDERR_REDIRECT] 
2026-02-18 23:46:32,307 [ERROR] LogOutputStream:75 - [STDERR_REDIRECT] [Fatal Error] :1:1: Premature end of file.
2026-02-18 23:46:32,308 [ERROR] LogOutputStream:75 - [STDERR_REDIRECT] 
2026-02-18 23:46:33,312 [ERROR] LogOutputStream:75 - [STDERR_REDIRECT] [Fatal Error] :1:1: Premature end of file.
2026-02-18 23:46:33,313 [ERROR] LogOutputStream:75 - [STDERR_REDIRECT] 
2026-02-18 23:46:34,315 [ERROR] LogOutputStream:75 - [STDERR_REDIRECT] [Fatal Error] :1:1: Premature end of file.
2026-02-18 23:46:34,316 [ERROR] LogOutputStream:75 - [STDERR_REDIRECT] 
2026-02-18 23:46:35,317 [ERROR] LogOutputStream:75 - [STDERR_REDIRECT] [Fatal Error] :1:1: Premature end of file.
2026-02-18 23:46:35,317 [ERROR] LogOutputStream:75 - [STDERR_REDIRECT] 
2026-02-18 23:46:36,308 [ERROR] LogOutputStream:75 - [STDERR_REDIRECT] [Fatal Error] :1:1: Premature end of file.
2026-02-18 23:46:36,308 [ERROR] LogOutputStream:75 - [STDERR_REDIRECT] 
2026-02-18 23:46:37,309 [ERROR] LogOutputStream:75 - [STDERR_REDIRECT] [Fatal Error] :1:1: Premature end of file.
2026-02-18 23:46:37,309 [ERROR] LogOutputStream:75 - [STDERR_REDIRECT] 
2026-02-18 23:46:38,314 [ERROR] LogOutputStream:75 - [STDERR_REDIRECT] [Fatal Error] :1:1: Premature end of file.
2026-02-18 23:46:38,314 [ERROR] LogOutputStream:75 - [STDERR_REDIRECT] 
2026-02-18 23:46:39,308 [ERROR] LogOutputStream:75 - [STDERR_REDIRECT] [Fatal Error] :1:1: Premature end of file.
2026-02-18 23:46:39,308 [ERROR] LogOutputStream:75 - [STDERR_REDIRECT] 
2026-02-18 23:46:40,313 [ERROR] LogOutputStream:75 - [STDERR_REDIRECT] [Fatal Error] :1:1: Premature end of file.
2026-02-18 23:46:40,315 [ERROR] LogOutputStream:75 - [STDERR_REDIRECT] 
2026-02-18 23:46:41,317 [ERROR] LogOutputStream:75 - [STDERR_REDIRECT] [Fatal Error] :1:1: Premature end of file.
2026-02-18 23:46:41,317 [ERROR] LogOutputStream:75 - [STDERR_REDIRECT] 
2026-02-18 23:46:42,308 [ERROR] LogOutputStream:75 - [STDERR_REDIRECT] [Fatal Error] :1:1: Premature end of file.
2026-02-18 23:46:42,308 [ERROR] LogOutputStream:75 - [STDERR_REDIRECT] 
2026-02-18 23:46:43,320 [ERROR] LogOutputStream:75 - [STDERR_REDIRECT] [Fatal Error] :1:1: Premature end of file.
2026-02-18 23:46:43,320 [ERROR] LogOutputStream:75 - [STDERR_REDIRECT] 
2026-02-18 23:46:44,321 [ERROR] LogOutputStream:75 - [STDERR_REDIRECT] [Fatal Error] :1:1: Premature end of file.
2026-02-18 23:46:44,321 [ERROR] LogOutputStream:75 - [STDERR_REDIRECT] 
2026-02-18 23:46:45,316 [ERROR] LogOutputStream:75 - [STDERR_REDIRECT] [Fatal Error] :1:1: Premature end of file.
2026-02-18 23:46:45,316 [ERROR] LogOutputStream:75 - [STDERR_REDIRECT] 
2026-02-18 23:46:46,307 [ERROR] LogOutputStream:75 - [STDERR_REDIRECT] [Fatal Error] :1:1: Premature end of file.
2026-02-18 23:46:46,307 [ERROR] LogOutputStream:75 - [STDERR_REDIRECT] 
2026-02-18 23:46:47,318 [ERROR] LogOutputStream:75 - [STDERR_REDIRECT] [Fatal Error] :1:1: Premature end of file.
2026-02-18 23:46:47,318 [ERROR] LogOutputStream:75 - [STDERR_REDIRECT] 
2026-02-18 23:46:48,313 [ERROR] LogOutputStream:75 - [STDERR_REDIRECT] [Fatal Error] :1:1: Premature end of file.
2026-02-18 23:46:48,313 [ERROR] LogOutputStream:75 - [STDERR_REDIRECT] 
2026-02-18 23:46:49,306 [ERROR] LogOutputStream:75 - [STDERR_REDIRECT] [Fatal Error] :1:1: Premature end of file.
2026-02-18 23:46:49,306 [ERROR] LogOutputStream:75 - [STDERR_REDIRECT] 
2026-02-18 23:46:50,322 [ERROR] LogOutputStream:75 - [STDERR_REDIRECT] [Fatal Error] :1:1: Premature end of file.
2026-02-18 23:46:50,323 [ERROR] LogOutputStream:75 - [STDERR_REDIRECT] 
2026-02-18 23:46:51,308 [ERROR] LogOutputStream:75 - [STDERR_REDIRECT] [Fatal Error] :1:1: Premature end of file.
2026-02-18 23:46:51,308 [ERROR] LogOutputStream:75 - [STDERR_REDIRECT] 
2026-02-18 23:46:52,324 [ERROR] LogOutputStream:75 - [STDERR_REDIRECT] [Fatal Error] :1:1: Premature end of file.
2026-02-18 23:46:52,326 [ERROR] LogOutputStream:75 - [STDERR_REDIRECT] 
2026-02-18 23:46:53,320 [ERROR] LogOutputStream:75 - [STDERR_REDIRECT] [Fatal Error] :1:1: Premature end of file.
2026-02-18 23:46:53,320 [ERROR] LogOutputStream:75 - [STDERR_REDIRECT] 
2026-02-18 23:46:54,307 [ERROR] LogOutputStream:75 - [STDERR_REDIRECT] [Fatal Error] :1:1: Premature end of file.
2026-02-18 23:46:54,307 [ERROR] LogOutputStream:75 - [STDERR_REDIRECT] 
2026-02-18 23:46:55,308 [ERROR] LogOutputStream:75 - [STDERR_REDIRECT] [Fatal Error] :1:1: Premature end of file.
2026-02-18 23:46:55,308 [ERROR] LogOutputStream:75 - [STDERR_REDIRECT] 
2026-02-18 23:46:56,322 [ERROR] LogOutputStream:75 - [STDERR_REDIRECT] [Fatal Error] :1:1: Premature end of file.
2026-02-18 23:46:56,323 [ERROR] LogOutputStream:75 - [STDERR_REDIRECT] 
2026-02-18 23:46:57,318 [ERROR] LogOutputStream:75 - [STDERR_REDIRECT] [Fatal Error] :1:1: Premature end of file.
2026-02-18 23:46:57,318 [ERROR] LogOutputStream:75 - [STDERR_REDIRECT] 
2026-02-18 23:46:58,307 [ERROR] LogOutputStream:75 - [STDERR_REDIRECT] [Fatal Error] :1:1: Premature end of file.
2026-02-18 23:46:58,307 [ERROR] LogOutputStream:75 - [STDERR_REDIRECT] 
2026-02-18 23:46:59,307 [ERROR] LogOutputStream:75 - [STDERR_REDIRECT] [Fatal Error] :1:1: Premature end of file.
2026-02-18 23:46:59,307 [ERROR] LogOutputStream:75 - [STDERR_REDIRECT] 
2026-02-18 23:47:00,307 [ERROR] LogOutputStream:75 - [STDERR_REDIRECT] [Fatal Error] :1:1: Premature end of file.
2026-02-18 23:47:00,308 [ERROR] LogOutputStream:75 - [STDERR_REDIRECT] 
2026-02-18 23:47:01,308 [ERROR] LogOutputStream:75 - [STDERR_REDIRECT] [Fatal Error] :1:1: Premature end of file.
2026-02-18 23:47:01,309 [ERROR] LogOutputStream:75 - [STDERR_REDIRECT] 
2026-02-18 23:47:02,315 [ERROR] LogOutputStream:75 - [STDERR_REDIRECT] [Fatal Error] :1:1: Premature end of file.
2026-02-18 23:47:02,315 [ERROR] LogOutputStream:75 - [STDERR_REDIRECT] 
2026-02-18 23:47:03,317 [ERROR] LogOutputStream:75 - [STDERR_REDIRECT] [Fatal Error] :1:1: Premature end of file.
2026-02-18 23:47:03,317 [ERROR] LogOutputStream:75 - [STDERR_REDIRECT] 
2026-02-18 23:47:04,307 [ERROR] LogOutputStream:75 - [STDERR_REDIRECT] [Fatal Error] :1:1: Premature end of file.
2026-02-18 23:47:04,307 [ERROR] LogOutputStream:75 - [STDERR_REDIRECT] 
2026-02-18 23:47:05,308 [ERROR] LogOutputStream:75 - [STDERR_REDIRECT] [Fatal Error] :1:1: Premature end of file.
2026-02-18 23:47:05,308 [ERROR] LogOutputStream:75 - [STDERR_REDIRECT] 
2026-02-18 23:47:06,308 [ERROR] LogOutputStream:75 - [STDERR_REDIRECT] [Fatal Error] :1:1: Premature end of file.
2026-02-18 23:47:06,308 [ERROR] LogOutputStream:75 - [STDERR_REDIRECT] 
2026-02-18 23:47:07,316 [ERROR] LogOutputStream:75 - [STDERR_REDIRECT] [Fatal Error] :1:1: Premature end of file.
2026-02-18 23:47:07,316 [ERROR] LogOutputStream:75 - [STDERR_REDIRECT] 
2026-02-18 23:47:08,318 [ERROR] LogOutputStream:75 - [STDERR_REDIRECT] [Fatal Error] :1:1: Premature end of file.
2026-02-18 23:47:08,318 [ERROR] LogOutputStream:75 - [STDERR_REDIRECT] 
2026-02-18 23:47:09,314 [ERROR] LogOutputStream:75 - [STDERR_REDIRECT] [Fatal Error] :1:1: Premature end of file.
2026-02-18 23:47:09,314 [ERROR] LogOutputStream:75 - [STDERR_REDIRECT] 
2026-02-18 23:47:10,307 [ERROR] LogOutputStream:75 - [STDERR_REDIRECT] [Fatal Error] :1:1: Premature end of file.
2026-02-18 23:47:10,307 [ERROR] LogOutputStream:75 - [STDERR_REDIRECT] 
2026-02-18 23:47:11,306 [ERROR] LogOutputStream:75 - [STDERR_REDIRECT] [Fatal Error] :1:1: Premature end of file.
2026-02-18 23:47:11,307 [ERROR] LogOutputStream:75 - [STDERR_REDIRECT] 
2026-02-18 23:47:12,320 [ERROR] LogOutputStream:75 - [STDERR_REDIRECT] [Fatal Error] :1:1: Premature end of file.
2026-02-18 23:47:12,320 [ERROR] LogOutputStream:75 - [STDERR_REDIRECT] 
2026-02-18 23:47:13,309 [ERROR] LogOutputStream:75 - [STDERR_REDIRECT] [Fatal Error] :1:1: Premature end of file.
2026-02-18 23:47:13,310 [ERROR] LogOutputStream:75 - [STDERR_REDIRECT] 
2026-02-18 23:47:14,317 [ERROR] LogOutputStream:75 - [STDERR_REDIRECT] [Fatal Error] :1:1: Premature end of file.
2026-02-18 23:47:14,317 [ERROR] LogOutputStream:75 - [STDERR_REDIRECT] 
2026-02-18 23:47:15,306 [ERROR] LogOutputStream:75 - [STDERR_REDIRECT] [Fatal Error] :1:1: Premature end of file.
2026-02-18 23:47:15,306 [ERROR] LogOutputStream:75 - [STDERR_REDIRECT] 
2026-02-18 23:47:16,316 [ERROR] LogOutputStream:75 - [STDERR_REDIRECT] [Fatal Error] :1:1: Premature end of file.
2026-02-18 23:47:16,316 [ERROR] LogOutputStream:75 - [STDERR_REDIRECT] 
2026-02-18 23:47:17,315 [ERROR] LogOutputStream:75 - [STDERR_REDIRECT] [Fatal Error] :1:1: Premature end of file.
2026-02-18 23:47:17,315 [ERROR] LogOutputStream:75 - [STDERR_REDIRECT] 
2026-02-18 23:47:18,305 [ERROR] LogOutputStream:75 - [STDERR_REDIRECT] [Fatal Error] :1:1: Premature end of file.
2026-02-18 23:47:18,306 [ERROR] LogOutputStream:75 - [STDERR_REDIRECT] 
2026-02-18 23:47:19,307 [ERROR] LogOutputStream:75 - [STDERR_REDIRECT] [Fatal Error] :1:1: Premature end of file.
2026-02-18 23:47:19,307 [ERROR] LogOutputStream:75 - [STDERR_REDIRECT] 
2026-02-18 23:47:20,308 [ERROR] LogOutputStream:75 - [STDERR_REDIRECT] [Fatal Error] :1:1: Premature end of file.
2026-02-18 23:47:20,308 [ERROR] LogOutputStream:75 - [STDERR_REDIRECT] 
2026-02-18 23:47:21,306 [ERROR] LogOutputStream:75 - [STDERR_REDIRECT] [Fatal Error] :1:1: Premature end of file.
2026-02-18 23:47:21,306 [ERROR] LogOutputStream:75 - [STDERR_REDIRECT] 
2026-02-18 23:47:22,310 [ERROR] LogOutputStream:75 - [STDERR_REDIRECT] [Fatal Error] :1:1: Premature end of file.
2026-02-18 23:47:22,310 [ERROR] LogOutputStream:75 - [STDERR_REDIRECT] 
2026-02-18 23:47:23,312 [ERROR] LogOutputStream:75 - [STDERR_REDIRECT] [Fatal Error] :1:1: Premature end of file.
2026-02-18 23:47:23,312 [ERROR] LogOutputStream:75 - [STDERR_REDIRECT] 
2026-02-18 23:47:24,315 [ERROR] LogOutputStream:75 - [STDERR_REDIRECT] [Fatal Error] :1:1: Premature end of file.
2026-02-18 23:47:24,317 [ERROR] LogOutputStream:75 - [STDERR_REDIRECT] 
2026-02-18 23:47:25,320 [ERROR] LogOutputStream:75 - [STDERR_REDIRECT] [Fatal Error] :1:1: Premature end of file.
2026-02-18 23:47:25,320 [ERROR] LogOutputStream:75 - [STDERR_REDIRECT] 
2026-02-18 23:47:26,324 [ERROR] LogOutputStream:75 - [STDERR_REDIRECT] [Fatal Error] :1:1: Premature end of file.
2026-02-18 23:47:26,324 [ERROR] LogOutputStream:75 - [STDERR_REDIRECT] 
2026-02-18 23:47:27,306 [ERROR] LogOutputStream:75 - [STDERR_REDIRECT] [Fatal Error] :1:1: Premature end of file.
2026-02-18 23:47:27,306 [ERROR] LogOutputStream:75 - [STDERR_REDIRECT] 
2026-02-18 23:47:28,308 [ERROR] LogOutputStream:75 - [STDERR_REDIRECT] [Fatal Error] :1:1: Premature end of file.
2026-02-18 23:47:28,308 [ERROR] LogOutputStream:75 - [STDERR_REDIRECT] 
2026-02-18 23:47:29,309 [ERROR] LogOutputStream:75 - [STDERR_REDIRECT] [Fatal Error] :1:1: Premature end of file.
2026-02-18 23:47:29,309 [ERROR] LogOutputStream:75 - [STDERR_REDIRECT] 
2026-02-18 23:47:30,318 [ERROR] LogOutputStream:75 - [STDERR_REDIRECT] [Fatal Error] :1:1: Premature end of file.
2026-02-18 23:47:30,318 [ERROR] LogOutputStream:75 - [STDERR_REDIRECT] 
2026-02-18 23:47:31,318 [ERROR] LogOutputStream:75 - [STDERR_REDIRECT] [Fatal Error] :1:1: Premature end of file.
2026-02-18 23:47:31,319 [ERROR] LogOutputStream:75 - [STDERR_REDIRECT] 
2026-02-18 23:47:32,316 [ERROR] LogOutputStream:75 - [STDERR_REDIRECT] [Fatal Error] :1:1: Premature end of file.
2026-02-18 23:47:32,316 [ERROR] LogOutputStream:75 - [STDERR_REDIRECT] 
2026-02-18 23:47:33,308 [ERROR] LogOutputStream:75 - [STDERR_REDIRECT] [Fatal Error] :1:1: Premature end of file.
2026-02-18 23:47:33,308 [ERROR] LogOutputStream:75 - [STDERR_REDIRECT] 
2026-02-18 23:47:34,310 [ERROR] LogOutputStream:75 - [STDERR_REDIRECT] [Fatal Error] :1:1: Premature end of file.
2026-02-18 23:47:34,310 [ERROR] LogOutputStream:75 - [STDERR_REDIRECT] 
2026-02-18 23:47:35,311 [ERROR] LogOutputStream:75 - [STDERR_REDIRECT] [Fatal Error] :1:1: Premature end of file.
2026-02-18 23:47:35,311 [ERROR] LogOutputStream:75 - [STDERR_REDIRECT] 
2026-02-18 23:47:36,306 [ERROR] LogOutputStream:75 - [STDERR_REDIRECT] [Fatal Error] :1:1: Premature end of file.
2026-02-18 23:47:36,306 [ERROR] LogOutputStream:75 - [STDERR_REDIRECT] 
2026-02-18 23:47:37,309 [ERROR] LogOutputStream:75 - [STDERR_REDIRECT] [Fatal Error] :1:1: Premature end of file.
2026-02-18 23:47:37,309 [ERROR] LogOutputStream:75 - [STDERR_REDIRECT] 
2026-02-18 23:47:38,310 [ERROR] LogOutputStream:75 - [STDERR_REDIRECT] [Fatal Error] :1:1: Premature end of file.
2026-02-18 23:47:38,310 [ERROR] LogOutputStream:75 - [STDERR_REDIRECT] 
2026-02-18 23:47:39,309 [ERROR] LogOutputStream:75 - [STDERR_REDIRECT] [Fatal Error] :1:1: Premature end of file.
2026-02-18 23:47:39,309 [ERROR] LogOutputStream:75 - [STDERR_REDIRECT] 
2026-02-18 23:47:40,309 [ERROR] LogOutputStream:75 - [STDERR_REDIRECT] [Fatal Error] :1:1: Premature end of file.
2026-02-18 23:47:40,309 [ERROR] LogOutputStream:75 - [STDERR_REDIRECT] 
2026-02-18 23:47:41,305 [ERROR] LogOutputStream:75 - [STDERR_REDIRECT] [Fatal Error] :1:1: Premature end of file.
2026-02-18 23:47:41,305 [ERROR] LogOutputStream:75 - [STDERR_REDIRECT] 
2026-02-18 23:47:42,315 [ERROR] LogOutputStream:75 - [STDERR_REDIRECT] [Fatal Error] :1:1: Premature end of file.
2026-02-18 23:47:42,316 [ERROR] LogOutputStream:75 - [STDERR_REDIRECT] 
2026-02-18 23:47:43,306 [ERROR] LogOutputStream:75 - [STDERR_REDIRECT] [Fatal Error] :1:1: Premature end of file.
2026-02-18 23:47:43,307 [ERROR] LogOutputStream:75 - [STDERR_REDIRECT] 
2026-02-18 23:47:44,307 [ERROR] LogOutputStream:75 - [STDERR_REDIRECT] [Fatal Error] :1:1: Premature end of file.
2026-02-18 23:47:44,308 [ERROR] LogOutputStream:75 - [STDERR_REDIRECT] 
2026-02-18 23:47:45,307 [ERROR] LogOutputStream:75 - [STDERR_REDIRECT] [Fatal Error] :1:1: Premature end of file.
2026-02-18 23:47:45,307 [ERROR] LogOutputStream:75 - [STDERR_REDIRECT] 
2026-02-18 23:47:46,322 [ERROR] LogOutputStream:75 - [STDERR_REDIRECT] [Fatal Error] :1:1: Premature end of file.
2026-02-18 23:47:46,322 [ERROR] LogOutputStream:75 - [STDERR_REDIRECT] 
2026-02-18 23:47:47,320 [ERROR] LogOutputStream:75 - [STDERR_REDIRECT] [Fatal Error] :1:1: Premature end of file.
2026-02-18 23:47:47,320 [ERROR] LogOutputStream:75 - [STDERR_REDIRECT] 
2026-02-18 23:47:48,326 [ERROR] LogOutputStream:75 - [STDERR_REDIRECT] [Fatal Error] :1:1: Premature end of file.
2026-02-18 23:47:48,326 [ERROR] LogOutputStream:75 - [STDERR_REDIRECT] 
2026-02-18 23:47:49,309 [ERROR] LogOutputStream:75 - [STDERR_REDIRECT] [Fatal Error] :1:1: Premature end of file.
2026-02-18 23:47:49,311 [ERROR] LogOutputStream:75 - [STDERR_REDIRECT] 
2026-02-18 23:47:50,313 [ERROR] LogOutputStream:75 - [STDERR_REDIRECT] [Fatal Error] :1:1: Premature end of file.
2026-02-18 23:47:50,313 [ERROR] LogOutputStream:75 - [STDERR_REDIRECT] 
2026-02-18 23:47:51,321 [ERROR] LogOutputStream:75 - [STDERR_REDIRECT] [Fatal Error] :1:1: Premature end of file.
2026-02-18 23:47:51,321 [ERROR] LogOutputStream:75 - [STDERR_REDIRECT] 
2026-02-18 23:47:52,308 [ERROR] LogOutputStream:75 - [STDERR_REDIRECT] [Fatal Error] :1:1: Premature end of file.
2026-02-18 23:47:52,308 [ERROR] LogOutputStream:75 - [STDERR_REDIRECT] 
2026-02-18 23:47:53,325 [ERROR] LogOutputStream:75 - [STDERR_REDIRECT] [Fatal Error] :1:1: Premature end of file.
2026-02-18 23:47:53,325 [ERROR] LogOutputStream:75 - [STDERR_REDIRECT] 
2026-02-18 23:47:54,306 [ERROR] LogOutputStream:75 - [STDERR_REDIRECT] [Fatal Error] :1:1: Premature end of file.
2026-02-18 23:47:54,307 [ERROR] LogOutputStream:75 - [STDERR_REDIRECT] 
2026-02-18 23:47:55,308 [ERROR] LogOutputStream:75 - [STDERR_REDIRECT] [Fatal Error] :1:1: Premature end of file.
2026-02-18 23:47:55,308 [ERROR] LogOutputStream:75 - [STDERR_REDIRECT] 
2026-02-18 23:47:56,317 [ERROR] LogOutputStream:75 - [STDERR_REDIRECT] [Fatal Error] :1:1: Premature end of file.
2026-02-18 23:47:56,319 [ERROR] LogOutputStream:75 - [STDERR_REDIRECT] 
2026-02-18 23:47:57,321 [ERROR] LogOutputStream:75 - [STDERR_REDIRECT] [Fatal Error] :1:1: Premature end of file.
2026-02-18 23:47:57,321 [ERROR] LogOutputStream:75 - [STDERR_REDIRECT] 
2026-02-18 23:47:58,311 [ERROR] LogOutputStream:75 - [STDERR_REDIRECT] [Fatal Error] :1:1: Premature end of file.
2026-02-18 23:47:58,313 [ERROR] LogOutputStream:75 - [STDERR_REDIRECT] 
2026-02-18 23:47:59,321 [ERROR] LogOutputStream:75 - [STDERR_REDIRECT] [Fatal Error] :1:1: Premature end of file.
2026-02-18 23:47:59,322 [ERROR] LogOutputStream:75 - [STDERR_REDIRECT] 
2026-02-18 23:48:00,324 [ERROR] LogOutputStream:75 - [STDERR_REDIRECT] [Fatal Error] :1:1: Premature end of file.
2026-02-18 23:48:00,325 [ERROR] LogOutputStream:75 - [STDERR_REDIRECT] 
2026-02-18 23:48:01,316 [ERROR] LogOutputStream:75 - [STDERR_REDIRECT] [Fatal Error] :1:1: Premature end of file.
2026-02-18 23:48:01,316 [ERROR] LogOutputStream:75 - [STDERR_REDIRECT] 
2026-02-18 23:48:02,314 [ERROR] LogOutputStream:75 - [STDERR_REDIRECT] [Fatal Error] :1:1: Premature end of file.
2026-02-18 23:48:02,314 [ERROR] LogOutputStream:75 - [STDERR_REDIRECT] 
2026-02-18 23:48:03,308 [ERROR] LogOutputStream:75 - [STDERR_REDIRECT] [Fatal Error] :1:1: Premature end of file.
2026-02-18 23:48:03,308 [ERROR] LogOutputStream:75 - [STDERR_REDIRECT] 
2026-02-18 23:48:04,305 [ERROR] LogOutputStream:75 - [STDERR_REDIRECT] [Fatal Error] :1:1: Premature end of file.
2026-02-18 23:48:04,307 [ERROR] LogOutputStream:75 - [STDERR_REDIRECT] 
2026-02-18 23:48:05,313 [ERROR] LogOutputStream:75 - [STDERR_REDIRECT] [Fatal Error] :1:1: Premature end of file.
2026-02-18 23:48:05,313 [ERROR] LogOutputStream:75 - [STDERR_REDIRECT] 
2026-02-18 23:48:06,312 [ERROR] LogOutputStream:75 - [STDERR_REDIRECT] [Fatal Error] :1:1: Premature end of file.
2026-02-18 23:48:06,312 [ERROR] LogOutputStream:75 - [STDERR_REDIRECT] 
2026-02-18 23:48:07,321 [ERROR] LogOutputStream:75 - [STDERR_REDIRECT] [Fatal Error] :1:1: Premature end of file.
2026-02-18 23:48:07,321 [ERROR] LogOutputStream:75 - [STDERR_REDIRECT] 
2026-02-18 23:48:08,316 [ERROR] LogOutputStream:75 - [STDERR_REDIRECT] [Fatal Error] :1:1: Premature end of file.
2026-02-18 23:48:08,316 [ERROR] LogOutputStream:75 - [STDERR_REDIRECT] 
2026-02-18 23:48:09,317 [ERROR] LogOutputStream:75 - [STDERR_REDIRECT] [Fatal Error] :1:1: Premature end of file.
2026-02-18 23:48:09,318 [ERROR] LogOutputStream:75 - [STDERR_REDIRECT] 
2026-02-18 23:48:10,318 [ERROR] LogOutputStream:75 - [STDERR_REDIRECT] [Fatal Error] :1:1: Premature end of file.
2026-02-18 23:48:10,319 [ERROR] LogOutputStream:75 - [STDERR_REDIRECT] 
2026-02-18 23:48:11,307 [ERROR] LogOutputStream:75 - [STDERR_REDIRECT] [Fatal Error] :1:1: Premature end of file.
2026-02-18 23:48:11,308 [ERROR] LogOutputStream:75 - [STDERR_REDIRECT] 
2026-02-18 23:48:12,316 [ERROR] LogOutputStream:75 - [STDERR_REDIRECT] [Fatal Error] :1:1: Premature end of file.
2026-02-18 23:48:12,316 [ERROR] LogOutputStream:75 - [STDERR_REDIRECT] 
2026-02-18 23:48:13,323 [ERROR] LogOutputStream:75 - [STDERR_REDIRECT] [Fatal Error] :1:1: Premature end of file.
2026-02-18 23:48:13,324 [ERROR] LogOutputStream:75 - [STDERR_REDIRECT] 
2026-02-18 23:48:14,312 [ERROR] LogOutputStream:75 - [STDERR_REDIRECT] [Fatal Error] :1:1: Premature end of file.
2026-02-18 23:48:14,312 [ERROR] LogOutputStream:75 - [STDERR_REDIRECT] 
2026-02-18 23:48:15,315 [ERROR] LogOutputStream:75 - [STDERR_REDIRECT] [Fatal Error] :1:1: Premature end of file.
2026-02-18 23:48:15,315 [ERROR] LogOutputStream:75 - [STDERR_REDIRECT] 
2026-02-18 23:48:16,315 [ERROR] LogOutputStream:75 - [STDERR_REDIRECT] [Fatal Error] :1:1: Premature end of file.
2026-02-18 23:48:16,315 [ERROR] LogOutputStream:75 - [STDERR_REDIRECT] 
2026-02-18 23:48:17,315 [ERROR] LogOutputStream:75 - [STDERR_REDIRECT] [Fatal Error] :1:1: Premature end of file.
2026-02-18 23:48:17,315 [ERROR] LogOutputStream:75 - [STDERR_REDIRECT] 
2026-02-18 23:48:18,315 [ERROR] LogOutputStream:75 - [STDERR_REDIRECT] [Fatal Error] :1:1: Premature end of file.
2026-02-18 23:48:18,315 [ERROR] LogOutputStream:75 - [STDERR_REDIRECT] 
2026-02-18 23:48:19,307 [ERROR] LogOutputStream:75 - [STDERR_REDIRECT] [Fatal Error] :1:1: Premature end of file.
2026-02-18 23:48:19,307 [ERROR] LogOutputStream:75 - [STDERR_REDIRECT] 
2026-02-18 23:48:20,323 [ERROR] LogOutputStream:75 - [STDERR_REDIRECT] [Fatal Error] :1:1: Premature end of file.
2026-02-18 23:48:20,323 [ERROR] LogOutputStream:75 - [STDERR_REDIRECT] 
2026-02-18 23:48:21,314 [ERROR] LogOutputStream:75 - [STDERR_REDIRECT] [Fatal Error] :1:1: Premature end of file.
2026-02-18 23:48:21,314 [ERROR] LogOutputStream:75 - [STDERR_REDIRECT] 
2026-02-18 23:48:22,316 [ERROR] LogOutputStream:75 - [STDERR_REDIRECT] [Fatal Error] :1:1: Premature end of file.
2026-02-18 23:48:22,316 [ERROR] LogOutputStream:75 - [STDERR_REDIRECT] 
2026-02-18 23:48:23,317 [ERROR] LogOutputStream:75 - [STDERR_REDIRECT] [Fatal Error] :1:1: Premature end of file.
2026-02-18 23:48:23,318 [ERROR] LogOutputStream:75 - [STDERR_REDIRECT] 
2026-02-18 23:48:24,315 [ERROR] LogOutputStream:75 - [STDERR_REDIRECT] [Fatal Error] :1:1: Premature end of file.
2026-02-18 23:48:24,315 [ERROR] LogOutputStream:75 - [STDERR_REDIRECT] 
2026-02-18 23:48:25,310 [ERROR] LogOutputStream:75 - [STDERR_REDIRECT] [Fatal Error] :1:1: Premature end of file.
2026-02-18 23:48:25,311 [ERROR] LogOutputStream:75 - [STDERR_REDIRECT] 
2026-02-18 23:48:26,313 [ERROR] LogOutputStream:75 - [STDERR_REDIRECT] [Fatal Error] :1:1: Premature end of file.
2026-02-18 23:48:26,313 [ERROR] LogOutputStream:75 - [STDERR_REDIRECT] 
2026-02-18 23:48:27,313 [ERROR] LogOutputStream:75 - [STDERR_REDIRECT] [Fatal Error] :1:1: Premature end of file.
2026-02-18 23:48:27,314 [ERROR] LogOutputStream:75 - [STDERR_REDIRECT] 
2026-02-18 23:48:28,315 [ERROR] LogOutputStream:75 - [STDERR_REDIRECT] [Fatal Error] :1:1: Premature end of file.
2026-02-18 23:48:28,315 [ERROR] LogOutputStream:75 - [STDERR_REDIRECT] 
2026-02-18 23:48:29,315 [ERROR] LogOutputStream:75 - [STDERR_REDIRECT] [Fatal Error] :1:1: Premature end of file.
2026-02-18 23:48:29,315 [ERROR] LogOutputStream:75 - [STDERR_REDIRECT] 
2026-02-18 23:48:30,315 [ERROR] LogOutputStream:75 - [STDERR_REDIRECT] [Fatal Error] :1:1: Premature end of file.
2026-02-18 23:48:30,315 [ERROR] LogOutputStream:75 - [STDERR_REDIRECT] 
2026-02-18 23:48:31,315 [ERROR] LogOutputStream:75 - [STDERR_REDIRECT] [Fatal Error] :1:1: Premature end of file.
2026-02-18 23:48:31,315 [ERROR] LogOutputStream:75 - [STDERR_REDIRECT] 
2026-02-18 23:48:32,314 [ERROR] LogOutputStream:75 - [STDERR_REDIRECT] [Fatal Error] :1:1: Premature end of file.
2026-02-18 23:48:32,314 [ERROR] LogOutputStream:75 - [STDERR_REDIRECT] 
2026-02-18 23:48:33,314 [ERROR] LogOutputStream:75 - [STDERR_REDIRECT] [Fatal Error] :1:1: Premature end of file.
2026-02-18 23:48:33,314 [ERROR] LogOutputStream:75 - [STDERR_REDIRECT] 
2026-02-18 23:48:34,316 [ERROR] LogOutputStream:75 - [STDERR_REDIRECT] [Fatal Error] :1:1: Premature end of file.
2026-02-18 23:48:34,316 [ERROR] LogOutputStream:75 - [STDERR_REDIRECT] 
2026-02-18 23:48:35,307 [ERROR] LogOutputStream:75 - [STDERR_REDIRECT] [Fatal Error] :1:1: Premature end of file.
2026-02-18 23:48:35,307 [ERROR] LogOutputStream:75 - [STDERR_REDIRECT] 
2026-02-18 23:48:36,306 [ERROR] LogOutputStream:75 - [STDERR_REDIRECT] [Fatal Error] :1:1: Premature end of file.
2026-02-18 23:48:36,306 [ERROR] LogOutputStream:75 - [STDERR_REDIRECT] 
2026-02-18 23:48:37,321 [ERROR] LogOutputStream:75 - [STDERR_REDIRECT] [Fatal Error] :1:1: Premature end of file.
2026-02-18 23:48:37,322 [ERROR] LogOutputStream:75 - [STDERR_REDIRECT] 
2026-02-18 23:48:38,315 [ERROR] LogOutputStream:75 - [STDERR_REDIRECT] [Fatal Error] :1:1: Premature end of file.
2026-02-18 23:48:38,315 [ERROR] LogOutputStream:75 - [STDERR_REDIRECT] 
2026-02-18 23:48:39,316 [ERROR] LogOutputStream:75 - [STDERR_REDIRECT] [Fatal Error] :1:1: Premature end of file.
2026-02-18 23:48:39,316 [ERROR] LogOutputStream:75 - [STDERR_REDIRECT] 
2026-02-18 23:48:40,315 [ERROR] LogOutputStream:75 - [STDERR_REDIRECT] [Fatal Error] :1:1: Premature end of file.
2026-02-18 23:48:40,315 [ERROR] LogOutputStream:75 - [STDERR_REDIRECT] 
2026-02-18 23:48:41,326 [ERROR] LogOutputStream:75 - [STDERR_REDIRECT] [Fatal Error] :1:1: Premature end of file.
2026-02-18 23:48:41,326 [ERROR] LogOutputStream:75 - [STDERR_REDIRECT] 
2026-02-18 23:48:42,315 [ERROR] LogOutputStream:75 - [STDERR_REDIRECT] [Fatal Error] :1:1: Premature end of file.
2026-02-18 23:48:42,315 [ERROR] LogOutputStream:75 - [STDERR_REDIRECT] 
2026-02-18 23:48:43,319 [ERROR] LogOutputStream:75 - [STDERR_REDIRECT] [Fatal Error] :1:1: Premature end of file.
2026-02-18 23:48:43,319 [ERROR] LogOutputStream:75 - [STDERR_REDIRECT] 
2026-02-18 23:48:44,319 [ERROR] LogOutputStream:75 - [STDERR_REDIRECT] [Fatal Error] :1:1: Premature end of file.
2026-02-18 23:48:44,319 [ERROR] LogOutputStream:75 - [STDERR_REDIRECT] 
2026-02-18 23:48:45,305 [ERROR] LogOutputStream:75 - [STDERR_REDIRECT] [Fatal Error] :1:1: Premature end of file.
2026-02-18 23:48:45,305 [ERROR] LogOutputStream:75 - [STDERR_REDIRECT] 
2026-02-18 23:48:46,306 [ERROR] LogOutputStream:75 - [STDERR_REDIRECT] [Fatal Error] :1:1: Premature end of file.
2026-02-18 23:48:46,306 [ERROR] LogOutputStream:75 - [STDERR_REDIRECT] 
2026-02-18 23:48:47,314 [ERROR] LogOutputStream:75 - [STDERR_REDIRECT] [Fatal Error] :1:1: Premature end of file.
2026-02-18 23:48:47,314 [ERROR] LogOutputStream:75 - [STDERR_REDIRECT] 
2026-02-18 23:48:48,317 [ERROR] LogOutputStream:75 - [STDERR_REDIRECT] [Fatal Error] :1:1: Premature end of file.
2026-02-18 23:48:48,317 [ERROR] LogOutputStream:75 - [STDERR_REDIRECT] 
2026-02-18 23:48:49,322 [ERROR] LogOutputStream:75 - [STDERR_REDIRECT] [Fatal Error] :1:1: Premature end of file.
2026-02-18 23:48:49,322 [ERROR] LogOutputStream:75 - [STDERR_REDIRECT] 
2026-02-18 23:48:50,314 [ERROR] LogOutputStream:75 - [STDERR_REDIRECT] [Fatal Error] :1:1: Premature end of file.
2026-02-18 23:48:50,314 [ERROR] LogOutputStream:75 - [STDERR_REDIRECT] 
2026-02-18 23:48:51,305 [ERROR] LogOutputStream:75 - [STDERR_REDIRECT] [Fatal Error] :1:1: Premature end of file.
2026-02-18 23:48:51,305 [ERROR] LogOutputStream:75 - [STDERR_REDIRECT] 
2026-02-18 23:48:52,315 [ERROR] LogOutputStream:75 - [STDERR_REDIRECT] [Fatal Error] :1:1: Premature end of file.
2026-02-18 23:48:52,315 [ERROR] LogOutputStream:75 - [STDERR_REDIRECT] 
2026-02-18 23:48:53,319 [ERROR] LogOutputStream:75 - [STDERR_REDIRECT] [Fatal Error] :1:1: Premature end of file.
2026-02-18 23:48:53,319 [ERROR] LogOutputStream:75 - [STDERR_REDIRECT] 
2026-02-18 23:48:54,306 [ERROR] LogOutputStream:75 - [STDERR_REDIRECT] [Fatal Error] :1:1: Premature end of file.
2026-02-18 23:48:54,307 [ERROR] LogOutputStream:75 - [STDERR_REDIRECT] 
2026-02-18 23:48:55,311 [ERROR] LogOutputStream:75 - [STDERR_REDIRECT] [Fatal Error] :1:1: Premature end of file.
2026-02-18 23:48:55,311 [ERROR] LogOutputStream:75 - [STDERR_REDIRECT] 
2026-02-18 23:48:56,314 [ERROR] LogOutputStream:75 - [STDERR_REDIRECT] [Fatal Error] :1:1: Premature end of file.
2026-02-18 23:48:56,314 [ERROR] LogOutputStream:75 - [STDERR_REDIRECT] 
2026-02-18 23:48:57,315 [ERROR] LogOutputStream:75 - [STDERR_REDIRECT] [Fatal Error] :1:1: Premature end of file.
2026-02-18 23:48:57,315 [ERROR] LogOutputStream:75 - [STDERR_REDIRECT] 
2026-02-18 23:48:58,308 [ERROR] LogOutputStream:75 - [STDERR_REDIRECT] [Fatal Error] :1:1: Premature end of file.
2026-02-18 23:48:58,310 [ERROR] LogOutputStream:75 - [STDERR_REDIRECT] 
2026-02-18 23:48:59,313 [ERROR] LogOutputStream:75 - [STDERR_REDIRECT] [Fatal Error] :1:1: Premature end of file.
2026-02-18 23:48:59,313 [ERROR] LogOutputStream:75 - [STDERR_REDIRECT] 
2026-02-18 23:49:00,313 [ERROR] LogOutputStream:75 - [STDERR_REDIRECT] [Fatal Error] :1:1: Premature end of file.
2026-02-18 23:49:00,313 [ERROR] LogOutputStream:75 - [STDERR_REDIRECT] 
2026-02-18 23:49:01,322 [ERROR] LogOutputStream:75 - [STDERR_REDIRECT] [Fatal Error] :1:1: Premature end of file.
2026-02-18 23:49:01,322 [ERROR] LogOutputStream:75 - [STDERR_REDIRECT] 
2026-02-18 23:49:02,307 [ERROR] LogOutputStream:75 - [STDERR_REDIRECT] [Fatal Error] :1:1: Premature end of file.
2026-02-18 23:49:02,308 [ERROR] LogOutputStream:75 - [STDERR_REDIRECT] 
2026-02-18 23:49:03,316 [ERROR] LogOutputStream:75 - [STDERR_REDIRECT] [Fatal Error] :1:1: Premature end of file.
2026-02-18 23:49:03,316 [ERROR] LogOutputStream:75 - [STDERR_REDIRECT] 
2026-02-18 23:49:04,310 [ERROR] LogOutputStream:75 - [STDERR_REDIRECT] [Fatal Error] :1:1: Premature end of file.
2026-02-18 23:49:04,310 [ERROR] LogOutputStream:75 - [STDERR_REDIRECT] 
2026-02-18 23:49:05,323 [ERROR] LogOutputStream:75 - [STDERR_REDIRECT] [Fatal Error] :1:1: Premature end of file.
2026-02-18 23:49:05,324 [ERROR] LogOutputStream:75 - [STDERR_REDIRECT] 
2026-02-18 23:49:06,312 [ERROR] LogOutputStream:75 - [STDERR_REDIRECT] [Fatal Error] :1:1: Premature end of file.
2026-02-18 23:49:06,312 [ERROR] LogOutputStream:75 - [STDERR_REDIRECT] 
2026-02-18 23:49:07,308 [ERROR] LogOutputStream:75 - [STDERR_REDIRECT] [Fatal Error] :1:1: Premature end of file.
2026-02-18 23:49:07,308 [ERROR] LogOutputStream:75 - [STDERR_REDIRECT] 
2026-02-18 23:49:08,318 [ERROR] LogOutputStream:75 - [STDERR_REDIRECT] [Fatal Error] :1:1: Premature end of file.
2026-02-18 23:49:08,318 [ERROR] LogOutputStream:75 - [STDERR_REDIRECT] 
2026-02-18 23:49:09,311 [ERROR] LogOutputStream:75 - [STDERR_REDIRECT] [Fatal Error] :1:1: Premature end of file.
2026-02-18 23:49:09,311 [ERROR] LogOutputStream:75 - [STDERR_REDIRECT] 
2026-02-18 23:49:10,317 [ERROR] LogOutputStream:75 - [STDERR_REDIRECT] [Fatal Error] :1:1: Premature end of file.
2026-02-18 23:49:10,317 [ERROR] LogOutputStream:75 - [STDERR_REDIRECT] 
2026-02-18 23:49:11,305 [ERROR] LogOutputStream:75 - [STDERR_REDIRECT] [Fatal Error] :1:1: Premature end of file.
2026-02-18 23:49:11,305 [ERROR] LogOutputStream:75 - [STDERR_REDIRECT] 
2026-02-18 23:49:12,305 [ERROR] LogOutputStream:75 - [STDERR_REDIRECT] [Fatal Error] :1:1: Premature end of file.
2026-02-18 23:49:12,306 [ERROR] LogOutputStream:75 - [STDERR_REDIRECT] 
2026-02-18 23:49:13,314 [ERROR] LogOutputStream:75 - [STDERR_REDIRECT] [Fatal Error] :1:1: Premature end of file.
2026-02-18 23:49:13,314 [ERROR] LogOutputStream:75 - [STDERR_REDIRECT] 
2026-02-18 23:49:14,308 [ERROR] LogOutputStream:75 - [STDERR_REDIRECT] [Fatal Error] :1:1: Premature end of file.
2026-02-18 23:49:14,308 [ERROR] LogOutputStream:75 - [STDERR_REDIRECT] 
2026-02-18 23:49:15,305 [ERROR] LogOutputStream:75 - [STDERR_REDIRECT] [Fatal Error] :1:1: Premature end of file.
2026-02-18 23:49:15,305 [ERROR] LogOutputStream:75 - [STDERR_REDIRECT] 
2026-02-18 23:49:16,311 [ERROR] LogOutputStream:75 - [STDERR_REDIRECT] [Fatal Error] :1:1: Premature end of file.
2026-02-18 23:49:16,311 [ERROR] LogOutputStream:75 - [STDERR_REDIRECT] 
2026-02-18 23:49:17,313 [ERROR] LogOutputStream:75 - [STDERR_REDIRECT] [Fatal Error] :1:1: Premature end of file.
2026-02-18 23:49:17,313 [ERROR] LogOutputStream:75 - [STDERR_REDIRECT] 
2026-02-18 23:49:18,317 [ERROR] LogOutputStream:75 - [STDERR_REDIRECT] [Fatal Error] :1:1: Premature end of file.
2026-02-18 23:49:18,317 [ERROR] LogOutputStream:75 - [STDERR_REDIRECT] 
2026-02-18 23:49:19,320 [ERROR] LogOutputStream:75 - [STDERR_REDIRECT] [Fatal Error] :1:1: Premature end of file.
2026-02-18 23:49:19,320 [ERROR] LogOutputStream:75 - [STDERR_REDIRECT] 
2026-02-18 23:49:20,316 [ERROR] LogOutputStream:75 - [STDERR_REDIRECT] [Fatal Error] :1:1: Premature end of file.
2026-02-18 23:49:20,316 [ERROR] LogOutputStream:75 - [STDERR_REDIRECT] 
2026-02-18 23:49:21,314 [ERROR] LogOutputStream:75 - [STDERR_REDIRECT] [Fatal Error] :1:1: Premature end of file.
2026-02-18 23:49:21,314 [ERROR] LogOutputStream:75 - [STDERR_REDIRECT] 
2026-02-18 23:49:22,305 [ERROR] LogOutputStream:75 - [STDERR_REDIRECT] [Fatal Error] :1:1: Premature end of file.
2026-02-18 23:49:22,305 [ERROR] LogOutputStream:75 - [STDERR_REDIRECT] 
2026-02-18 23:49:23,313 [ERROR] LogOutputStream:75 - [STDERR_REDIRECT] [Fatal Error] :1:1: Premature end of file.
2026-02-18 23:49:23,313 [ERROR] LogOutputStream:75 - [STDERR_REDIRECT] 
2026-02-18 23:49:24,314 [ERROR] LogOutputStream:75 - [STDERR_REDIRECT] [Fatal Error] :1:1: Premature end of file.
2026-02-18 23:49:24,314 [ERROR] LogOutputStream:75 - [STDERR_REDIRECT] 
2026-02-18 23:49:25,314 [ERROR] LogOutputStream:75 - [STDERR_REDIRECT] [Fatal Error] :1:1: Premature end of file.
2026-02-18 23:49:25,314 [ERROR] LogOutputStream:75 - [STDERR_REDIRECT] 
2026-02-18 23:49:26,306 [ERROR] LogOutputStream:75 - [STDERR_REDIRECT] [Fatal Error] :1:1: Premature end of file.
2026-02-18 23:49:26,306 [ERROR] LogOutputStream:75 - [STDERR_REDIRECT] 
2026-02-18 23:49:27,308 [ERROR] LogOutputStream:75 - [STDERR_REDIRECT] [Fatal Error] :1:1: Premature end of file.
2026-02-18 23:49:27,308 [ERROR] LogOutputStream:75 - [STDERR_REDIRECT] 
2026-02-18 23:49:28,309 [ERROR] LogOutputStream:75 - [STDERR_REDIRECT] [Fatal Error] :1:1: Premature end of file.
2026-02-18 23:49:28,309 [ERROR] LogOutputStream:75 - [STDERR_REDIRECT] 
2026-02-18 23:49:29,317 [ERROR] LogOutputStream:75 - [STDERR_REDIRECT] [Fatal Error] :1:1: Premature end of file.
2026-02-18 23:49:29,317 [ERROR] LogOutputStream:75 - [STDERR_REDIRECT] 
2026-02-18 23:49:30,306 [ERROR] LogOutputStream:75 - [STDERR_REDIRECT] [Fatal Error] :1:1: Premature end of file.
2026-02-18 23:49:30,306 [ERROR] LogOutputStream:75 - [STDERR_REDIRECT] 
2026-02-18 23:49:31,313 [ERROR] LogOutputStream:75 - [STDERR_REDIRECT] [Fatal Error] :1:1: Premature end of file.
2026-02-18 23:49:31,314 [ERROR] LogOutputStream:75 - [STDERR_REDIRECT] 
2026-02-18 23:49:32,307 [ERROR] LogOutputStream:75 - [STDERR_REDIRECT] [Fatal Error] :1:1: Premature end of file.
2026-02-18 23:49:32,307 [ERROR] LogOutputStream:75 - [STDERR_REDIRECT] 
2026-02-18 23:49:33,326 [ERROR] LogOutputStream:75 - [STDERR_REDIRECT] [Fatal Error] :1:1: Premature end of file.
2026-02-18 23:49:33,327 [ERROR] LogOutputStream:75 - [STDERR_REDIRECT] 
2026-02-18 23:49:34,309 [ERROR] LogOutputStream:75 - [STDERR_REDIRECT] [Fatal Error] :1:1: Premature end of file.
2026-02-18 23:49:34,309 [ERROR] LogOutputStream:75 - [STDERR_REDIRECT] 
2026-02-18 23:49:35,324 [ERROR] LogOutputStream:75 - [STDERR_REDIRECT] [Fatal Error] :1:1: Premature end of file.
2026-02-18 23:49:35,324 [ERROR] LogOutputStream:75 - [STDERR_REDIRECT] 
2026-02-18 23:49:36,322 [ERROR] LogOutputStream:75 - [STDERR_REDIRECT] [Fatal Error] :1:1: Premature end of file.
2026-02-18 23:49:36,322 [ERROR] LogOutputStream:75 - [STDERR_REDIRECT] 
2026-02-18 23:49:37,304 [ERROR] LogOutputStream:75 - [STDERR_REDIRECT] [Fatal Error] :1:1: Premature end of file.
2026-02-18 23:49:37,304 [ERROR] LogOutputStream:75 - [STDERR_REDIRECT] 
2026-02-18 23:49:38,308 [ERROR] LogOutputStream:75 - [STDERR_REDIRECT] [Fatal Error] :1:1: Premature end of file.
2026-02-18 23:49:38,308 [ERROR] LogOutputStream:75 - [STDERR_REDIRECT] 
2026-02-18 23:49:39,307 [ERROR] LogOutputStream:75 - [STDERR_REDIRECT] [Fatal Error] :1:1: Premature end of file.
2026-02-18 23:49:39,307 [ERROR] LogOutputStream:75 - [STDERR_REDIRECT] 
2026-02-18 23:49:40,326 [ERROR] LogOutputStream:75 - [STDERR_REDIRECT] [Fatal Error] :1:1: Premature end of file.
2026-02-18 23:49:40,326 [ERROR] LogOutputStream:75 - [STDERR_REDIRECT] 
2026-02-18 23:49:41,308 [ERROR] LogOutputStream:75 - [STDERR_REDIRECT] [Fatal Error] :1:1: Premature end of file.
2026-02-18 23:49:41,308 [ERROR] LogOutputStream:75 - [STDERR_REDIRECT] 
2026-02-18 23:49:42,315 [ERROR] LogOutputStream:75 - [STDERR_REDIRECT] [Fatal Error] :1:1: Premature end of file.
2026-02-18 23:49:42,315 [ERROR] LogOutputStream:75 - [STDERR_REDIRECT] 
2026-02-18 23:49:43,316 [ERROR] LogOutputStream:75 - [STDERR_REDIRECT] [Fatal Error] :1:1: Premature end of file.
2026-02-18 23:49:43,316 [ERROR] LogOutputStream:75 - [STDERR_REDIRECT] 
2026-02-18 23:49:44,306 [ERROR] LogOutputStream:75 - [STDERR_REDIRECT] [Fatal Error] :1:1: Premature end of file.
2026-02-18 23:49:44,306 [ERROR] LogOutputStream:75 - [STDERR_REDIRECT] 
2026-02-18 23:49:45,317 [ERROR] LogOutputStream:75 - [STDERR_REDIRECT] [Fatal Error] :1:1: Premature end of file.
2026-02-18 23:49:45,317 [ERROR] LogOutputStream:75 - [STDERR_REDIRECT] 
2026-02-18 23:49:46,310 [ERROR] LogOutputStream:75 - [STDERR_REDIRECT] [Fatal Error] :1:1: Premature end of file.
2026-02-18 23:49:46,310 [ERROR] LogOutputStream:75 - [STDERR_REDIRECT] 
2026-02-18 23:49:47,305 [ERROR] LogOutputStream:75 - [STDERR_REDIRECT] [Fatal Error] :1:1: Premature end of file.
2026-02-18 23:49:47,306 [ERROR] LogOutputStream:75 - [STDERR_REDIRECT] 
2026-02-18 23:49:48,316 [ERROR] LogOutputStream:75 - [STDERR_REDIRECT] [Fatal Error] :1:1: Premature end of file.
2026-02-18 23:49:48,316 [ERROR] LogOutputStream:75 - [STDERR_REDIRECT] 
2026-02-18 23:49:49,309 [ERROR] LogOutputStream:75 - [STDERR_REDIRECT] [Fatal Error] :1:1: Premature end of file.
2026-02-18 23:49:49,309 [ERROR] LogOutputStream:75 - [STDERR_REDIRECT] 
2026-02-18 23:49:50,315 [ERROR] LogOutputStream:75 - [STDERR_REDIRECT] [Fatal Error] :1:1: Premature end of file.
2026-02-18 23:49:50,315 [ERROR] LogOutputStream:75 - [STDERR_REDIRECT] 
2026-02-18 23:49:51,306 [ERROR] LogOutputStream:75 - [STDERR_REDIRECT] [Fatal Error] :1:1: Premature end of file.
2026-02-18 23:49:51,306 [ERROR] LogOutputStream:75 - [STDERR_REDIRECT] 
2026-02-18 23:49:52,307 [ERROR] LogOutputStream:75 - [STDERR_REDIRECT] [Fatal Error] :1:1: Premature end of file.
2026-02-18 23:49:52,307 [ERROR] LogOutputStream:75 - [STDERR_REDIRECT] 
2026-02-18 23:49:53,314 [ERROR] LogOutputStream:75 - [STDERR_REDIRECT] [Fatal Error] :1:1: Premature end of file.
2026-02-18 23:49:53,314 [ERROR] LogOutputStream:75 - [STDERR_REDIRECT] 
2026-02-18 23:49:54,311 [ERROR] LogOutputStream:75 - [STDERR_REDIRECT] [Fatal Error] :1:1: Premature end of file.
2026-02-18 23:49:54,311 [ERROR] LogOutputStream:75 - [STDERR_REDIRECT] 
2026-02-18 23:49:55,312 [ERROR] LogOutputStream:75 - [STDERR_REDIRECT] [Fatal Error] :1:1: Premature end of file.
2026-02-18 23:49:55,312 [ERROR] LogOutputStream:75 - [STDERR_REDIRECT] 
2026-02-18 23:49:56,313 [ERROR] LogOutputStream:75 - [STDERR_REDIRECT] [Fatal Error] :1:1: Premature end of file.
2026-02-18 23:49:56,313 [ERROR] LogOutputStream:75 - [STDERR_REDIRECT] 
2026-02-18 23:49:57,324 [ERROR] LogOutputStream:75 - [STDERR_REDIRECT] [Fatal Error] :1:1: Premature end of file.
2026-02-18 23:49:57,324 [ERROR] LogOutputStream:75 - [STDERR_REDIRECT] 
2026-02-18 23:49:58,308 [ERROR] LogOutputStream:75 - [STDERR_REDIRECT] [Fatal Error] :1:1: Premature end of file.
2026-02-18 23:49:58,309 [ERROR] LogOutputStream:75 - [STDERR_REDIRECT] 
2026-02-18 23:49:59,305 [ERROR] LogOutputStream:75 - [STDERR_REDIRECT] [Fatal Error] :1:1: Premature end of file.
2026-02-18 23:49:59,305 [ERROR] LogOutputStream:75 - [STDERR_REDIRECT] 
2026-02-18 23:50:00,309 [ERROR] LogOutputStream:75 - [STDERR_REDIRECT] [Fatal Error] :1:1: Premature end of file.
2026-02-18 23:50:00,309 [ERROR] LogOutputStream:75 - [STDERR_REDIRECT] 
2026-02-18 23:50:01,305 [ERROR] LogOutputStream:75 - [STDERR_REDIRECT] [Fatal Error] :1:1: Premature end of file.
2026-02-18 23:50:01,305 [ERROR] LogOutputStream:75 - [STDERR_REDIRECT] 
2026-02-18 23:50:02,309 [ERROR] LogOutputStream:75 - [STDERR_REDIRECT] [Fatal Error] :1:1: Premature end of file.
2026-02-18 23:50:02,309 [ERROR] LogOutputStream:75 - [STDERR_REDIRECT] 
2026-02-18 23:50:03,305 [ERROR] LogOutputStream:75 - [STDERR_REDIRECT] [Fatal Error] :1:1: Premature end of file.
2026-02-18 23:50:03,305 [ERROR] LogOutputStream:75 - [STDERR_REDIRECT] 
2026-02-18 23:50:04,305 [ERROR] LogOutputStream:75 - [STDERR_REDIRECT] [Fatal Error] :1:1: Premature end of file.
2026-02-18 23:50:04,305 [ERROR] LogOutputStream:75 - [STDERR_REDIRECT] 
2026-02-18 23:50:05,306 [ERROR] LogOutputStream:75 - [STDERR_REDIRECT] [Fatal Error] :1:1: Premature end of file.
2026-02-18 23:50:05,307 [ERROR] LogOutputStream:75 - [STDERR_REDIRECT] 
2026-02-18 23:50:06,309 [ERROR] LogOutputStream:75 - [STDERR_REDIRECT] [Fatal Error] :1:1: Premature end of file.
2026-02-18 23:50:06,309 [ERROR] LogOutputStream:75 - [STDERR_REDIRECT] 
2026-02-18 23:50:07,305 [ERROR] LogOutputStream:75 - [STDERR_REDIRECT] [Fatal Error] :1:1: Premature end of file.
2026-02-18 23:50:07,306 [ERROR] LogOutputStream:75 - [STDERR_REDIRECT] 
2026-02-18 23:50:08,317 [ERROR] LogOutputStream:75 - [STDERR_REDIRECT] [Fatal Error] :1:1: Premature end of file.
2026-02-18 23:50:08,317 [ERROR] LogOutputStream:75 - [STDERR_REDIRECT] 
2026-02-18 23:50:09,315 [ERROR] LogOutputStream:75 - [STDERR_REDIRECT] [Fatal Error] :1:1: Premature end of file.
2026-02-18 23:50:09,315 [ERROR] LogOutputStream:75 - [STDERR_REDIRECT] 
2026-02-18 23:50:10,306 [ERROR] LogOutputStream:75 - [STDERR_REDIRECT] [Fatal Error] :1:1: Premature end of file.
2026-02-18 23:50:10,306 [ERROR] LogOutputStream:75 - [STDERR_REDIRECT] 
2026-02-18 23:50:11,315 [ERROR] LogOutputStream:75 - [STDERR_REDIRECT] [Fatal Error] :1:1: Premature end of file.
2026-02-18 23:50:11,315 [ERROR] LogOutputStream:75 - [STDERR_REDIRECT] 
2026-02-18 23:50:12,315 [ERROR] LogOutputStream:75 - [STDERR_REDIRECT] [Fatal Error] :1:1: Premature end of file.
2026-02-18 23:50:12,315 [ERROR] LogOutputStream:75 - [STDERR_REDIRECT] 
2026-02-18 23:50:13,309 [ERROR] LogOutputStream:75 - [STDERR_REDIRECT] [Fatal Error] :1:1: Premature end of file.
2026-02-18 23:50:13,309 [ERROR] LogOutputStream:75 - [STDERR_REDIRECT] 
2026-02-18 23:50:14,317 [ERROR] LogOutputStream:75 - [STDERR_REDIRECT] [Fatal Error] :1:1: Premature end of file.
2026-02-18 23:50:14,317 [ERROR] LogOutputStream:75 - [STDERR_REDIRECT] 
2026-02-18 23:50:15,314 [ERROR] LogOutputStream:75 - [STDERR_REDIRECT] [Fatal Error] :1:1: Premature end of file.
2026-02-18 23:50:15,314 [ERROR] LogOutputStream:75 - [STDERR_REDIRECT] 
2026-02-18 23:50:16,306 [ERROR] LogOutputStream:75 - [STDERR_REDIRECT] [Fatal Error] :1:1: Premature end of file.
2026-02-18 23:50:16,308 [ERROR] LogOutputStream:75 - [STDERR_REDIRECT] 
2026-02-18 23:50:17,320 [ERROR] LogOutputStream:75 - [STDERR_REDIRECT] [Fatal Error] :1:1: Premature end of file.
2026-02-18 23:50:17,320 [ERROR] LogOutputStream:75 - [STDERR_REDIRECT] 
2026-02-18 23:50:18,307 [ERROR] LogOutputStream:75 - [STDERR_REDIRECT] [Fatal Error] :1:1: Premature end of file.
2026-02-18 23:50:18,307 [ERROR] LogOutputStream:75 - [STDERR_REDIRECT] 
2026-02-18 23:50:19,313 [ERROR] LogOutputStream:75 - [STDERR_REDIRECT] [Fatal Error] :1:1: Premature end of file.
2026-02-18 23:50:19,313 [ERROR] LogOutputStream:75 - [STDERR_REDIRECT] 
2026-02-18 23:50:20,305 [ERROR] LogOutputStream:75 - [STDERR_REDIRECT] [Fatal Error] :1:1: Premature end of file.
2026-02-18 23:50:20,305 [ERROR] LogOutputStream:75 - [STDERR_REDIRECT] 
2026-02-18 23:50:21,313 [ERROR] LogOutputStream:75 - [STDERR_REDIRECT] [Fatal Error] :1:1: Premature end of file.
2026-02-18 23:50:21,313 [ERROR] LogOutputStream:75 - [STDERR_REDIRECT] 
2026-02-18 23:50:22,330 [ERROR] LogOutputStream:75 - [STDERR_REDIRECT] [Fatal Error] :1:1: Premature end of file.
2026-02-18 23:50:22,330 [ERROR] LogOutputStream:75 - [STDERR_REDIRECT] 
2026-02-18 23:50:23,323 [ERROR] LogOutputStream:75 - [STDERR_REDIRECT] [Fatal Error] :1:1: Premature end of file.
2026-02-18 23:50:23,323 [ERROR] LogOutputStream:75 - [STDERR_REDIRECT] 
2026-02-18 23:50:24,322 [ERROR] LogOutputStream:75 - [STDERR_REDIRECT] [Fatal Error] :1:1: Premature end of file.
2026-02-18 23:50:24,322 [ERROR] LogOutputStream:75 - [STDERR_REDIRECT] 
2026-02-18 23:50:25,324 [ERROR] LogOutputStream:75 - [STDERR_REDIRECT] [Fatal Error] :1:1: Premature end of file.
2026-02-18 23:50:25,324 [ERROR] LogOutputStream:75 - [STDERR_REDIRECT] 
2026-02-18 23:50:26,322 [ERROR] LogOutputStream:75 - [STDERR_REDIRECT] [Fatal Error] :1:1: Premature end of file.
2026-02-18 23:50:26,323 [ERROR] LogOutputStream:75 - [STDERR_REDIRECT] 
2026-02-18 23:50:27,315 [ERROR] LogOutputStream:75 - [STDERR_REDIRECT] [Fatal Error] :1:1: Premature end of file.
2026-02-18 23:50:27,315 [ERROR] LogOutputStream:75 - [STDERR_REDIRECT] 
2026-02-18 23:50:28,323 [ERROR] LogOutputStream:75 - [STDERR_REDIRECT] [Fatal Error] :1:1: Premature end of file.
2026-02-18 23:50:28,323 [ERROR] LogOutputStream:75 - [STDERR_REDIRECT] 
2026-02-18 23:50:29,315 [ERROR] LogOutputStream:75 - [STDERR_REDIRECT] [Fatal Error] :1:1: Premature end of file.
2026-02-18 23:50:29,316 [ERROR] LogOutputStream:75 - [STDERR_REDIRECT] 
2026-02-18 23:50:30,316 [ERROR] LogOutputStream:75 - [STDERR_REDIRECT] [Fatal Error] :1:1: Premature end of file.
2026-02-18 23:50:30,316 [ERROR] LogOutputStream:75 - [STDERR_REDIRECT] 
2026-02-18 23:50:31,308 [ERROR] LogOutputStream:75 - [STDERR_REDIRECT] [Fatal Error] :1:1: Premature end of file.
2026-02-18 23:50:31,308 [ERROR] LogOutputStream:75 - [STDERR_REDIRECT] 
2026-02-18 23:50:32,306 [ERROR] LogOutputStream:75 - [STDERR_REDIRECT] [Fatal Error] :1:1: Premature end of file.
2026-02-18 23:50:32,306 [ERROR] LogOutputStream:75 - [STDERR_REDIRECT] 
2026-02-18 23:50:33,304 [ERROR] LogOutputStream:75 - [STDERR_REDIRECT] [Fatal Error] :1:1: Premature end of file.
2026-02-18 23:50:33,305 [ERROR] LogOutputStream:75 - [STDERR_REDIRECT] 
2026-02-18 23:50:34,306 [ERROR] LogOutputStream:75 - [STDERR_REDIRECT] [Fatal Error] :1:1: Premature end of file.
2026-02-18 23:50:34,306 [ERROR] LogOutputStream:75 - [STDERR_REDIRECT] 
2026-02-18 23:50:35,305 [ERROR] LogOutputStream:75 - [STDERR_REDIRECT] [Fatal Error] :1:1: Premature end of file.
2026-02-18 23:50:35,305 [ERROR] LogOutputStream:75 - [STDERR_REDIRECT] 
2026-02-18 23:50:36,306 [ERROR] LogOutputStream:75 - [STDERR_REDIRECT] [Fatal Error] :1:1: Premature end of file.
2026-02-18 23:50:36,306 [ERROR] LogOutputStream:75 - [STDERR_REDIRECT] 
2026-02-18 23:50:37,326 [ERROR] LogOutputStream:75 - [STDERR_REDIRECT] [Fatal Error] :1:1: Premature end of file.
2026-02-18 23:50:37,326 [ERROR] LogOutputStream:75 - [STDERR_REDIRECT] 
2026-02-18 23:50:38,316 [ERROR] LogOutputStream:75 - [STDERR_REDIRECT] [Fatal Error] :1:1: Premature end of file.
2026-02-18 23:50:38,316 [ERROR] LogOutputStream:75 - [STDERR_REDIRECT] 
2026-02-18 23:50:39,315 [ERROR] LogOutputStream:75 - [STDERR_REDIRECT] [Fatal Error] :1:1: Premature end of file.
2026-02-18 23:50:39,315 [ERROR] LogOutputStream:75 - [STDERR_REDIRECT] 
2026-02-18 23:50:40,314 [ERROR] LogOutputStream:75 - [STDERR_REDIRECT] [Fatal Error] :1:1: Premature end of file.
2026-02-18 23:50:40,314 [ERROR] LogOutputStream:75 - [STDERR_REDIRECT] 
2026-02-18 23:50:41,315 [ERROR] LogOutputStream:75 - [STDERR_REDIRECT] [Fatal Error] :1:1: Premature end of file.
2026-02-18 23:50:41,315 [ERROR] LogOutputStream:75 - [STDERR_REDIRECT] 
2026-02-18 23:50:42,312 [ERROR] LogOutputStream:75 - [STDERR_REDIRECT] [Fatal Error] :1:1: Premature end of file.
2026-02-18 23:50:42,313 [ERROR] LogOutputStream:75 - [STDERR_REDIRECT] 
2026-02-18 23:50:43,308 [ERROR] LogOutputStream:75 - [STDERR_REDIRECT] [Fatal Error] :1:1: Premature end of file.
2026-02-18 23:50:43,308 [ERROR] LogOutputStream:75 - [STDERR_REDIRECT] 
2026-02-18 23:50:44,308 [ERROR] LogOutputStream:75 - [STDERR_REDIRECT] [Fatal Error] :1:1: Premature end of file.
2026-02-18 23:50:44,308 [ERROR] LogOutputStream:75 - [STDERR_REDIRECT] 
2026-02-18 23:50:45,309 [ERROR] LogOutputStream:75 - [STDERR_REDIRECT] [Fatal Error] :1:1: Premature end of file.
2026-02-18 23:50:45,309 [ERROR] LogOutputStream:75 - [STDERR_REDIRECT] 
2026-02-18 23:50:46,308 [ERROR] LogOutputStream:75 - [STDERR_REDIRECT] [Fatal Error] :1:1: Premature end of file.
2026-02-18 23:50:46,308 [ERROR] LogOutputStream:75 - [STDERR_REDIRECT] 
2026-02-18 23:50:47,312 [ERROR] LogOutputStream:75 - [STDERR_REDIRECT] [Fatal Error] :1:1: Premature end of file.
2026-02-18 23:50:47,312 [ERROR] LogOutputStream:75 - [STDERR_REDIRECT] 
2026-02-18 23:50:48,310 [ERROR] LogOutputStream:75 - [STDERR_REDIRECT] [Fatal Error] :1:1: Premature end of file.
2026-02-18 23:50:48,310 [ERROR] LogOutputStream:75 - [STDERR_REDIRECT] 
2026-02-18 23:50:49,314 [ERROR] LogOutputStream:75 - [STDERR_REDIRECT] [Fatal Error] :1:1: Premature end of file.
2026-02-18 23:50:49,314 [ERROR] LogOutputStream:75 - [STDERR_REDIRECT] 
2026-02-18 23:50:50,308 [ERROR] LogOutputStream:75 - [STDERR_REDIRECT] [Fatal Error] :1:1: Premature end of file.
2026-02-18 23:50:50,308 [ERROR] LogOutputStream:75 - [STDERR_REDIRECT] 
2026-02-18 23:50:51,315 [ERROR] LogOutputStream:75 - [STDERR_REDIRECT] [Fatal Error] :1:1: Premature end of file.
2026-02-18 23:50:51,315 [ERROR] LogOutputStream:75 - [STDERR_REDIRECT] 
2026-02-18 23:50:52,305 [ERROR] LogOutputStream:75 - [STDERR_REDIRECT] [Fatal Error] :1:1: Premature end of file.
2026-02-18 23:50:52,305 [ERROR] LogOutputStream:75 - [STDERR_REDIRECT] 
2026-02-18 23:50:53,322 [ERROR] LogOutputStream:75 - [STDERR_REDIRECT] [Fatal Error] :1:1: Premature end of file.
2026-02-18 23:50:53,322 [ERROR] LogOutputStream:75 - [STDERR_REDIRECT] 
2026-02-18 23:50:54,316 [ERROR] LogOutputStream:75 - [STDERR_REDIRECT] [Fatal Error] :1:1: Premature end of file.
2026-02-18 23:50:54,316 [ERROR] LogOutputStream:75 - [STDERR_REDIRECT] 
2026-02-18 23:50:55,307 [ERROR] LogOutputStream:75 - [STDERR_REDIRECT] [Fatal Error] :1:1: Premature end of file.
2026-02-18 23:50:55,307 [ERROR] LogOutputStream:75 - [STDERR_REDIRECT] 
2026-02-18 23:50:56,306 [ERROR] LogOutputStream:75 - [STDERR_REDIRECT] [Fatal Error] :1:1: Premature end of file.
2026-02-18 23:50:56,306 [ERROR] LogOutputStream:75 - [STDERR_REDIRECT] 
2026-02-18 23:50:57,310 [ERROR] LogOutputStream:75 - [STDERR_REDIRECT] [Fatal Error] :1:1: Premature end of file.
2026-02-18 23:50:57,310 [ERROR] LogOutputStream:75 - [STDERR_REDIRECT] 
2026-02-18 23:50:58,309 [ERROR] LogOutputStream:75 - [STDERR_REDIRECT] [Fatal Error] :1:1: Premature end of file.
2026-02-18 23:50:58,309 [ERROR] LogOutputStream:75 - [STDERR_REDIRECT] 
2026-02-18 23:50:59,310 [ERROR] LogOutputStream:75 - [STDERR_REDIRECT] [Fatal Error] :1:1: Premature end of file.
2026-02-18 23:50:59,310 [ERROR] LogOutputStream:75 - [STDERR_REDIRECT] 
2026-02-18 23:51:00,310 [ERROR] LogOutputStream:75 - [STDERR_REDIRECT] [Fatal Error] :1:1: Premature end of file.
2026-02-18 23:51:00,310 [ERROR] LogOutputStream:75 - [STDERR_REDIRECT] 
2026-02-18 23:51:01,319 [ERROR] LogOutputStream:75 - [STDERR_REDIRECT] [Fatal Error] :1:1: Premature end of file.
2026-02-18 23:51:01,319 [ERROR] LogOutputStream:75 - [STDERR_REDIRECT] 
2026-02-18 23:51:02,320 [ERROR] LogOutputStream:75 - [STDERR_REDIRECT] [Fatal Error] :1:1: Premature end of file.
2026-02-18 23:51:02,320 [ERROR] LogOutputStream:75 - [STDERR_REDIRECT] 
2026-02-18 23:51:03,316 [ERROR] LogOutputStream:75 - [STDERR_REDIRECT] [Fatal Error] :1:1: Premature end of file.
2026-02-18 23:51:03,316 [ERROR] LogOutputStream:75 - [STDERR_REDIRECT] 
2026-02-18 23:51:04,315 [ERROR] LogOutputStream:75 - [STDERR_REDIRECT] [Fatal Error] :1:1: Premature end of file.
2026-02-18 23:51:04,315 [ERROR] LogOutputStream:75 - [STDERR_REDIRECT] 
2026-02-18 23:51:05,325 [ERROR] LogOutputStream:75 - [STDERR_REDIRECT] [Fatal Error] :1:1: Premature end of file.
2026-02-18 23:51:05,325 [ERROR] LogOutputStream:75 - [STDERR_REDIRECT] 
2026-02-18 23:51:06,319 [ERROR] LogOutputStream:75 - [STDERR_REDIRECT] [Fatal Error] :1:1: Premature end of file.
2026-02-18 23:51:06,319 [ERROR] LogOutputStream:75 - [STDERR_REDIRECT] 
2026-02-18 23:51:07,308 [ERROR] LogOutputStream:75 - [STDERR_REDIRECT] [Fatal Error] :1:1: Premature end of file.
2026-02-18 23:51:07,308 [ERROR] LogOutputStream:75 - [STDERR_REDIRECT] 
2026-02-18 23:51:08,316 [ERROR] LogOutputStream:75 - [STDERR_REDIRECT] [Fatal Error] :1:1: Premature end of file.
2026-02-18 23:51:08,316 [ERROR] LogOutputStream:75 - [STDERR_REDIRECT] 
2026-02-18 23:51:09,306 [ERROR] LogOutputStream:75 - [STDERR_REDIRECT] [Fatal Error] :1:1: Premature end of file.
2026-02-18 23:51:09,306 [ERROR] LogOutputStream:75 - [STDERR_REDIRECT] 
2026-02-18 23:51:10,324 [ERROR] LogOutputStream:75 - [STDERR_REDIRECT] [Fatal Error] :1:1: Premature end of file.
2026-02-18 23:51:10,325 [ERROR] LogOutputStream:75 - [STDERR_REDIRECT] 
2026-02-18 23:51:11,321 [ERROR] LogOutputStream:75 - [STDERR_REDIRECT] [Fatal Error] :1:1: Premature end of file.
2026-02-18 23:51:11,321 [ERROR] LogOutputStream:75 - [STDERR_REDIRECT] 
2026-02-18 23:51:12,316 [ERROR] LogOutputStream:75 - [STDERR_REDIRECT] [Fatal Error] :1:1: Premature end of file.
2026-02-18 23:51:12,316 [ERROR] LogOutputStream:75 - [STDERR_REDIRECT] 
2026-02-18 23:51:13,313 [ERROR] LogOutputStream:75 - [STDERR_REDIRECT] [Fatal Error] :1:1: Premature end of file.
2026-02-18 23:51:13,313 [ERROR] LogOutputStream:75 - [STDERR_REDIRECT] 
2026-02-18 23:51:14,309 [ERROR] LogOutputStream:75 - [STDERR_REDIRECT] [Fatal Error] :1:1: Premature end of file.
2026-02-18 23:51:14,309 [ERROR] LogOutputStream:75 - [STDERR_REDIRECT] 
2026-02-18 23:51:15,314 [ERROR] LogOutputStream:75 - [STDERR_REDIRECT] [Fatal Error] :1:1: Premature end of file.
2026-02-18 23:51:15,314 [ERROR] LogOutputStream:75 - [STDERR_REDIRECT] 
2026-02-18 23:51:16,315 [ERROR] LogOutputStream:75 - [STDERR_REDIRECT] [Fatal Error] :1:1: Premature end of file.
2026-02-18 23:51:16,315 [ERROR] LogOutputStream:75 - [STDERR_REDIRECT] 
2026-02-18 23:51:17,321 [ERROR] LogOutputStream:75 - [STDERR_REDIRECT] [Fatal Error] :1:1: Premature end of file.
2026-02-18 23:51:17,321 [ERROR] LogOutputStream:75 - [STDERR_REDIRECT] 
2026-02-18 23:51:18,320 [ERROR] LogOutputStream:75 - [STDERR_REDIRECT] [Fatal Error] :1:1: Premature end of file.
2026-02-18 23:51:18,320 [ERROR] LogOutputStream:75 - [STDERR_REDIRECT] 
2026-02-18 23:51:19,314 [ERROR] LogOutputStream:75 - [STDERR_REDIRECT] [Fatal Error] :1:1: Premature end of file.
2026-02-18 23:51:19,314 [ERROR] LogOutputStream:75 - [STDERR_REDIRECT] 
2026-02-18 23:51:20,314 [ERROR] LogOutputStream:75 - [STDERR_REDIRECT] [Fatal Error] :1:1: Premature end of file.
2026-02-18 23:51:20,314 [ERROR] LogOutputStream:75 - [STDERR_REDIRECT] 
2026-02-18 23:51:21,319 [ERROR] LogOutputStream:75 - [STDERR_REDIRECT] [Fatal Error] :1:1: Premature end of file.
2026-02-18 23:51:21,319 [ERROR] LogOutputStream:75 - [STDERR_REDIRECT] 
2026-02-18 23:51:22,321 [ERROR] LogOutputStream:75 - [STDERR_REDIRECT] [Fatal Error] :1:1: Premature end of file.
2026-02-18 23:51:22,321 [ERROR] LogOutputStream:75 - [STDERR_REDIRECT] 
2026-02-18 23:51:23,324 [ERROR] LogOutputStream:75 - [STDERR_REDIRECT] [Fatal Error] :1:1: Premature end of file.
2026-02-18 23:51:23,324 [ERROR] LogOutputStream:75 - [STDERR_REDIRECT] 
2026-02-18 23:51:24,324 [ERROR] LogOutputStream:75 - [STDERR_REDIRECT] [Fatal Error] :1:1: Premature end of file.
2026-02-18 23:51:24,324 [ERROR] LogOutputStream:75 - [STDERR_REDIRECT] 
2026-02-18 23:51:25,304 [ERROR] LogOutputStream:75 - [STDERR_REDIRECT] [Fatal Error] :1:1: Premature end of file.
2026-02-18 23:51:25,304 [ERROR] LogOutputStream:75 - [STDERR_REDIRECT] 
2026-02-18 23:51:26,307 [ERROR] LogOutputStream:75 - [STDERR_REDIRECT] [Fatal Error] :1:1: Premature end of file.
2026-02-18 23:51:26,307 [ERROR] LogOutputStream:75 - [STDERR_REDIRECT] 
2026-02-18 23:51:27,308 [ERROR] LogOutputStream:75 - [STDERR_REDIRECT] [Fatal Error] :1:1: Premature end of file.
2026-02-18 23:51:27,309 [ERROR] LogOutputStream:75 - [STDERR_REDIRECT] 
2026-02-18 23:51:28,311 [ERROR] LogOutputStream:75 - [STDERR_REDIRECT] [Fatal Error] :1:1: Premature end of file.
2026-02-18 23:51:28,311 [ERROR] LogOutputStream:75 - [STDERR_REDIRECT] 
2026-02-18 23:51:29,308 [ERROR] LogOutputStream:75 - [STDERR_REDIRECT] [Fatal Error] :1:1: Premature end of file.
2026-02-18 23:51:29,308 [ERROR] LogOutputStream:75 - [STDERR_REDIRECT] 
2026-02-18 23:51:30,305 [ERROR] LogOutputStream:75 - [STDERR_REDIRECT] [Fatal Error] :1:1: Premature end of file.
2026-02-18 23:51:30,305 [ERROR] LogOutputStream:75 - [STDERR_REDIRECT] 
2026-02-18 23:51:31,315 [ERROR] LogOutputStream:75 - [STDERR_REDIRECT] [Fatal Error] :1:1: Premature end of file.
2026-02-18 23:51:31,315 [ERROR] LogOutputStream:75 - [STDERR_REDIRECT] 
2026-02-18 23:51:32,315 [ERROR] LogOutputStream:75 - [STDERR_REDIRECT] [Fatal Error] :1:1: Premature end of file.
2026-02-18 23:51:32,315 [ERROR] LogOutputStream:75 - [STDERR_REDIRECT] 
2026-02-18 23:51:33,310 [ERROR] LogOutputStream:75 - [STDERR_REDIRECT] [Fatal Error] :1:1: Premature end of file.
2026-02-18 23:51:33,310 [ERROR] LogOutputStream:75 - [STDERR_REDIRECT] 
2026-02-18 23:51:34,306 [ERROR] LogOutputStream:75 - [STDERR_REDIRECT] [Fatal Error] :1:1: Premature end of file.
2026-02-18 23:51:34,306 [ERROR] LogOutputStream:75 - [STDERR_REDIRECT] 
2026-02-18 23:51:35,318 [ERROR] LogOutputStream:75 - [STDERR_REDIRECT] [Fatal Error] :1:1: Premature end of file.
2026-02-18 23:51:35,318 [ERROR] LogOutputStream:75 - [STDERR_REDIRECT] 
2026-02-18 23:51:36,307 [ERROR] LogOutputStream:75 - [STDERR_REDIRECT] [Fatal Error] :1:1: Premature end of file.
2026-02-18 23:51:36,307 [ERROR] LogOutputStream:75 - [STDERR_REDIRECT] 
2026-02-18 23:51:37,315 [ERROR] LogOutputStream:75 - [STDERR_REDIRECT] [Fatal Error] :1:1: Premature end of file.
2026-02-18 23:51:37,315 [ERROR] LogOutputStream:75 - [STDERR_REDIRECT] 
2026-02-18 23:51:38,314 [ERROR] LogOutputStream:75 - [STDERR_REDIRECT] [Fatal Error] :1:1: Premature end of file.
2026-02-18 23:51:38,315 [ERROR] LogOutputStream:75 - [STDERR_REDIRECT] 
2026-02-18 23:51:39,313 [ERROR] LogOutputStream:75 - [STDERR_REDIRECT] [Fatal Error] :1:1: Premature end of file.
2026-02-18 23:51:39,313 [ERROR] LogOutputStream:75 - [STDERR_REDIRECT] 
2026-02-18 23:51:40,305 [ERROR] LogOutputStream:75 - [STDERR_REDIRECT] [Fatal Error] :1:1: Premature end of file.
2026-02-18 23:51:40,306 [ERROR] LogOutputStream:75 - [STDERR_REDIRECT] 
2026-02-18 23:51:41,311 [ERROR] LogOutputStream:75 - [STDERR_REDIRECT] [Fatal Error] :1:1: Premature end of file.
2026-02-18 23:51:41,311 [ERROR] LogOutputStream:75 - [STDERR_REDIRECT] 
2026-02-18 23:51:42,308 [ERROR] LogOutputStream:75 - [STDERR_REDIRECT] [Fatal Error] :1:1: Premature end of file.
2026-02-18 23:51:42,308 [ERROR] LogOutputStream:75 - [STDERR_REDIRECT] 
2026-02-18 23:51:43,320 [ERROR] LogOutputStream:75 - [STDERR_REDIRECT] [Fatal Error] :1:1: Premature end of file.
2026-02-18 23:51:43,320 [ERROR] LogOutputStream:75 - [STDERR_REDIRECT] 
2026-02-18 23:51:44,305 [ERROR] LogOutputStream:75 - [STDERR_REDIRECT] [Fatal Error] :1:1: Premature end of file.
2026-02-18 23:51:44,305 [ERROR] LogOutputStream:75 - [STDERR_REDIRECT] 
2026-02-18 23:51:45,312 [ERROR] LogOutputStream:75 - [STDERR_REDIRECT] [Fatal Error] :1:1: Premature end of file.
2026-02-18 23:51:45,312 [ERROR] LogOutputStream:75 - [STDERR_REDIRECT] 
2026-02-18 23:51:46,312 [ERROR] LogOutputStream:75 - [STDERR_REDIRECT] [Fatal Error] :1:1: Premature end of file.
2026-02-18 23:51:46,313 [ERROR] LogOutputStream:75 - [STDERR_REDIRECT] 
2026-02-18 23:51:47,312 [ERROR] LogOutputStream:75 - [STDERR_REDIRECT] [Fatal Error] :1:1: Premature end of file.
2026-02-18 23:51:47,312 [ERROR] LogOutputStream:75 - [STDERR_REDIRECT] 
2026-02-18 23:51:48,322 [ERROR] LogOutputStream:75 - [STDERR_REDIRECT] [Fatal Error] :1:1: Premature end of file.
2026-02-18 23:51:48,323 [ERROR] LogOutputStream:75 - [STDERR_REDIRECT] 
2026-02-18 23:51:49,324 [ERROR] LogOutputStream:75 - [STDERR_REDIRECT] [Fatal Error] :1:1: Premature end of file.
2026-02-18 23:51:49,324 [ERROR] LogOutputStream:75 - [STDERR_REDIRECT] 
2026-02-18 23:51:50,314 [ERROR] LogOutputStream:75 - [STDERR_REDIRECT] [Fatal Error] :1:1: Premature end of file.
2026-02-18 23:51:50,315 [ERROR] LogOutputStream:75 - [STDERR_REDIRECT] 
2026-02-18 23:51:51,305 [ERROR] LogOutputStream:75 - [STDERR_REDIRECT] [Fatal Error] :1:1: Premature end of file.
2026-02-18 23:51:51,305 [ERROR] LogOutputStream:75 - [STDERR_REDIRECT] 
2026-02-18 23:51:52,313 [ERROR] LogOutputStream:75 - [STDERR_REDIRECT] [Fatal Error] :1:1: Premature end of file.
2026-02-18 23:51:52,313 [ERROR] LogOutputStream:75 - [STDERR_REDIRECT] 
2026-02-18 23:51:53,307 [ERROR] LogOutputStream:75 - [STDERR_REDIRECT] [Fatal Error] :1:1: Premature end of file.
2026-02-18 23:51:53,307 [ERROR] LogOutputStream:75 - [STDERR_REDIRECT] 
2026-02-18 23:51:54,319 [ERROR] LogOutputStream:75 - [STDERR_REDIRECT] [Fatal Error] :1:1: Premature end of file.
2026-02-18 23:51:54,319 [ERROR] LogOutputStream:75 - [STDERR_REDIRECT] 
2026-02-18 23:51:55,317 [ERROR] LogOutputStream:75 - [STDERR_REDIRECT] [Fatal Error] :1:1: Premature end of file.
2026-02-18 23:51:55,317 [ERROR] LogOutputStream:75 - [STDERR_REDIRECT] 
2026-02-18 23:51:56,314 [ERROR] LogOutputStream:75 - [STDERR_REDIRECT] [Fatal Error] :1:1: Premature end of file.
2026-02-18 23:51:56,315 [ERROR] LogOutputStream:75 - [STDERR_REDIRECT] 
2026-02-18 23:51:57,324 [ERROR] LogOutputStream:75 - [STDERR_REDIRECT] [Fatal Error] :1:1: Premature end of file.
2026-02-18 23:51:57,324 [ERROR] LogOutputStream:75 - [STDERR_REDIRECT] 
2026-02-18 23:51:58,313 [ERROR] LogOutputStream:75 - [STDERR_REDIRECT] [Fatal Error] :1:1: Premature end of file.
2026-02-18 23:51:58,313 [ERROR] LogOutputStream:75 - [STDERR_REDIRECT] 
2026-02-18 23:51:59,308 [ERROR] LogOutputStream:75 - [STDERR_REDIRECT] [Fatal Error] :1:1: Premature end of file.
2026-02-18 23:51:59,308 [ERROR] LogOutputStream:75 - [STDERR_REDIRECT] 
2026-02-18 23:52:00,314 [ERROR] LogOutputStream:75 - [STDERR_REDIRECT] [Fatal Error] :1:1: Premature end of file.
2026-02-18 23:52:00,314 [ERROR] LogOutputStream:75 - [STDERR_REDIRECT] 
2026-02-18 23:52:01,311 [ERROR] LogOutputStream:75 - [STDERR_REDIRECT] [Fatal Error] :1:1: Premature end of file.
2026-02-18 23:52:01,311 [ERROR] LogOutputStream:75 - [STDERR_REDIRECT] 
2026-02-18 23:52:02,309 [ERROR] LogOutputStream:75 - [STDERR_REDIRECT] [Fatal Error] :1:1: Premature end of file.
2026-02-18 23:52:02,309 [ERROR] LogOutputStream:75 - [STDERR_REDIRECT] 
2026-02-18 23:52:03,306 [ERROR] LogOutputStream:75 - [STDERR_REDIRECT] [Fatal Error] :1:1: Premature end of file.
2026-02-18 23:52:03,307 [ERROR] LogOutputStream:75 - [STDERR_REDIRECT] 
2026-02-18 23:52:04,306 [ERROR] LogOutputStream:75 - [STDERR_REDIRECT] [Fatal Error] :1:1: Premature end of file.
2026-02-18 23:52:04,306 [ERROR] LogOutputStream:75 - [STDERR_REDIRECT] 
2026-02-18 23:52:05,310 [ERROR] LogOutputStream:75 - [STDERR_REDIRECT] [Fatal Error] :1:1: Premature end of file.
2026-02-18 23:52:05,310 [ERROR] LogOutputStream:75 - [STDERR_REDIRECT] 
2026-02-18 23:52:06,307 [ERROR] LogOutputStream:75 - [STDERR_REDIRECT] [Fatal Error] :1:1: Premature end of file.
2026-02-18 23:52:06,307 [ERROR] LogOutputStream:75 - [STDERR_REDIRECT] 
2026-02-18 23:52:07,309 [ERROR] LogOutputStream:75 - [STDERR_REDIRECT] [Fatal Error] :1:1: Premature end of file.
2026-02-18 23:52:07,309 [ERROR] LogOutputStream:75 - [STDERR_REDIRECT] 
2026-02-18 23:52:08,308 [ERROR] LogOutputStream:75 - [STDERR_REDIRECT] [Fatal Error] :1:1: Premature end of file.
2026-02-18 23:52:08,309 [ERROR] LogOutputStream:75 - [STDERR_REDIRECT] 
2026-02-18 23:52:09,308 [ERROR] LogOutputStream:75 - [STDERR_REDIRECT] [Fatal Error] :1:1: Premature end of file.
2026-02-18 23:52:09,308 [ERROR] LogOutputStream:75 - [STDERR_REDIRECT] 
2026-02-18 23:52:10,318 [ERROR] LogOutputStream:75 - [STDERR_REDIRECT] [Fatal Error] :1:1: Premature end of file.
2026-02-18 23:52:10,318 [ERROR] LogOutputStream:75 - [STDERR_REDIRECT] 
2026-02-18 23:52:11,356 [ERROR] LogOutputStream:75 - [STDERR_REDIRECT] [Fatal Error] :1:1: Premature end of file.
2026-02-18 23:52:11,356 [ERROR] LogOutputStream:75 - [STDERR_REDIRECT] 
2026-02-18 23:52:12,309 [ERROR] LogOutputStream:75 - [STDERR_REDIRECT] [Fatal Error] :1:1: Premature end of file.
2026-02-18 23:52:12,309 [ERROR] LogOutputStream:75 - [STDERR_REDIRECT] 
2026-02-18 23:52:13,308 [ERROR] LogOutputStream:75 - [STDERR_REDIRECT] [Fatal Error] :1:1: Premature end of file.
2026-02-18 23:52:13,308 [ERROR] LogOutputStream:75 - [STDERR_REDIRECT] 
2026-02-18 23:52:14,309 [ERROR] LogOutputStream:75 - [STDERR_REDIRECT] [Fatal Error] :1:1: Premature end of file.
2026-02-18 23:52:14,310 [ERROR] LogOutputStream:75 - [STDERR_REDIRECT] 
2026-02-18 23:52:15,308 [ERROR] LogOutputStream:75 - [STDERR_REDIRECT] [Fatal Error] :1:1: Premature end of file.
2026-02-18 23:52:15,308 [ERROR] LogOutputStream:75 - [STDERR_REDIRECT] 
2026-02-18 23:52:16,310 [ERROR] LogOutputStream:75 - [STDERR_REDIRECT] [Fatal Error] :1:1: Premature end of file.
2026-02-18 23:52:16,310 [ERROR] LogOutputStream:75 - [STDERR_REDIRECT] 
2026-02-18 23:52:17,308 [ERROR] LogOutputStream:75 - [STDERR_REDIRECT] [Fatal Error] :1:1: Premature end of file.
2026-02-18 23:52:17,308 [ERROR] LogOutputStream:75 - [STDERR_REDIRECT] 
2026-02-18 23:52:18,309 [ERROR] LogOutputStream:75 - [STDERR_REDIRECT] [Fatal Error] :1:1: Premature end of file.
2026-02-18 23:52:18,309 [ERROR] LogOutputStream:75 - [STDERR_REDIRECT] 
2026-02-18 23:52:19,309 [ERROR] LogOutputStream:75 - [STDERR_REDIRECT] [Fatal Error] :1:1: Premature end of file.
2026-02-18 23:52:19,309 [ERROR] LogOutputStream:75 - [STDERR_REDIRECT] 
2026-02-18 23:52:20,306 [ERROR] LogOutputStream:75 - [STDERR_REDIRECT] [Fatal Error] :1:1: Premature end of file.
2026-02-18 23:52:20,307 [ERROR] LogOutputStream:75 - [STDERR_REDIRECT] 
2026-02-18 23:52:21,306 [ERROR] LogOutputStream:75 - [STDERR_REDIRECT] [Fatal Error] :1:1: Premature end of file.
2026-02-18 23:52:21,306 [ERROR] LogOutputStream:75 - [STDERR_REDIRECT] 
2026-02-18 23:52:22,307 [ERROR] LogOutputStream:75 - [STDERR_REDIRECT] [Fatal Error] :1:1: Premature end of file.
2026-02-18 23:52:22,307 [ERROR] LogOutputStream:75 - [STDERR_REDIRECT] 
2026-02-18 23:52:23,320 [ERROR] LogOutputStream:75 - [STDERR_REDIRECT] [Fatal Error] :1:1: Premature end of file.
2026-02-18 23:52:23,320 [ERROR] LogOutputStream:75 - [STDERR_REDIRECT] 
2026-02-18 23:52:24,314 [ERROR] LogOutputStream:75 - [STDERR_REDIRECT] [Fatal Error] :1:1: Premature end of file.
2026-02-18 23:52:24,314 [ERROR] LogOutputStream:75 - [STDERR_REDIRECT] 
2026-02-18 23:52:25,318 [ERROR] LogOutputStream:75 - [STDERR_REDIRECT] [Fatal Error] :1:1: Premature end of file.
2026-02-18 23:52:25,318 [ERROR] LogOutputStream:75 - [STDERR_REDIRECT] 
2026-02-18 23:52:26,323 [ERROR] LogOutputStream:75 - [STDERR_REDIRECT] [Fatal Error] :1:1: Premature end of file.
2026-02-18 23:52:26,323 [ERROR] LogOutputStream:75 - [STDERR_REDIRECT] 
2026-02-18 23:52:27,322 [ERROR] LogOutputStream:75 - [STDERR_REDIRECT] [Fatal Error] :1:1: Premature end of file.
2026-02-18 23:52:27,322 [ERROR] LogOutputStream:75 - [STDERR_REDIRECT] 
2026-02-18 23:52:28,317 [ERROR] LogOutputStream:75 - [STDERR_REDIRECT] [Fatal Error] :1:1: Premature end of file.
2026-02-18 23:52:28,317 [ERROR] LogOutputStream:75 - [STDERR_REDIRECT] 
2026-02-18 23:52:29,313 [ERROR] LogOutputStream:75 - [STDERR_REDIRECT] [Fatal Error] :1:1: Premature end of file.
2026-02-18 23:52:29,313 [ERROR] LogOutputStream:75 - [STDERR_REDIRECT] 
2026-02-18 23:52:30,306 [ERROR] LogOutputStream:75 - [STDERR_REDIRECT] [Fatal Error] :1:1: Premature end of file.
2026-02-18 23:52:30,306 [ERROR] LogOutputStream:75 - [STDERR_REDIRECT] 
2026-02-18 23:52:31,305 [ERROR] LogOutputStream:75 - [STDERR_REDIRECT] [Fatal Error] :1:1: Premature end of file.
2026-02-18 23:52:31,305 [ERROR] LogOutputStream:75 - [STDERR_REDIRECT] 
2026-02-18 23:52:32,316 [ERROR] LogOutputStream:75 - [STDERR_REDIRECT] [Fatal Error] :1:1: Premature end of file.
2026-02-18 23:52:32,316 [ERROR] LogOutputStream:75 - [STDERR_REDIRECT] 
2026-02-18 23:52:33,309 [ERROR] LogOutputStream:75 - [STDERR_REDIRECT] [Fatal Error] :1:1: Premature end of file.
2026-02-18 23:52:33,309 [ERROR] LogOutputStream:75 - [STDERR_REDIRECT] 
2026-02-18 23:52:34,307 [ERROR] LogOutputStream:75 - [STDERR_REDIRECT] [Fatal Error] :1:1: Premature end of file.
2026-02-18 23:52:34,307 [ERROR] LogOutputStream:75 - [STDERR_REDIRECT] 
2026-02-18 23:52:35,308 [ERROR] LogOutputStream:75 - [STDERR_REDIRECT] [Fatal Error] :1:1: Premature end of file.
2026-02-18 23:52:35,308 [ERROR] LogOutputStream:75 - [STDERR_REDIRECT] 
2026-02-18 23:52:36,308 [ERROR] LogOutputStream:75 - [STDERR_REDIRECT] [Fatal Error] :1:1: Premature end of file.
2026-02-18 23:52:36,308 [ERROR] LogOutputStream:75 - [STDERR_REDIRECT] 
2026-02-18 23:52:37,321 [ERROR] LogOutputStream:75 - [STDERR_REDIRECT] [Fatal Error] :1:1: Premature end of file.
2026-02-18 23:52:37,321 [ERROR] LogOutputStream:75 - [STDERR_REDIRECT] 
2026-02-18 23:52:38,316 [ERROR] LogOutputStream:75 - [STDERR_REDIRECT] [Fatal Error] :1:1: Premature end of file.
2026-02-18 23:52:38,316 [ERROR] LogOutputStream:75 - [STDERR_REDIRECT] 
2026-02-18 23:52:39,321 [ERROR] LogOutputStream:75 - [STDERR_REDIRECT] [Fatal Error] :1:1: Premature end of file.
2026-02-18 23:52:39,321 [ERROR] LogOutputStream:75 - [STDERR_REDIRECT] 
2026-02-18 23:52:40,308 [ERROR] LogOutputStream:75 - [STDERR_REDIRECT] [Fatal Error] :1:1: Premature end of file.
2026-02-18 23:52:40,308 [ERROR] LogOutputStream:75 - [STDERR_REDIRECT] 
2026-02-18 23:52:41,307 [ERROR] LogOutputStream:75 - [STDERR_REDIRECT] [Fatal Error] :1:1: Premature end of file.
2026-02-18 23:52:41,307 [ERROR] LogOutputStream:75 - [STDERR_REDIRECT] 
2026-02-18 23:52:42,315 [ERROR] LogOutputStream:75 - [STDERR_REDIRECT] [Fatal Error] :1:1: Premature end of file.
2026-02-18 23:52:42,315 [ERROR] LogOutputStream:75 - [STDERR_REDIRECT] 
2026-02-18 23:52:43,309 [ERROR] LogOutputStream:75 - [STDERR_REDIRECT] [Fatal Error] :1:1: Premature end of file.
2026-02-18 23:52:43,309 [ERROR] LogOutputStream:75 - [STDERR_REDIRECT] 
2026-02-18 23:52:44,306 [ERROR] LogOutputStream:75 - [STDERR_REDIRECT] [Fatal Error] :1:1: Premature end of file.
2026-02-18 23:52:44,306 [ERROR] LogOutputStream:75 - [STDERR_REDIRECT] 
2026-02-18 23:52:45,321 [ERROR] LogOutputStream:75 - [STDERR_REDIRECT] [Fatal Error] :1:1: Premature end of file.
2026-02-18 23:52:45,321 [ERROR] LogOutputStream:75 - [STDERR_REDIRECT] 
2026-02-18 23:52:46,305 [ERROR] LogOutputStream:75 - [STDERR_REDIRECT] [Fatal Error] :1:1: Premature end of file.
2026-02-18 23:52:46,305 [ERROR] LogOutputStream:75 - [STDERR_REDIRECT] 
2026-02-18 23:52:47,321 [ERROR] LogOutputStream:75 - [STDERR_REDIRECT] [Fatal Error] :1:1: Premature end of file.
2026-02-18 23:52:47,321 [ERROR] LogOutputStream:75 - [STDERR_REDIRECT] 
2026-02-18 23:52:48,322 [ERROR] LogOutputStream:75 - [STDERR_REDIRECT] [Fatal Error] :1:1: Premature end of file.
2026-02-18 23:52:48,322 [ERROR] LogOutputStream:75 - [STDERR_REDIRECT] 
2026-02-18 23:52:49,322 [ERROR] LogOutputStream:75 - [STDERR_REDIRECT] [Fatal Error] :1:1: Premature end of file.
2026-02-18 23:52:49,322 [ERROR] LogOutputStream:75 - [STDERR_REDIRECT] 
2026-02-18 23:52:50,312 [ERROR] LogOutputStream:75 - [STDERR_REDIRECT] [Fatal Error] :1:1: Premature end of file.
2026-02-18 23:52:50,312 [ERROR] LogOutputStream:75 - [STDERR_REDIRECT] 
2026-02-18 23:52:51,317 [ERROR] LogOutputStream:75 - [STDERR_REDIRECT] [Fatal Error] :1:1: Premature end of file.
2026-02-18 23:52:51,317 [ERROR] LogOutputStream:75 - [STDERR_REDIRECT] 
2026-02-18 23:52:52,305 [ERROR] LogOutputStream:75 - [STDERR_REDIRECT] [Fatal Error] :1:1: Premature end of file.
2026-02-18 23:52:52,305 [ERROR] LogOutputStream:75 - [STDERR_REDIRECT] 
2026-02-18 23:52:53,309 [ERROR] LogOutputStream:75 - [STDERR_REDIRECT] [Fatal Error] :1:1: Premature end of file.
2026-02-18 23:52:53,309 [ERROR] LogOutputStream:75 - [STDERR_REDIRECT] 
2026-02-18 23:52:54,309 [ERROR] LogOutputStream:75 - [STDERR_REDIRECT] [Fatal Error] :1:1: Premature end of file.
2026-02-18 23:52:54,309 [ERROR] LogOutputStream:75 - [STDERR_REDIRECT] 
2026-02-18 23:52:55,307 [ERROR] LogOutputStream:75 - [STDERR_REDIRECT] [Fatal Error] :1:1: Premature end of file.
2026-02-18 23:52:55,307 [ERROR] LogOutputStream:75 - [STDERR_REDIRECT] 
2026-02-18 23:52:56,305 [ERROR] LogOutputStream:75 - [STDERR_REDIRECT] [Fatal Error] :1:1: Premature end of file.
2026-02-18 23:52:56,305 [ERROR] LogOutputStream:75 - [STDERR_REDIRECT] 
2026-02-18 23:52:57,308 [ERROR] LogOutputStream:75 - [STDERR_REDIRECT] [Fatal Error] :1:1: Premature end of file.
2026-02-18 23:52:57,308 [ERROR] LogOutputStream:75 - [STDERR_REDIRECT] 
2026-02-18 23:52:58,310 [ERROR] LogOutputStream:75 - [STDERR_REDIRECT] [Fatal Error] :1:1: Premature end of file.
2026-02-18 23:52:58,310 [ERROR] LogOutputStream:75 - [STDERR_REDIRECT] 
2026-02-18 23:52:59,307 [ERROR] LogOutputStream:75 - [STDERR_REDIRECT] [Fatal Error] :1:1: Premature end of file.
2026-02-18 23:52:59,307 [ERROR] LogOutputStream:75 - [STDERR_REDIRECT] 
2026-02-18 23:53:00,309 [ERROR] LogOutputStream:75 - [STDERR_REDIRECT] [Fatal Error] :1:1: Premature end of file.
2026-02-18 23:53:00,309 [ERROR] LogOutputStream:75 - [STDERR_REDIRECT] 
2026-02-18 23:53:01,306 [ERROR] LogOutputStream:75 - [STDERR_REDIRECT] [Fatal Error] :1:1: Premature end of file.
2026-02-18 23:53:01,306 [ERROR] LogOutputStream:75 - [STDERR_REDIRECT] 
2026-02-18 23:53:01,653 [INFO] McuFinderGlobals:63 - Set McuFinder mode to 2 (CubeIDE integrated)
2026-02-18 23:53:01,656 [INFO] MainUpdater:2872 - connection check result : 10
2026-02-18 23:53:01,657 [INFO] MainUpdater:2872 - connection check result : 10
2026-02-18 23:53:01,685 [INFO] MicroXplorer:468 - Change Database Path : 
2026-02-18 23:53:01,685 [INFO] MicroXplorer:498 - Change Database Version : DB.6.0.150
2026-02-18 23:53:01,690 [WARN] ThirdParty:871 - waiting for thirdparty lock release [close project]
2026-02-18 23:53:01,690 [INFO] ThirdParty:873 - entering critical section [close project]
2026-02-18 23:53:01,690 [INFO] ThirdParty:883 - exiting critical section [close project]
2026-02-18 23:53:01,693 [INFO] PinOutPanel:1589 - setPackage(No Configuration,No Configuration)
2026-02-18 23:53:01,696 [INFO] UtilMem:75 - Begin LoadConfig() Used Memory: 674837120 Bytes (1073741824)
2026-02-18 23:53:01,699 [INFO] MicroXplorer:468 - Change Database Path : 
2026-02-18 23:53:01,699 [INFO] MicroXplorer:498 - Change Database Version : DB.6.0.150
2026-02-18 23:53:01,700 [INFO] OpenFileManager:355 - Change cursor
2026-02-18 23:53:01,746 [INFO] Mcu:2029 - Initializing MCU STM32F405RGTx STM32F405RGTx STM32F405RGT6
2026-02-18 23:53:02,318 [ERROR] LogOutputStream:75 - [STDERR_REDIRECT] [Fatal Error] :1:1: Premature end of file.
2026-02-18 23:53:02,318 [ERROR] LogOutputStream:75 - [STDERR_REDIRECT] 
2026-02-18 23:53:03,237 [INFO] Context:786 - Trying to add GPIOservice into a context  which must be forbidden
2026-02-18 23:53:03,316 [ERROR] LogOutputStream:75 - [STDERR_REDIRECT] [Fatal Error] :1:1: Premature end of file.
2026-02-18 23:53:03,316 [ERROR] LogOutputStream:75 - [STDERR_REDIRECT] 
2026-02-18 23:53:03,673 [INFO] ImportTextPane:234 - (OptionalMessage_ERROR) Pin6 (VP_RIF_VS_RIF1) cannot be retrieved for this MCU
2026-02-18 23:53:03,825 [INFO] RtosManager:558 - Registered RTOS mode: class=CMSIS, group=RTOS, mode=CMSIS_V1, owner=FREERTOS
2026-02-18 23:53:03,826 [INFO] RtosManager:558 - Registered RTOS mode: class=CMSIS, group=RTOS2, mode=CMSIS_V2, owner=FREERTOS
2026-02-18 23:53:03,826 [INFO] RtosManager:558 - Registered RTOS mode: class=RTOS, group=Core, mode=CMSIS_V1, owner=FREERTOS
2026-02-18 23:53:03,826 [INFO] RtosManager:558 - Registered RTOS mode: class=RTOS, group=Core, mode=CMSIS_V2, owner=FREERTOS
2026-02-18 23:53:03,826 [WARN] ModelIntegratedComponent:184 - Missing modes for component STMicroelectronics:FreeRTOS:0.0.1:STMicroelectronics:RTOS:FreeRTOS:Core:::10.2.0:
2026-02-18 23:53:03,841 [WARN] ModelIntegratedComponent:63 - No mode defined for component null
2026-02-18 23:53:03,841 [WARN] ModelIntegratedComponent:63 - No mode defined for component null
2026-02-18 23:53:03,841 [WARN] ModelIntegratedComponent:63 - No mode defined for component null
2026-02-18 23:53:03,841 [WARN] ModelIntegratedComponent:63 - No mode defined for component null
2026-02-18 23:53:03,841 [WARN] ModelIntegratedComponent:63 - No mode defined for component null
2026-02-18 23:53:03,841 [WARN] ModelIntegratedComponent:63 - No mode defined for component null
2026-02-18 23:53:03,841 [WARN] ModelIntegratedComponent:63 - No mode defined for component null
2026-02-18 23:53:03,841 [WARN] ModelIntegratedComponent:63 - No mode defined for component null
2026-02-18 23:53:03,841 [WARN] ModelIntegratedComponent:63 - No mode defined for component null
2026-02-18 23:53:03,841 [WARN] ModelIntegratedComponent:63 - No mode defined for component null
2026-02-18 23:53:03,841 [WARN] ModelIntegratedComponent:63 - No mode defined for component null
2026-02-18 23:53:03,843 [WARN] ModelIntegratedComponent:63 - No mode defined for component null
2026-02-18 23:53:03,843 [WARN] ModelIntegratedComponent:63 - No mode defined for component null
2026-02-18 23:53:03,843 [WARN] ModelIntegratedComponent:63 - No mode defined for component null
2026-02-18 23:53:03,843 [WARN] ModelIntegratedComponent:63 - No mode defined for component null
2026-02-18 23:53:03,843 [WARN] ModelIntegratedComponent:63 - No mode defined for component null
2026-02-18 23:53:03,843 [WARN] ModelIntegratedComponent:63 - No mode defined for component null
2026-02-18 23:53:03,843 [WARN] ModelIntegratedComponent:63 - No mode defined for component null
2026-02-18 23:53:03,843 [WARN] ModelIntegratedComponent:63 - No mode defined for component null
2026-02-18 23:53:03,843 [WARN] ModelIntegratedComponent:63 - No mode defined for component null
2026-02-18 23:53:03,843 [WARN] ModelIntegratedComponent:63 - No mode defined for component null
2026-02-18 23:53:03,843 [WARN] ModelIntegratedComponent:63 - No mode defined for component null
2026-02-18 23:53:03,843 [WARN] ModelIntegratedComponent:63 - No mode defined for component null
2026-02-18 23:53:03,843 [WARN] ModelIntegratedComponent:63 - No mode defined for component null
2026-02-18 23:53:03,843 [WARN] ModelIntegratedComponent:63 - No mode defined for component null
2026-02-18 23:53:03,843 [WARN] ModelIntegratedComponent:63 - No mode defined for component null
2026-02-18 23:53:03,843 [WARN] ModelIntegratedComponent:63 - No mode defined for component null
2026-02-18 23:53:03,844 [WARN] ModelIntegratedComponent:63 - No mode defined for component null
2026-02-18 23:53:03,844 [WARN] ModelIntegratedComponent:63 - No mode defined for component null
2026-02-18 23:53:03,844 [WARN] ModelIntegratedComponent:63 - No mode defined for component null
2026-02-18 23:53:03,844 [WARN] ModelIntegratedComponent:63 - No mode defined for component null
2026-02-18 23:53:03,844 [WARN] ModelIntegratedComponent:63 - No mode defined for component null
2026-02-18 23:53:03,844 [WARN] ModelIntegratedComponent:63 - No mode defined for component null
2026-02-18 23:53:03,844 [WARN] ModelIntegratedComponent:63 - No mode defined for component null
2026-02-18 23:53:03,844 [WARN] ModelIntegratedComponent:63 - No mode defined for component null
2026-02-18 23:53:03,844 [WARN] ModelPack:524 - Component already loaded: STMicroelectronics:HAL Drivers:0.0.0:STMicroelectronics:Device:STMicro_Driver:XSPI:HAL::0.0.1:HAL_XSPI
2026-02-18 23:53:03,868 [INFO] ThirdPartyModel:298 - Start build external matchings
2026-02-18 23:53:04,147 [INFO] ThirdPartyModel:316 - End build external matchings
2026-02-18 23:53:04,159 [INFO] ImportTextPane:234 - (OptionalMessage_ERROR) IP (RCC) : Parameter (48MHZClocksFreq_Value) has invalid value (84000000)
2026-02-18 23:53:04,160 [INFO] ImportTextPane:234 - (OptionalMessage_ERROR) IP (RCC) : Parameter (RTCHSEDivFreq_Value) has invalid value (4000000)
2026-02-18 23:53:04,317 [ERROR] LogOutputStream:75 - [STDERR_REDIRECT] [Fatal Error] :1:1: Premature end of file.
2026-02-18 23:53:04,317 [ERROR] LogOutputStream:75 - [STDERR_REDIRECT] 
2026-02-18 23:53:04,424 [INFO] ApiDb:581 - Connected to CubeFinder SQLite database (C:\Users\USER\.stmcufinder\plugins\mcufinder\mcu\cube-finder-db.db)
2026-02-18 23:53:04,503 [INFO] ApiDb:668 - CubeFinder database Data Model version=2.1
2026-02-18 23:53:04,503 [INFO] ApiDb:669 - CubeFinder database Configuration version=3.0.39
2026-02-18 23:53:04,503 [INFO] ApiDb:670 - CubeFinder database generation date=2025-12-22 (1766407740)
2026-02-18 23:53:04,504 [INFO] ApiDb:671 - CubeFinder database FW Pack versions=[FP-ATR-ASTRA1_V2.0.0, FP-SNS-FLIGHT1_V5.1.0, FP-SNS-MOTENV1_V5.1.0, FP-SNS-MOTENVWB1_V1.4.0, FP-SNS-SMARTAG2_V1.2.0, FP-SNS-STBOX1_V2.1.0, STM32Cube_FW_C0_V1.4.0, STM32Cube_FW_F4_V1.28.3, STM32Cube_FW_F7_V1.17.4, STM32Cube_FW_G0_V1.6.2, STM32Cube_FW_G4_V1.6.1, STM32Cube_FW_H5_V1.5.1, STM32Cube_FW_H7RS_V1.3.0, STM32Cube_FW_H7_V1.12.1, STM32Cube_FW_L0_V1.12.2, STM32Cube_FW_L4_V1.18.1, STM32Cube_FW_L5_V1.6.0, STM32Cube_FW_N6_V1.3.0, STM32Cube_FW_U0_V1.3.0, STM32Cube_FW_U3_V1.2.1, STM32Cube_FW_U5_V1.8.0, STM32Cube_FW_WB0_V1.4.0, STM32Cube_FW_WBA_V1.8.0, STM32Cube_FW_WB_V1.24.0, STM32Cube_FW_WL3_V1.3.0, STM32Cube_FW_WL_V1.4.0, X-CUBE-ALGOBUILD_V1.4.0, X-CUBE-ALS_V1.0.2, X-CUBE-AZRTOS-F4_V1.1.0, X-CUBE-AZRTOS-F7_V1.1.0, X-CUBE-AZRTOS-G0_V1.1.0, X-CUBE-AZRTOS-G4_V2.0.0, X-CUBE-AZRTOS-H7RS_V1.1.0, X-CUBE-AZRTOS-H7_V3.4.0, X-CUBE-AZRTOS-L4_V2.0.0, X-CUBE-AZRTOS-L5_V2.0.0, X-CUBE-AZRTOS-WB_V2.0.0, X-CUBE-AZRTOS-WL_V2.0.0, X-CUBE-BLE1_V7.1.0, X-CUBE-BLE2_V3.3.0, X-CUBE-BLEMGR_V4.1.0, X-CUBE-EEPRMA1_V5.2.0, X-CUBE-FREERTOS_V1.3.1, X-CUBE-GNSS1_V6.0.0, X-CUBE-MEMS1_V12.0.0, X-CUBE-NFC4_V3.0.0, X-CUBE-NFC7_V2.0.0, X-CUBE-SFXS2LP1_V4.0.0, X-CUBE-ST67W61_V1.1.0, X-CUBE-SUBG2_V5.0.0, X-CUBE-TOF1_V3.4.3]
2026-02-18 23:53:04,613 [INFO] DbBoardsSqlite:226 - include board P-NUCLEO-WB55-NUCLEO as a kit item of type 'Nucleo-64'
2026-02-18 23:53:04,614 [INFO] DbBoardsSqlite:226 - include board P-NUCLEO-WB55-USBDONGLE as a kit item of type 'Nucleo USB Dongle'
2026-02-18 23:53:04,615 [INFO] DbBoardsSqlite:226 - include board STEVAL-IDP005V1 as a kit item of type 'Evaluation Board'
2026-02-18 23:53:04,615 [INFO] DbBoardsSqlite:226 - include board STEVAL-IDP005V2 as a kit item of type 'Evaluation Board'
2026-02-18 23:53:04,923 [INFO] ApiDb:240 - Found 880 in-development CPN: [B-G473E-ZEST1S, B-WB1M-WPAN1, B-WBA5M-WPAN, B-WL5M-SUBG1, NUCLEO-C031C6, NUCLEO-C051C8, NUCLEO-C071RB, NUCLEO-C092RC, NUCLEO-H503RB, NUCLEO-H533RE, NUCLEO-H563ZI, NUCLEO-H7S3L8, NUCLEO-N657X0-Q, NUCLEO-U031R8, NUCLEO-U083RC, NUCLEO-U385RG-Q, NUCLEO-U545RE-Q, NUCLEO-U5A5ZJ-Q, NUCLEO-WB05KZ, NUCLEO-WB07CC, NUCLEO-WB09KE, NUCLEO-WBA52CG, NUCLEO-WBA55CG, NUCLEO-WL33CC1, NUCLEO-WL33CC2, STEVAL-PROTEUS1, STEVAL-SMARTAG2, STEVAL-STWINBX1, STM320518-EVAL, STM32C0116-DK, STM32C011D6Y3TR, STM32C011D6Y6TR, STM32C011F4P3, STM32C011F4P6, STM32C011F4U3, STM32C011F4U6TR, STM32C011F6P3, STM32C011F6P6, STM32C011F6U3, STM32C011F6U6TR, STM32C011J4M3, STM32C011J4M6, STM32C011J6M3, STM32C011J6M6, STM32C0316-DK, STM32C031C4T3, STM32C031C4T6, STM32C031C4U3, STM32C031C4U6, STM32C031C6T3, STM32C031C6T6, STM32C031C6U3, STM32C031C6U6, STM32C031F4P3, STM32C031F4P6, STM32C031F6P3, STM32C031F6P6, STM32C031G4U3, STM32C031G4U6, STM32C031G6U3, STM32C031G6U6, STM32C031K4T3, STM32C031K4T6, STM32C031K4U3, STM32C031K4U6, STM32C031K6T3, STM32C031K6T6, STM32C031K6U3, STM32C031K6U6, STM32C051C6T6, STM32C051C6U6, STM32C051C8T6, STM32C051C8U6, STM32C051D8Y6TR, STM32C051F6P6, STM32C051F8P6, STM32C051G6U6, STM32C051G8U6, STM32C051K6T6, STM32C051K6U6, STM32C051K8T6, STM32C071C8T6, STM32C071C8T6N, STM32C071C8U6, STM32C071C8U6N, STM32C071CBT6, STM32C071CBT6N, STM32C071CBU6, STM32C071CBU6N, STM32C071F8P6, STM32C071F8P6N, STM32C071FBP6, STM32C071FBP6N, STM32C071FBY6TR, STM32C071G8U6, STM32C071G8U6N, STM32C071GBU6, STM32C071GBU6N, STM32C071K8T6, STM32C071K8T6N, STM32C071K8U6, STM32C071K8U6N, STM32C071KBT6, STM32C071KBT6N, STM32C071KBU6, STM32C071KBU6N, STM32C071R8T6, STM32C071R8T6N, STM32C071RBI6N, STM32C071RBT6, STM32C071RBT6N, STM32C091CBT6, STM32C091CBU6, STM32C091CCT6, STM32C091CCU6, STM32C091ECY6TR, STM32C091FBP6, STM32C091FCP6, STM32C091GBU6, STM32C091GCU6, STM32C091KBT6, STM32C091KBU6, STM32C091KCT6, STM32C091KCU6, STM32C091RBT6, STM32C091RCI6, STM32C091RCT6, STM32C092CBT6, STM32C092CBU6, STM32C092CCT6, STM32C092CCU6, STM32C092ECY6TR, STM32C092FBP6, STM32C092FCP6, STM32C092GBU6, STM32C092GCU6, STM32C092KBT6, STM32C092KBU6, STM32C092KCT6, STM32C092KCU6, STM32C092RBT6, STM32C092RCI6, STM32C092RCT6, STM32G071K8TXN, STM32G071K8UXN, STM32G081GBU6N, STM32G081KBT6N, STM32G081KBUXN, STM32G0B1CCT6N, STM32G0B1KCT6, STM32G0B1NEY6TR, STM32G0B1RCT6N, STM32G0C1CCT6, STM32G0C1CCT6N, STM32G0C1CCU6N, STM32G0C1CET6N, STM32G0C1CEU6N, STM32G0C1KCT6, STM32G0C1NEY6TR, STM32G0C1RCI6N, STM32G0C1RCT6N, STM32G0C1REI6N, STM32G0C1RET6N, STM32G0C1VCI6, STM32G0C1VEI6, STM32G411C6T3, STM32G411C6T6, STM32G411C6U3, STM32G411C6U6, STM32G411C8T3, STM32G411C8T6, STM32G411C8U3, STM32G411C8U6, STM32G411CBT3, STM32G411CBT6, STM32G411CBU3, STM32G411CBU6, STM32G411K6T3, STM32G411K6T6, STM32G411K6U3, STM32G411K6U6, STM32G411K8T3, STM32G411K8T6, STM32G411K8U3, STM32G411K8U6, STM32G411KBT3, STM32G411KBT6, STM32G411KBU3, STM32G411KBU6, STM32G411M6T3, STM32G411M6T6, STM32G411M8T3, STM32G411M8T6, STM32G411MBT3, STM32G411MBT6, STM32G411R6T3, STM32G411R6T6, STM32G411R8T3, STM32G411R8T6, STM32G411RBT3, STM32G411RBT6, STM32G414CBT3, STM32G414CBT6, STM32G414CBU3, STM32G414CBU6, STM32G414CCT3, STM32G414CCT6, STM32G414CCU3, STM32G414CCU6, STM32G414MBT3, STM32G414MBT6, STM32G414MCT3, STM32G414MCT6, STM32G414RBT3, STM32G414RBT6, STM32G414RCT3, STM32G414RCT6, STM32G414VBT3, STM32G414VBT6, STM32G414VCT3, STM32G414VCT6, STM32G431CBT3Z, STM32G431RBT3Z, STM32G471CCT6, STM32G471CCU6, STM32G471CET3, STM32G471CET6, STM32G471CEU3, STM32G471CEU6, STM32G471MCT6, STM32G471MET3, STM32G471MET6, STM32G471MEY6TR, STM32G471QCT6, STM32G471QET3, STM32G471RCT6, STM32G471RET3, STM32G471RET6, STM32G471VCH6, STM32G471VCI6, STM32G471VCT6, STM32G471VEH3, STM32G471VEH6, STM32G471VEI3, STM32G471VEI6, STM32G471VET3, STM32G471VET6, STM32G473QET3Z, STM32G473RET3Z, STM32G474CCT6, STM32G491RET3Z, STM32H503CBT6, STM32H503CBU6, STM32H503EBY6TR, STM32H503KBU6, STM32H503RBT6, STM32H523CCT6, STM32H523CCU6, STM32H523CET6, STM32H523CEU6, STM32H523HEY6TR, STM32H523RCT6, STM32H523RET6, STM32H523VCI6, STM32H523VCT6, STM32H523VEI6, STM32H523VET6, STM32H523ZCJ6, STM32H523ZCT6, STM32H523ZEJ6, STM32H523ZET6, STM32H533CET6, STM32H533CEU6, STM32H533HEY6TR, STM32H533RET6, STM32H533VEI6, STM32H533VET6, STM32H533ZEJ6, STM32H533ZET6, STM32H562AGI6, STM32H562AII6, STM32H562IGK6, STM32H562IGT6, STM32H562IIK6, STM32H562IIT6, STM32H562RGT6, STM32H562RGV6, STM32H562RIT6, STM32H562RIV6, STM32H562VGT6, STM32H562VIT6, STM32H562ZGT6, STM32H562ZIT6, STM32H563AGI6, STM32H563AII3Q, STM32H563AII6, STM32H563IGK6, STM32H563IGT6, STM32H563IIK3Q, STM32H563IIK6, STM32H563IIT3Q, STM32H563IIT6, STM32H563MIY3QTR, STM32H563RGT6, STM32H563RGV6, STM32H563RIT6, STM32H563RIV6, STM32H563VGT6, STM32H563VIT3Q, STM32H563VIT6, STM32H563ZGT6, STM32H563ZIT3Q, STM32H563ZIT6, STM32H573AII3Q, STM32H573AII6, STM32H573I-DK, STM32H573IIK3Q, STM32H573IIK6, STM32H573IIT3Q, STM32H573IIT6, STM32H573MIY3QTR, STM32H573RIT6, STM32H573RIV6, STM32H573VIT3Q, STM32H573VIT6, STM32H573ZIT3Q, STM32H573ZIT6, STM32H7R3A8I6, STM32H7R3I8K6, STM32H7R3I8T6, STM32H7R3L8H6, STM32H7R3L8H6H, STM32H7R3R8V6, STM32H7R3V8H6, STM32H7R3V8T6, STM32H7R3V8Y6TR, STM32H7R3Z8J6, STM32H7R3Z8T6, STM32H7R7A8I6, STM32H7R7I8K6, STM32H7R7I8T6, STM32H7R7L8H6, STM32H7R7L8H6H, STM32H7R7Z8J6, STM32H7S3A8I6, STM32H7S3I8K6, STM32H7S3I8T6, STM32H7S3L8H6, STM32H7S3L8H6H, STM32H7S3R8V6, STM32H7S3V8H6, STM32H7S3V8T6, STM32H7S3V8Y6TR, STM32H7S3Z8J6, STM32H7S3Z8T6, STM32H7S78-DK, STM32H7S7A8I6, STM32H7S7I8K6, STM32H7S7I8T6, STM32H7S7L8H6, STM32H7S7L8H6H, STM32H7S7Z8J6, STM32L4R5QGI6STR, STM32MP131AAE3, STM32MP131AAF3, STM32MP131AAG3, STM32MP131CAE3, STM32MP131CAF3, STM32MP131CAG3, STM32MP131DAE7, STM32MP131DAF7, STM32MP131DAG7, STM32MP131FAE7, STM32MP131FAF7, STM32MP131FAG7, STM32MP133AAE3, STM32MP133AAF3, STM32MP133AAG3, STM32MP133CAE3, STM32MP133CAF3, STM32MP133CAG3, STM32MP133DAE7, STM32MP133DAF7, STM32MP133DAG7, STM32MP133FAE7, STM32MP133FAF7, STM32MP133FAG7, STM32MP135AAE3, STM32MP135AAF3, STM32MP135AAG3, STM32MP135CAE3, STM32MP135CAF3, STM32MP135CAG3, STM32MP135DAE7, STM32MP135DAF7, STM32MP135DAG7, STM32MP135F-DK, STM32MP135FAE7, STM32MP135FAF7, STM32MP135FAF7T, STM32MP135FAF7U, STM32MP135FAG7, STM32MP211AAL3, STM32MP211AAM3, STM32MP211AAN3, STM32MP211AAO3, STM32MP211CAL3, STM32MP211CAM3, STM32MP211CAN3, STM32MP211CAO3, STM32MP211DAL3, STM32MP211DAM3, STM32MP211DAN3, STM32MP211DAO3, STM32MP211FAL3, STM32MP211FAM3, STM32MP211FAN3, STM32MP211FAO3, STM32MP213AAL3, STM32MP213AAM3, STM32MP213AAN3, STM32MP213AAO3, STM32MP213CAL3, STM32MP213CAM3, STM32MP213CAN3, STM32MP213CAO3, STM32MP213DAL3, STM32MP213DAM3, STM32MP213DAN3, STM32MP213DAO3, STM32MP213FAL3, STM32MP213FAM3, STM32MP213FAN3, STM32MP213FAO3, STM32MP215AAL3, STM32MP215AAM3, STM32MP215AAN3, STM32MP215AAO3, STM32MP215CAL3, STM32MP215CAM3, STM32MP215CAN3, STM32MP215CAO3, STM32MP215DAL3, STM32MP215DAM3, STM32MP215DAN3, STM32MP215DAO3, STM32MP215F-DK, STM32MP215FAL3, STM32MP215FAM3, STM32MP215FAN3, STM32MP215FAO3, STM32MP231AAJ3, STM32MP231AAK3, STM32MP231AAL3, STM32MP231CAJ3, STM32MP231CAK3, STM32MP231CAL3, STM32MP231DAJ3, STM32MP231DAK3, STM32MP231DAL3, STM32MP231FAJ3, STM32MP231FAK3, STM32MP231FAL3, STM32MP233AAJ3, STM32MP233AAK3, STM32MP233AAL3, STM32MP233CAJ3, STM32MP233CAK3, STM32MP233CAL3, STM32MP233DAJ3, STM32MP233DAK3, STM32MP233DAL3, STM32MP233FAJ3, STM32MP233FAK3, STM32MP233FAL3, STM32MP235AAJ3, STM32MP235AAK3, STM32MP235AAL3, STM32MP235CAJ3, STM32MP235CAK3, STM32MP235CAL3, STM32MP235DAJ3, STM32MP235DAK3, STM32MP235DAL3, STM32MP235FAJ3, STM32MP235FAK3, STM32MP235FAL3, STM32MP251AAI3, STM32MP251AAK3, STM32MP251AAL3, STM32MP251CAI3, STM32MP251CAK3, STM32MP251CAL3, STM32MP251DAI3, STM32MP251DAK3, STM32MP251DAL3, STM32MP251FAI3, STM32MP251FAK3, STM32MP251FAL3, STM32MP253AAI3, STM32MP253AAK3, STM32MP253AAL3, STM32MP253CAI3, STM32MP253CAK3, STM32MP253CAL3, STM32MP253DAI3, STM32MP253DAK3, STM32MP253DAL3, STM32MP253FAI3, STM32MP253FAK3, STM32MP253FAL3, STM32MP255AAI3, STM32MP255AAK3, STM32MP255AAL3, STM32MP255CAI3, STM32MP255CAK3, STM32MP255CAL3, STM32MP255DAI3, STM32MP255DAK3, STM32MP255DAL3, STM32MP255FAI3, STM32MP255FAK3, STM32MP255FAL3, STM32MP257AAI3, STM32MP257AAK3, STM32MP257AAL3, STM32MP257CAI3, STM32MP257CAK3, STM32MP257CAL3, STM32MP257DAI3, STM32MP257DAK3, STM32MP257DAL3, STM32MP257F-DK, STM32MP257F-EV1, STM32MP257FAI3, STM32MP257FAK3, STM32MP257FAL3, STM32N645A0H3Q, STM32N645B0H3Q, STM32N645I0H3Q, STM32N645L0H3Q, STM32N645X0H3Q, STM32N645Z0H3Q, STM32N647A0H3Q, STM32N647B0H3Q, STM32N647I0H3Q, STM32N647L0H3Q, STM32N647X0H3Q, STM32N647Z0H3Q, STM32N655A0H3Q, STM32N655B0H3Q, STM32N655I0H3Q, STM32N655L0H3Q, STM32N655X0H3Q, STM32N655Z0H3Q, STM32N6570-DK, STM32N657A0H3Q, STM32N657B0H3Q, STM32N657I0H3Q, STM32N657L0H3Q, STM32N657X0H3Q, STM32N657Z0H3Q, STM32U031C6T6, STM32U031C6U6, STM32U031C8T6, STM32U031C8U6, STM32U031F4P6, STM32U031F6P6, STM32U031F8P6, STM32U031G6Y6TR, STM32U031G8Y6TR, STM32U031K4U6, STM32U031K6U6, STM32U031K8U6, STM32U031R6I6, STM32U031R6T6, STM32U031R8I6, STM32U031R8T6, STM32U073C8T6, STM32U073C8U6, STM32U073CBT6, STM32U073CBU6, STM32U073CCT6, STM32U073CCU6, STM32U073H8Y6TR, STM32U073HBY6TR, STM32U073HCY6TR, STM32U073K8U6, STM32U073KBU6, STM32U073KCU6, STM32U073M8I6, STM32U073M8T6, STM32U073MBI6, STM32U073MBT6, STM32U073MCI6, STM32U073MCT6, STM32U073R8I6, STM32U073R8T6, STM32U073RBI6, STM32U073RBT6, STM32U073RCI6, STM32U073RCT6, STM32U083C-DK, STM32U083CCT6, STM32U083CCU6, STM32U083HCY6TR, STM32U083KCU6, STM32U083MCI6, STM32U083MCT6, STM32U083RCI6, STM32U083RCT6, STM32U375CET6, STM32U375CET6Q, STM32U375CEU6, STM32U375CEU6Q, STM32U375CEY6QTR, STM32U375CGT6, STM32U375CGT6Q, STM32U375CGU6, STM32U375CGU6Q, STM32U375CGY6QTR, STM32U375KEU6, STM32U375KGU6, STM32U375REI6, STM32U375REI6Q, STM32U375RET6, STM32U375RET6Q, STM32U375REY6GTR, STM32U375REY6QTR, STM32U375RGI6, STM32U375RGI6Q, STM32U375RGT6, STM32U375RGT6Q, STM32U375RGY6GTR, STM32U375RGY6QTR, STM32U375VEI6, STM32U375VEI6Q, STM32U375VET6, STM32U375VET6Q, STM32U375VGI6, STM32U375VGI6Q, STM32U375VGT6, STM32U375VGT6Q, STM32U385CGT6, STM32U385CGT6Q, STM32U385CGU6, STM32U385CGU6Q, STM32U385CGY6QTR, STM32U385KGU6, STM32U385RGI6, STM32U385RGI6Q, STM32U385RGT6, STM32U385RGT6Q, STM32U385RGY6GTR, STM32U385RGY6QTR, STM32U385VGI6, STM32U385VGI6Q, STM32U385VGT6, STM32U385VGT6Q, STM32U535CBT6, STM32U535CBT6Q, STM32U535CBU6, STM32U535CBU6Q, STM32U535CCT6, STM32U535CCT6Q, STM32U535CCU6, STM32U535CCU6Q, STM32U535CET6, STM32U535CET6Q, STM32U535CEU6, STM32U535CEU6Q, STM32U535JEY6QTR, STM32U535NCY6QTR, STM32U535NEY6QTR, STM32U535RBI6, STM32U535RBI6Q, STM32U535RBT6, STM32U535RBT6Q, STM32U535RCI6, STM32U535RCI6Q, STM32U535RCT6, STM32U535RCT6Q, STM32U535REI6, STM32U535REI6Q, STM32U535RET6, STM32U535RET6Q, STM32U535VCI6, STM32U535VCI6Q, STM32U535VCT6, STM32U535VCT6Q, STM32U535VEI6, STM32U535VEI6Q, STM32U535VET6, STM32U535VET6Q, STM32U545CET6, STM32U545CET6Q, STM32U545CEU6, STM32U545CEU6Q, STM32U545JEY6QTR, STM32U545NEY6QTR, STM32U545REI6, STM32U545REI6Q, STM32U545RET6, STM32U545RET6Q, STM32U545VEI6, STM32U545VEI6Q, STM32U545VET6, STM32U545VET6Q, STM32U595AIH6, STM32U595AIH6Q, STM32U595AJH6, STM32U595AJH6Q, STM32U595QII6, STM32U595QII6Q, STM32U595QJI6, STM32U595QJI6Q, STM32U595RIT6, STM32U595RIT6Q, STM32U595RJT6, STM32U595RJT6Q, STM32U595VIT6, STM32U595VIT6Q, STM32U595VJT6, STM32U595VJT6Q, STM32U595ZIT6, STM32U595ZIT6Q, STM32U595ZIY6QTR, STM32U595ZJT6, STM32U595ZJT6Q, STM32U595ZJY6QTR, STM32U599BJY6QTR, STM32U599NIH6Q, STM32U599NJH6Q, STM32U599VIT6Q, STM32U599VJT6, STM32U599VJT6Q, STM32U599ZIT6Q, STM32U599ZIY6QTR, STM32U599ZJT6Q, STM32U599ZJY6QTR, STM32U5A5AJH6, STM32U5A5AJH6Q, STM32U5A5QII3Q , STM32U5A5QJI6, STM32U5A5QJI6Q, STM32U5A5RJT6, STM32U5A5RJT6Q, STM32U5A5VJT6, STM32U5A5VJT6Q, STM32U5A5ZJT6, STM32U5A5ZJT6Q, STM32U5A5ZJY6QTR, STM32U5A9BJY6QTR, STM32U5A9J-DK, STM32U5A9NJH6Q, STM32U5A9VJT6Q, STM32U5A9ZJT6Q, STM32U5A9ZJY6QTR, STM32U5F7VIT6, STM32U5F7VIT6Q, STM32U5F7VJT6, STM32U5F7VJT6Q, STM32U5F9BJY6QTR, STM32U5F9NJH6Q, STM32U5F9VIT6Q, STM32U5F9VJT6Q, STM32U5F9ZIJ6QTR, STM32U5F9ZIT6Q, STM32U5F9ZJJ6QTR, STM32U5F9ZJT6Q, STM32U5G7VJT6, STM32U5G7VJT6Q, STM32U5G9BJY6QTR, STM32U5G9J-DK1, STM32U5G9J-DK2, STM32U5G9NJH6Q, STM32U5G9VJT6Q, STM32U5G9ZJJ6QTR, STM32U5G9ZJT6Q, STM32WB05KZV6TR, STM32WB05KZV7TR, STM32WB05TZF6TR, STM32WB05TZF7TR, STM32WB06CCF6TR, STM32WB06CCF7TR, STM32WB06CCV6TR, STM32WB06CCV7TR, STM32WB06KCV6TR, STM32WB06KCV7TR, STM32WB07CCF6TR, STM32WB07CCF7TR, STM32WB07CCV6TR, STM32WB07CCV7TR, STM32WB07KCV6TR, STM32WB07KCV7TR, STM32WB09KEV6TR, STM32WB09KEV7TR, STM32WB09TEF6TR, STM32WB09TEF7TR, STM32WB1MMCH6, STM32WBA50KGU6, STM32WBA50KGU6TR, STM32WBA52CEU6, STM32WBA52CEU6TR, STM32WBA52CEU7, STM32WBA52CEU7TR, STM32WBA52CGU6, STM32WBA52CGU6TR, STM32WBA52CGU6U, STM32WBA52CGU7, STM32WBA52CGU7TR, STM32WBA52KEU6, STM32WBA52KEU6TR, STM32WBA52KGU6, STM32WBA52KGU6TR, STM32WBA54CEU6, STM32WBA54CEU6TR, STM32WBA54CEU7, STM32WBA54CEU7TR, STM32WBA54CGU6, STM32WBA54CGU6TR, STM32WBA54CGU7, STM32WBA54CGU7TR, STM32WBA54KEU6, STM32WBA54KEU6TR, STM32WBA54KEU7, STM32WBA54KEU7TR, STM32WBA54KGU6, STM32WBA54KGU6TR, STM32WBA54KGU7, STM32WBA54KGU7TR, STM32WBA55CEU6, STM32WBA55CEU6TR, STM32WBA55CEU7, STM32WBA55CEU7TR, STM32WBA55CGU6, STM32WBA55CGU6TR, STM32WBA55CGU6U, STM32WBA55CGU7, STM32WBA55CGU7TR, STM32WBA55G-DK1, STM32WBA55HEF6, STM32WBA55HEF7, STM32WBA55HGF6, STM32WBA55HGF7, STM32WBA55UEI6, STM32WBA55UEI6TR, STM32WBA55UEI7, STM32WBA55UEI7TR, STM32WBA55UGI6, STM32WBA55UGI6TR, STM32WBA55UGI7, STM32WBA55UGI7TR, STM32WBA5MMGH6TR, STM32WBA62MGF6, STM32WBA62MIF6, STM32WBA65MGF7, STM32WBA65MIF6, STM32WBA65MIF7, STM32WL30K8V6, STM32WL30KBV6, STM32WL31C8V6, STM32WL31CBV6, STM32WL31K8V6, STM32WL31KBV6, STM32WL33C8V6, STM32WL33C8V6X, STM32WL33CBV6, STM32WL33CBV6X, STM32WL33CCV6, STM32WL33CCV6A, STM32WL33CCV6X, STM32WL33K8V7, STM32WL33K8V7X, STM32WL33KBV7 , STM32WL33KBV7X, STM32WL33KCV7, STM32WL33KCV7X, STM32WL5MOCH6, STM32WL5MOCH6TR]
2026-02-18 23:53:04,926 [INFO] ApiDb:668 - CubeFinder database Data Model version=2.1
2026-02-18 23:53:04,926 [INFO] ApiDb:669 - CubeFinder database Configuration version=3.0.39
2026-02-18 23:53:04,926 [INFO] ApiDb:670 - CubeFinder database generation date=2025-12-22 (1766407740)
2026-02-18 23:53:04,926 [INFO] ApiDb:671 - CubeFinder database FW Pack versions=[FP-ATR-ASTRA1_V2.0.0, FP-SNS-FLIGHT1_V5.1.0, FP-SNS-MOTENV1_V5.1.0, FP-SNS-MOTENVWB1_V1.4.0, FP-SNS-SMARTAG2_V1.2.0, FP-SNS-STBOX1_V2.1.0, STM32Cube_FW_C0_V1.4.0, STM32Cube_FW_F4_V1.28.3, STM32Cube_FW_F7_V1.17.4, STM32Cube_FW_G0_V1.6.2, STM32Cube_FW_G4_V1.6.1, STM32Cube_FW_H5_V1.5.1, STM32Cube_FW_H7RS_V1.3.0, STM32Cube_FW_H7_V1.12.1, STM32Cube_FW_L0_V1.12.2, STM32Cube_FW_L4_V1.18.1, STM32Cube_FW_L5_V1.6.0, STM32Cube_FW_N6_V1.3.0, STM32Cube_FW_U0_V1.3.0, STM32Cube_FW_U3_V1.2.1, STM32Cube_FW_U5_V1.8.0, STM32Cube_FW_WB0_V1.4.0, STM32Cube_FW_WBA_V1.8.0, STM32Cube_FW_WB_V1.24.0, STM32Cube_FW_WL3_V1.3.0, STM32Cube_FW_WL_V1.4.0, X-CUBE-ALGOBUILD_V1.4.0, X-CUBE-ALS_V1.0.2, X-CUBE-AZRTOS-F4_V1.1.0, X-CUBE-AZRTOS-F7_V1.1.0, X-CUBE-AZRTOS-G0_V1.1.0, X-CUBE-AZRTOS-G4_V2.0.0, X-CUBE-AZRTOS-H7RS_V1.1.0, X-CUBE-AZRTOS-H7_V3.4.0, X-CUBE-AZRTOS-L4_V2.0.0, X-CUBE-AZRTOS-L5_V2.0.0, X-CUBE-AZRTOS-WB_V2.0.0, X-CUBE-AZRTOS-WL_V2.0.0, X-CUBE-BLE1_V7.1.0, X-CUBE-BLE2_V3.3.0, X-CUBE-BLEMGR_V4.1.0, X-CUBE-EEPRMA1_V5.2.0, X-CUBE-FREERTOS_V1.3.1, X-CUBE-GNSS1_V6.0.0, X-CUBE-MEMS1_V12.0.0, X-CUBE-NFC4_V3.0.0, X-CUBE-NFC7_V2.0.0, X-CUBE-SFXS2LP1_V4.0.0, X-CUBE-ST67W61_V1.1.0, X-CUBE-SUBG2_V5.0.0, X-CUBE-TOF1_V3.4.3]
2026-02-18 23:53:05,307 [ERROR] LogOutputStream:75 - [STDERR_REDIRECT] [Fatal Error] :1:1: Premature end of file.
2026-02-18 23:53:05,307 [ERROR] LogOutputStream:75 - [STDERR_REDIRECT] 
2026-02-18 23:53:06,307 [ERROR] LogOutputStream:75 - [STDERR_REDIRECT] [Fatal Error] :1:1: Premature end of file.
2026-02-18 23:53:06,308 [ERROR] LogOutputStream:75 - [STDERR_REDIRECT] 
2026-02-18 23:53:06,988 [INFO] ApiDb:240 - Found 880 in-development CPN: [B-G473E-ZEST1S, B-WB1M-WPAN1, B-WBA5M-WPAN, B-WL5M-SUBG1, NUCLEO-C031C6, NUCLEO-C051C8, NUCLEO-C071RB, NUCLEO-C092RC, NUCLEO-H503RB, NUCLEO-H533RE, NUCLEO-H563ZI, NUCLEO-H7S3L8, NUCLEO-N657X0-Q, NUCLEO-U031R8, NUCLEO-U083RC, NUCLEO-U385RG-Q, NUCLEO-U545RE-Q, NUCLEO-U5A5ZJ-Q, NUCLEO-WB05KZ, NUCLEO-WB07CC, NUCLEO-WB09KE, NUCLEO-WBA52CG, NUCLEO-WBA55CG, NUCLEO-WL33CC1, NUCLEO-WL33CC2, STEVAL-PROTEUS1, STEVAL-SMARTAG2, STEVAL-STWINBX1, STM320518-EVAL, STM32C0116-DK, STM32C011D6Y3TR, STM32C011D6Y6TR, STM32C011F4P3, STM32C011F4P6, STM32C011F4U3, STM32C011F4U6TR, STM32C011F6P3, STM32C011F6P6, STM32C011F6U3, STM32C011F6U6TR, STM32C011J4M3, STM32C011J4M6, STM32C011J6M3, STM32C011J6M6, STM32C0316-DK, STM32C031C4T3, STM32C031C4T6, STM32C031C4U3, STM32C031C4U6, STM32C031C6T3, STM32C031C6T6, STM32C031C6U3, STM32C031C6U6, STM32C031F4P3, STM32C031F4P6, STM32C031F6P3, STM32C031F6P6, STM32C031G4U3, STM32C031G4U6, STM32C031G6U3, STM32C031G6U6, STM32C031K4T3, STM32C031K4T6, STM32C031K4U3, STM32C031K4U6, STM32C031K6T3, STM32C031K6T6, STM32C031K6U3, STM32C031K6U6, STM32C051C6T6, STM32C051C6U6, STM32C051C8T6, STM32C051C8U6, STM32C051D8Y6TR, STM32C051F6P6, STM32C051F8P6, STM32C051G6U6, STM32C051G8U6, STM32C051K6T6, STM32C051K6U6, STM32C051K8T6, STM32C071C8T6, STM32C071C8T6N, STM32C071C8U6, STM32C071C8U6N, STM32C071CBT6, STM32C071CBT6N, STM32C071CBU6, STM32C071CBU6N, STM32C071F8P6, STM32C071F8P6N, STM32C071FBP6, STM32C071FBP6N, STM32C071FBY6TR, STM32C071G8U6, STM32C071G8U6N, STM32C071GBU6, STM32C071GBU6N, STM32C071K8T6, STM32C071K8T6N, STM32C071K8U6, STM32C071K8U6N, STM32C071KBT6, STM32C071KBT6N, STM32C071KBU6, STM32C071KBU6N, STM32C071R8T6, STM32C071R8T6N, STM32C071RBI6N, STM32C071RBT6, STM32C071RBT6N, STM32C091CBT6, STM32C091CBU6, STM32C091CCT6, STM32C091CCU6, STM32C091ECY6TR, STM32C091FBP6, STM32C091FCP6, STM32C091GBU6, STM32C091GCU6, STM32C091KBT6, STM32C091KBU6, STM32C091KCT6, STM32C091KCU6, STM32C091RBT6, STM32C091RCI6, STM32C091RCT6, STM32C092CBT6, STM32C092CBU6, STM32C092CCT6, STM32C092CCU6, STM32C092ECY6TR, STM32C092FBP6, STM32C092FCP6, STM32C092GBU6, STM32C092GCU6, STM32C092KBT6, STM32C092KBU6, STM32C092KCT6, STM32C092KCU6, STM32C092RBT6, STM32C092RCI6, STM32C092RCT6, STM32G071K8TXN, STM32G071K8UXN, STM32G081GBU6N, STM32G081KBT6N, STM32G081KBUXN, STM32G0B1CCT6N, STM32G0B1KCT6, STM32G0B1NEY6TR, STM32G0B1RCT6N, STM32G0C1CCT6, STM32G0C1CCT6N, STM32G0C1CCU6N, STM32G0C1CET6N, STM32G0C1CEU6N, STM32G0C1KCT6, STM32G0C1NEY6TR, STM32G0C1RCI6N, STM32G0C1RCT6N, STM32G0C1REI6N, STM32G0C1RET6N, STM32G0C1VCI6, STM32G0C1VEI6, STM32G411C6T3, STM32G411C6T6, STM32G411C6U3, STM32G411C6U6, STM32G411C8T3, STM32G411C8T6, STM32G411C8U3, STM32G411C8U6, STM32G411CBT3, STM32G411CBT6, STM32G411CBU3, STM32G411CBU6, STM32G411K6T3, STM32G411K6T6, STM32G411K6U3, STM32G411K6U6, STM32G411K8T3, STM32G411K8T6, STM32G411K8U3, STM32G411K8U6, STM32G411KBT3, STM32G411KBT6, STM32G411KBU3, STM32G411KBU6, STM32G411M6T3, STM32G411M6T6, STM32G411M8T3, STM32G411M8T6, STM32G411MBT3, STM32G411MBT6, STM32G411R6T3, STM32G411R6T6, STM32G411R8T3, STM32G411R8T6, STM32G411RBT3, STM32G411RBT6, STM32G414CBT3, STM32G414CBT6, STM32G414CBU3, STM32G414CBU6, STM32G414CCT3, STM32G414CCT6, STM32G414CCU3, STM32G414CCU6, STM32G414MBT3, STM32G414MBT6, STM32G414MCT3, STM32G414MCT6, STM32G414RBT3, STM32G414RBT6, STM32G414RCT3, STM32G414RCT6, STM32G414VBT3, STM32G414VBT6, STM32G414VCT3, STM32G414VCT6, STM32G431CBT3Z, STM32G431RBT3Z, STM32G471CCT6, STM32G471CCU6, STM32G471CET3, STM32G471CET6, STM32G471CEU3, STM32G471CEU6, STM32G471MCT6, STM32G471MET3, STM32G471MET6, STM32G471MEY6TR, STM32G471QCT6, STM32G471QET3, STM32G471RCT6, STM32G471RET3, STM32G471RET6, STM32G471VCH6, STM32G471VCI6, STM32G471VCT6, STM32G471VEH3, STM32G471VEH6, STM32G471VEI3, STM32G471VEI6, STM32G471VET3, STM32G471VET6, STM32G473QET3Z, STM32G473RET3Z, STM32G474CCT6, STM32G491RET3Z, STM32H503CBT6, STM32H503CBU6, STM32H503EBY6TR, STM32H503KBU6, STM32H503RBT6, STM32H523CCT6, STM32H523CCU6, STM32H523CET6, STM32H523CEU6, STM32H523HEY6TR, STM32H523RCT6, STM32H523RET6, STM32H523VCI6, STM32H523VCT6, STM32H523VEI6, STM32H523VET6, STM32H523ZCJ6, STM32H523ZCT6, STM32H523ZEJ6, STM32H523ZET6, STM32H533CET6, STM32H533CEU6, STM32H533HEY6TR, STM32H533RET6, STM32H533VEI6, STM32H533VET6, STM32H533ZEJ6, STM32H533ZET6, STM32H562AGI6, STM32H562AII6, STM32H562IGK6, STM32H562IGT6, STM32H562IIK6, STM32H562IIT6, STM32H562RGT6, STM32H562RGV6, STM32H562RIT6, STM32H562RIV6, STM32H562VGT6, STM32H562VIT6, STM32H562ZGT6, STM32H562ZIT6, STM32H563AGI6, STM32H563AII3Q, STM32H563AII6, STM32H563IGK6, STM32H563IGT6, STM32H563IIK3Q, STM32H563IIK6, STM32H563IIT3Q, STM32H563IIT6, STM32H563MIY3QTR, STM32H563RGT6, STM32H563RGV6, STM32H563RIT6, STM32H563RIV6, STM32H563VGT6, STM32H563VIT3Q, STM32H563VIT6, STM32H563ZGT6, STM32H563ZIT3Q, STM32H563ZIT6, STM32H573AII3Q, STM32H573AII6, STM32H573I-DK, STM32H573IIK3Q, STM32H573IIK6, STM32H573IIT3Q, STM32H573IIT6, STM32H573MIY3QTR, STM32H573RIT6, STM32H573RIV6, STM32H573VIT3Q, STM32H573VIT6, STM32H573ZIT3Q, STM32H573ZIT6, STM32H7R3A8I6, STM32H7R3I8K6, STM32H7R3I8T6, STM32H7R3L8H6, STM32H7R3L8H6H, STM32H7R3R8V6, STM32H7R3V8H6, STM32H7R3V8T6, STM32H7R3V8Y6TR, STM32H7R3Z8J6, STM32H7R3Z8T6, STM32H7R7A8I6, STM32H7R7I8K6, STM32H7R7I8T6, STM32H7R7L8H6, STM32H7R7L8H6H, STM32H7R7Z8J6, STM32H7S3A8I6, STM32H7S3I8K6, STM32H7S3I8T6, STM32H7S3L8H6, STM32H7S3L8H6H, STM32H7S3R8V6, STM32H7S3V8H6, STM32H7S3V8T6, STM32H7S3V8Y6TR, STM32H7S3Z8J6, STM32H7S3Z8T6, STM32H7S78-DK, STM32H7S7A8I6, STM32H7S7I8K6, STM32H7S7I8T6, STM32H7S7L8H6, STM32H7S7L8H6H, STM32H7S7Z8J6, STM32L4R5QGI6STR, STM32MP131AAE3, STM32MP131AAF3, STM32MP131AAG3, STM32MP131CAE3, STM32MP131CAF3, STM32MP131CAG3, STM32MP131DAE7, STM32MP131DAF7, STM32MP131DAG7, STM32MP131FAE7, STM32MP131FAF7, STM32MP131FAG7, STM32MP133AAE3, STM32MP133AAF3, STM32MP133AAG3, STM32MP133CAE3, STM32MP133CAF3, STM32MP133CAG3, STM32MP133DAE7, STM32MP133DAF7, STM32MP133DAG7, STM32MP133FAE7, STM32MP133FAF7, STM32MP133FAG7, STM32MP135AAE3, STM32MP135AAF3, STM32MP135AAG3, STM32MP135CAE3, STM32MP135CAF3, STM32MP135CAG3, STM32MP135DAE7, STM32MP135DAF7, STM32MP135DAG7, STM32MP135F-DK, STM32MP135FAE7, STM32MP135FAF7, STM32MP135FAF7T, STM32MP135FAF7U, STM32MP135FAG7, STM32MP211AAL3, STM32MP211AAM3, STM32MP211AAN3, STM32MP211AAO3, STM32MP211CAL3, STM32MP211CAM3, STM32MP211CAN3, STM32MP211CAO3, STM32MP211DAL3, STM32MP211DAM3, STM32MP211DAN3, STM32MP211DAO3, STM32MP211FAL3, STM32MP211FAM3, STM32MP211FAN3, STM32MP211FAO3, STM32MP213AAL3, STM32MP213AAM3, STM32MP213AAN3, STM32MP213AAO3, STM32MP213CAL3, STM32MP213CAM3, STM32MP213CAN3, STM32MP213CAO3, STM32MP213DAL3, STM32MP213DAM3, STM32MP213DAN3, STM32MP213DAO3, STM32MP213FAL3, STM32MP213FAM3, STM32MP213FAN3, STM32MP213FAO3, STM32MP215AAL3, STM32MP215AAM3, STM32MP215AAN3, STM32MP215AAO3, STM32MP215CAL3, STM32MP215CAM3, STM32MP215CAN3, STM32MP215CAO3, STM32MP215DAL3, STM32MP215DAM3, STM32MP215DAN3, STM32MP215DAO3, STM32MP215F-DK, STM32MP215FAL3, STM32MP215FAM3, STM32MP215FAN3, STM32MP215FAO3, STM32MP231AAJ3, STM32MP231AAK3, STM32MP231AAL3, STM32MP231CAJ3, STM32MP231CAK3, STM32MP231CAL3, STM32MP231DAJ3, STM32MP231DAK3, STM32MP231DAL3, STM32MP231FAJ3, STM32MP231FAK3, STM32MP231FAL3, STM32MP233AAJ3, STM32MP233AAK3, STM32MP233AAL3, STM32MP233CAJ3, STM32MP233CAK3, STM32MP233CAL3, STM32MP233DAJ3, STM32MP233DAK3, STM32MP233DAL3, STM32MP233FAJ3, STM32MP233FAK3, STM32MP233FAL3, STM32MP235AAJ3, STM32MP235AAK3, STM32MP235AAL3, STM32MP235CAJ3, STM32MP235CAK3, STM32MP235CAL3, STM32MP235DAJ3, STM32MP235DAK3, STM32MP235DAL3, STM32MP235FAJ3, STM32MP235FAK3, STM32MP235FAL3, STM32MP251AAI3, STM32MP251AAK3, STM32MP251AAL3, STM32MP251CAI3, STM32MP251CAK3, STM32MP251CAL3, STM32MP251DAI3, STM32MP251DAK3, STM32MP251DAL3, STM32MP251FAI3, STM32MP251FAK3, STM32MP251FAL3, STM32MP253AAI3, STM32MP253AAK3, STM32MP253AAL3, STM32MP253CAI3, STM32MP253CAK3, STM32MP253CAL3, STM32MP253DAI3, STM32MP253DAK3, STM32MP253DAL3, STM32MP253FAI3, STM32MP253FAK3, STM32MP253FAL3, STM32MP255AAI3, STM32MP255AAK3, STM32MP255AAL3, STM32MP255CAI3, STM32MP255CAK3, STM32MP255CAL3, STM32MP255DAI3, STM32MP255DAK3, STM32MP255DAL3, STM32MP255FAI3, STM32MP255FAK3, STM32MP255FAL3, STM32MP257AAI3, STM32MP257AAK3, STM32MP257AAL3, STM32MP257CAI3, STM32MP257CAK3, STM32MP257CAL3, STM32MP257DAI3, STM32MP257DAK3, STM32MP257DAL3, STM32MP257F-DK, STM32MP257F-EV1, STM32MP257FAI3, STM32MP257FAK3, STM32MP257FAL3, STM32N645A0H3Q, STM32N645B0H3Q, STM32N645I0H3Q, STM32N645L0H3Q, STM32N645X0H3Q, STM32N645Z0H3Q, STM32N647A0H3Q, STM32N647B0H3Q, STM32N647I0H3Q, STM32N647L0H3Q, STM32N647X0H3Q, STM32N647Z0H3Q, STM32N655A0H3Q, STM32N655B0H3Q, STM32N655I0H3Q, STM32N655L0H3Q, STM32N655X0H3Q, STM32N655Z0H3Q, STM32N6570-DK, STM32N657A0H3Q, STM32N657B0H3Q, STM32N657I0H3Q, STM32N657L0H3Q, STM32N657X0H3Q, STM32N657Z0H3Q, STM32U031C6T6, STM32U031C6U6, STM32U031C8T6, STM32U031C8U6, STM32U031F4P6, STM32U031F6P6, STM32U031F8P6, STM32U031G6Y6TR, STM32U031G8Y6TR, STM32U031K4U6, STM32U031K6U6, STM32U031K8U6, STM32U031R6I6, STM32U031R6T6, STM32U031R8I6, STM32U031R8T6, STM32U073C8T6, STM32U073C8U6, STM32U073CBT6, STM32U073CBU6, STM32U073CCT6, STM32U073CCU6, STM32U073H8Y6TR, STM32U073HBY6TR, STM32U073HCY6TR, STM32U073K8U6, STM32U073KBU6, STM32U073KCU6, STM32U073M8I6, STM32U073M8T6, STM32U073MBI6, STM32U073MBT6, STM32U073MCI6, STM32U073MCT6, STM32U073R8I6, STM32U073R8T6, STM32U073RBI6, STM32U073RBT6, STM32U073RCI6, STM32U073RCT6, STM32U083C-DK, STM32U083CCT6, STM32U083CCU6, STM32U083HCY6TR, STM32U083KCU6, STM32U083MCI6, STM32U083MCT6, STM32U083RCI6, STM32U083RCT6, STM32U375CET6, STM32U375CET6Q, STM32U375CEU6, STM32U375CEU6Q, STM32U375CEY6QTR, STM32U375CGT6, STM32U375CGT6Q, STM32U375CGU6, STM32U375CGU6Q, STM32U375CGY6QTR, STM32U375KEU6, STM32U375KGU6, STM32U375REI6, STM32U375REI6Q, STM32U375RET6, STM32U375RET6Q, STM32U375REY6GTR, STM32U375REY6QTR, STM32U375RGI6, STM32U375RGI6Q, STM32U375RGT6, STM32U375RGT6Q, STM32U375RGY6GTR, STM32U375RGY6QTR, STM32U375VEI6, STM32U375VEI6Q, STM32U375VET6, STM32U375VET6Q, STM32U375VGI6, STM32U375VGI6Q, STM32U375VGT6, STM32U375VGT6Q, STM32U385CGT6, STM32U385CGT6Q, STM32U385CGU6, STM32U385CGU6Q, STM32U385CGY6QTR, STM32U385KGU6, STM32U385RGI6, STM32U385RGI6Q, STM32U385RGT6, STM32U385RGT6Q, STM32U385RGY6GTR, STM32U385RGY6QTR, STM32U385VGI6, STM32U385VGI6Q, STM32U385VGT6, STM32U385VGT6Q, STM32U535CBT6, STM32U535CBT6Q, STM32U535CBU6, STM32U535CBU6Q, STM32U535CCT6, STM32U535CCT6Q, STM32U535CCU6, STM32U535CCU6Q, STM32U535CET6, STM32U535CET6Q, STM32U535CEU6, STM32U535CEU6Q, STM32U535JEY6QTR, STM32U535NCY6QTR, STM32U535NEY6QTR, STM32U535RBI6, STM32U535RBI6Q, STM32U535RBT6, STM32U535RBT6Q, STM32U535RCI6, STM32U535RCI6Q, STM32U535RCT6, STM32U535RCT6Q, STM32U535REI6, STM32U535REI6Q, STM32U535RET6, STM32U535RET6Q, STM32U535VCI6, STM32U535VCI6Q, STM32U535VCT6, STM32U535VCT6Q, STM32U535VEI6, STM32U535VEI6Q, STM32U535VET6, STM32U535VET6Q, STM32U545CET6, STM32U545CET6Q, STM32U545CEU6, STM32U545CEU6Q, STM32U545JEY6QTR, STM32U545NEY6QTR, STM32U545REI6, STM32U545REI6Q, STM32U545RET6, STM32U545RET6Q, STM32U545VEI6, STM32U545VEI6Q, STM32U545VET6, STM32U545VET6Q, STM32U595AIH6, STM32U595AIH6Q, STM32U595AJH6, STM32U595AJH6Q, STM32U595QII6, STM32U595QII6Q, STM32U595QJI6, STM32U595QJI6Q, STM32U595RIT6, STM32U595RIT6Q, STM32U595RJT6, STM32U595RJT6Q, STM32U595VIT6, STM32U595VIT6Q, STM32U595VJT6, STM32U595VJT6Q, STM32U595ZIT6, STM32U595ZIT6Q, STM32U595ZIY6QTR, STM32U595ZJT6, STM32U595ZJT6Q, STM32U595ZJY6QTR, STM32U599BJY6QTR, STM32U599NIH6Q, STM32U599NJH6Q, STM32U599VIT6Q, STM32U599VJT6, STM32U599VJT6Q, STM32U599ZIT6Q, STM32U599ZIY6QTR, STM32U599ZJT6Q, STM32U599ZJY6QTR, STM32U5A5AJH6, STM32U5A5AJH6Q, STM32U5A5QII3Q , STM32U5A5QJI6, STM32U5A5QJI6Q, STM32U5A5RJT6, STM32U5A5RJT6Q, STM32U5A5VJT6, STM32U5A5VJT6Q, STM32U5A5ZJT6, STM32U5A5ZJT6Q, STM32U5A5ZJY6QTR, STM32U5A9BJY6QTR, STM32U5A9J-DK, STM32U5A9NJH6Q, STM32U5A9VJT6Q, STM32U5A9ZJT6Q, STM32U5A9ZJY6QTR, STM32U5F7VIT6, STM32U5F7VIT6Q, STM32U5F7VJT6, STM32U5F7VJT6Q, STM32U5F9BJY6QTR, STM32U5F9NJH6Q, STM32U5F9VIT6Q, STM32U5F9VJT6Q, STM32U5F9ZIJ6QTR, STM32U5F9ZIT6Q, STM32U5F9ZJJ6QTR, STM32U5F9ZJT6Q, STM32U5G7VJT6, STM32U5G7VJT6Q, STM32U5G9BJY6QTR, STM32U5G9J-DK1, STM32U5G9J-DK2, STM32U5G9NJH6Q, STM32U5G9VJT6Q, STM32U5G9ZJJ6QTR, STM32U5G9ZJT6Q, STM32WB05KZV6TR, STM32WB05KZV7TR, STM32WB05TZF6TR, STM32WB05TZF7TR, STM32WB06CCF6TR, STM32WB06CCF7TR, STM32WB06CCV6TR, STM32WB06CCV7TR, STM32WB06KCV6TR, STM32WB06KCV7TR, STM32WB07CCF6TR, STM32WB07CCF7TR, STM32WB07CCV6TR, STM32WB07CCV7TR, STM32WB07KCV6TR, STM32WB07KCV7TR, STM32WB09KEV6TR, STM32WB09KEV7TR, STM32WB09TEF6TR, STM32WB09TEF7TR, STM32WB1MMCH6, STM32WBA50KGU6, STM32WBA50KGU6TR, STM32WBA52CEU6, STM32WBA52CEU6TR, STM32WBA52CEU7, STM32WBA52CEU7TR, STM32WBA52CGU6, STM32WBA52CGU6TR, STM32WBA52CGU6U, STM32WBA52CGU7, STM32WBA52CGU7TR, STM32WBA52KEU6, STM32WBA52KEU6TR, STM32WBA52KGU6, STM32WBA52KGU6TR, STM32WBA54CEU6, STM32WBA54CEU6TR, STM32WBA54CEU7, STM32WBA54CEU7TR, STM32WBA54CGU6, STM32WBA54CGU6TR, STM32WBA54CGU7, STM32WBA54CGU7TR, STM32WBA54KEU6, STM32WBA54KEU6TR, STM32WBA54KEU7, STM32WBA54KEU7TR, STM32WBA54KGU6, STM32WBA54KGU6TR, STM32WBA54KGU7, STM32WBA54KGU7TR, STM32WBA55CEU6, STM32WBA55CEU6TR, STM32WBA55CEU7, STM32WBA55CEU7TR, STM32WBA55CGU6, STM32WBA55CGU6TR, STM32WBA55CGU6U, STM32WBA55CGU7, STM32WBA55CGU7TR, STM32WBA55G-DK1, STM32WBA55HEF6, STM32WBA55HEF7, STM32WBA55HGF6, STM32WBA55HGF7, STM32WBA55UEI6, STM32WBA55UEI6TR, STM32WBA55UEI7, STM32WBA55UEI7TR, STM32WBA55UGI6, STM32WBA55UGI6TR, STM32WBA55UGI7, STM32WBA55UGI7TR, STM32WBA5MMGH6TR, STM32WBA62MGF6, STM32WBA62MIF6, STM32WBA65MGF7, STM32WBA65MIF6, STM32WBA65MIF7, STM32WL30K8V6, STM32WL30KBV6, STM32WL31C8V6, STM32WL31CBV6, STM32WL31K8V6, STM32WL31KBV6, STM32WL33C8V6, STM32WL33C8V6X, STM32WL33CBV6, STM32WL33CBV6X, STM32WL33CCV6, STM32WL33CCV6A, STM32WL33CCV6X, STM32WL33K8V7, STM32WL33K8V7X, STM32WL33KBV7 , STM32WL33KBV7X, STM32WL33KCV7, STM32WL33KCV7X, STM32WL5MOCH6, STM32WL5MOCH6TR]
2026-02-18 23:53:06,991 [INFO] DbMcus:218 - Found 4876 MCUs, 4876 are supported
2026-02-18 23:53:06,992 [INFO] ApiDb:423 - Load user favorites file C:\Users\USER/.stm32cubeide/favorites.mcus.txt: 0 item(s)
2026-02-18 23:53:06,992 [INFO] ApiDb:427 - User favorites MCUs=[]
2026-02-18 23:53:06,992 [INFO] DbMcus:224 - Set 0 / 0 favorites MCUs
2026-02-18 23:53:07,309 [ERROR] LogOutputStream:75 - [STDERR_REDIRECT] [Fatal Error] :1:1: Premature end of file.
2026-02-18 23:53:07,309 [ERROR] LogOutputStream:75 - [STDERR_REDIRECT] 
2026-02-18 23:53:07,530 [INFO] BoardInfo:889 - No configuration file found for board P-NUCLEO-WB55
2026-02-18 23:53:07,531 [INFO] DbBoards:161 - Kit is not supported: P-NUCLEO-WB55
2026-02-18 23:53:07,534 [INFO] BoardInfo:889 - No configuration file found for board STEVAL-BFA001V1B
2026-02-18 23:53:07,535 [INFO] DbBoards:161 - Kit is not supported: STEVAL-BFA001V1B
2026-02-18 23:53:07,535 [INFO] BoardInfo:889 - No configuration file found for board STEVAL-BFA001V2B
2026-02-18 23:53:07,536 [INFO] DbBoards:161 - Kit is not supported: STEVAL-BFA001V2B
2026-02-18 23:53:07,634 [INFO] DbBoards:168 - Found 212 boards, 209 are supported
2026-02-18 23:53:07,634 [INFO] DbBoards:169 - Found 212 boards, 43 of them is supported for  Bsp
2026-02-18 23:53:07,637 [INFO] ApiDb:423 - Load user favorites file C:\Users\USER/.stm32cubeide/favorites.boards.txt: 0 item(s)
2026-02-18 23:53:07,637 [INFO] ApiDb:427 - User favorites Boards=[]
2026-02-18 23:53:07,638 [INFO] DbBoards:198 - Set 0 / 0 favorites Boards
2026-02-18 23:53:07,692 [INFO] UtilMem:75 - End LoadConfig() Used Memory: 975677056 Bytes (1073741824)
2026-02-18 23:53:07,824 [WARN] ThirdParty:833 - waiting for thirdparty lock release [change project]
2026-02-18 23:53:07,824 [INFO] ThirdParty:835 - entering critical section [change project]
2026-02-18 23:53:07,825 [INFO] ThirdParty:1030 - CMSIS Pack Vendor :STMicroelectronics X-CUBE-PM33A1 1.0.0
2026-02-18 23:53:07,825 [INFO] ThirdParty:1030 - CMSIS Pack Vendor :STMicroelectronics USBPD 4.1
2026-02-18 23:53:07,825 [INFO] ThirdParty:1030 - CMSIS Pack Vendor :STMicroelectronics X-CUBE-NFC9 1.0.0
2026-02-18 23:53:07,825 [INFO] ThirdParty:1030 - CMSIS Pack Vendor :STMicroelectronics USB_HOST 2.0.0
2026-02-18 23:53:07,825 [INFO] ThirdParty:1030 - CMSIS Pack Vendor :STMicroelectronics FP-SNS-MOTENVWB1 1.4.0
2026-02-18 23:53:07,825 [INFO] ThirdParty:1030 - CMSIS Pack Vendor :STMicroelectronics X-CUBE-AZRTOS-F4 1.1.0
2026-02-18 23:53:07,825 [INFO] ThirdParty:1030 - CMSIS Pack Vendor :STMicroelectronics LIBJPEG 8.0.0
2026-02-18 23:53:07,825 [INFO] ThirdParty:1030 - CMSIS Pack Vendor :STMicroelectronics FP-ATR-ASTRA1 2.0.2
2026-02-18 23:53:07,825 [INFO] ThirdParty:1030 - CMSIS Pack Vendor :STMicroelectronics X-CUBE-BLE1 7.1.0
2026-02-18 23:53:07,825 [INFO] ThirdParty:1030 - CMSIS Pack Vendor :STMicroelectronics X-CUBE-SMBUS 2.1.0
2026-02-18 23:53:07,825 [INFO] ThirdParty:1030 - CMSIS Pack Vendor :wolfSSL I-CUBE-wolfMQTT 1.19.2
2026-02-18 23:53:07,825 [INFO] ThirdParty:1030 - CMSIS Pack Vendor :STMicroelectronics USB_DEVICE 3.0.0
2026-02-18 23:53:07,825 [INFO] ThirdParty:1030 - CMSIS Pack Vendor :STMicroelectronics X-CUBE-ISPU 2.1.0
2026-02-18 23:53:07,825 [INFO] ThirdParty:1030 - CMSIS Pack Vendor :STMicroelectronics X-CUBE-FREERTOS 1.4.0
2026-02-18 23:53:07,825 [INFO] ThirdParty:1030 - CMSIS Pack Vendor :STMicroelectronics X-CUBE-EEPRMA1 5.2.0
2026-02-18 23:53:07,825 [INFO] ThirdParty:1030 - CMSIS Pack Vendor :STMicroelectronics X-CUBE-IPS 3.2.0
2026-02-18 23:53:07,825 [INFO] ThirdParty:1030 - CMSIS Pack Vendor :STMicroelectronics X-CUBE-BLEMGR 4.1.0
2026-02-18 23:53:07,825 [INFO] ThirdParty:1030 - CMSIS Pack Vendor :STMicroelectronics X-CUBE-AZRTOS-WB 2.0.0
2026-02-18 23:53:07,825 [INFO] ThirdParty:1030 - CMSIS Pack Vendor :wolfSSL I-CUBE-wolfSSL 5.8.4
2026-02-18 23:53:07,825 [INFO] ThirdParty:1030 - CMSIS Pack Vendor :Cesanta I-CUBE-Mongoose 7.20.0
2026-02-18 23:53:07,825 [INFO] ThirdParty:1030 - CMSIS Pack Vendor :STMicroelectronics X-CUBE-NFC12 1.0.0
2026-02-18 23:53:07,825 [INFO] ThirdParty:1030 - CMSIS Pack Vendor :STMicroelectronics X-CUBE-AZRTOS-F7 1.1.0
2026-02-18 23:53:07,825 [INFO] ThirdParty:1030 - CMSIS Pack Vendor :STMicroelectronics X-CUBE-AZRTOS-L5 2.0.0
2026-02-18 23:53:07,825 [INFO] ThirdParty:1030 - CMSIS Pack Vendor :STMicroelectronics USB_DEVICE 2.0.0
2026-02-18 23:53:07,826 [INFO] ThirdParty:1030 - CMSIS Pack Vendor :quantropi X-CUBE-qispace-sdk-base 2.1.0
2026-02-18 23:53:07,826 [INFO] ThirdParty:1030 - CMSIS Pack Vendor :STMicroelectronics X-CUBE-MEMS1 12.0.0
2026-02-18 23:53:07,826 [INFO] ThirdParty:1030 - CMSIS Pack Vendor :STMicroelectronics X-CUBE-STSE01 2.0.0
2026-02-18 23:53:07,826 [INFO] ThirdParty:1030 - CMSIS Pack Vendor :STMicroelectronics FP-SNS-MOTENV1 5.1.0
2026-02-18 23:53:07,826 [INFO] ThirdParty:1030 - CMSIS Pack Vendor :STMicroelectronics FreeRTOS 0.0.1
2026-02-18 23:53:07,826 [INFO] ThirdParty:1030 - CMSIS Pack Vendor :STMicroelectronics X-CUBE-AZRTOS-G0 1.1.0
2026-02-18 23:53:07,826 [INFO] ThirdParty:1030 - CMSIS Pack Vendor :STMicroelectronics X-CUBE-NFC4 3.0.0
2026-02-18 23:53:07,826 [INFO] ThirdParty:1030 - CMSIS Pack Vendor :STMicroelectronics X-CUBE-SUBG2 5.0.0
2026-02-18 23:53:07,826 [INFO] ThirdParty:1030 - CMSIS Pack Vendor :STMicroelectronics STM32_WPAN 1.0.0
2026-02-18 23:53:07,826 [INFO] ThirdParty:1030 - CMSIS Pack Vendor :EmbeddedOffice I-CUBE-FS-RTOS 1.0.1
2026-02-18 23:53:07,826 [INFO] ThirdParty:1030 - CMSIS Pack Vendor :STMicroelectronics lwIP 2.0.3
2026-02-18 23:53:07,826 [INFO] ThirdParty:1030 - CMSIS Pack Vendor :WES I-CUBE-Cesium 1.4.0
2026-02-18 23:53:07,826 [INFO] ThirdParty:1030 - CMSIS Pack Vendor :STMicroelectronics USB_HOST 1.0.0
2026-02-18 23:53:07,826 [INFO] ThirdParty:1030 - CMSIS Pack Vendor :STMicroelectronics X-CUBE-AZRTOS-G4 2.0.0
2026-02-18 23:53:07,826 [INFO] ThirdParty:1030 - CMSIS Pack Vendor :STMicroelectronics X-CUBE-WB05N 2.0.0
2026-02-18 23:53:07,826 [INFO] ThirdParty:1030 - CMSIS Pack Vendor :STMicroelectronics PDM2PCM 3.1.0
2026-02-18 23:53:07,826 [INFO] ThirdParty:1030 - CMSIS Pack Vendor :STMicroelectronics PDM2PCM 3.3.0
2026-02-18 23:53:07,826 [INFO] ThirdParty:1030 - CMSIS Pack Vendor :wolfSSL I-CUBE-wolfTPM 3.8.0
2026-02-18 23:53:07,826 [INFO] ThirdParty:1030 - CMSIS Pack Vendor :STMicroelectronics X-CUBE-AZRTOS-H7 3.4.0
2026-02-18 23:53:07,826 [INFO] ThirdParty:1030 - CMSIS Pack Vendor :STMicroelectronics X-CUBE-DISPLAY 3.0.0
2026-02-18 23:53:07,826 [INFO] ThirdParty:1030 - CMSIS Pack Vendor :wolfSSL I-CUBE-wolfSSH 1.4.20
2026-02-18 23:53:07,826 [INFO] ThirdParty:1030 - CMSIS Pack Vendor :STMicroelectronics X-CUBE-NFC7 2.0.0
2026-02-18 23:53:07,826 [INFO] ThirdParty:1030 - CMSIS Pack Vendor :STMicroelectronics X-CUBE-TCPP 4.2.0
2026-02-18 23:53:07,826 [INFO] ThirdParty:1030 - CMSIS Pack Vendor :RealThread X-CUBE-RT-Thread_Nano 4.1.1
2026-02-18 23:53:07,826 [INFO] ThirdParty:1030 - CMSIS Pack Vendor :STMicroelectronics FP-ATR-SIGFOX1 3.2.0
2026-02-18 23:53:07,826 [INFO] ThirdParty:1030 - CMSIS Pack Vendor :STMicroelectronics X-CUBE-NFC10 1.0.0
2026-02-18 23:53:07,826 [INFO] ThirdParty:1030 - CMSIS Pack Vendor :STMicroelectronics HAL Drivers 0.0.0
2026-02-18 23:53:07,826 [INFO] ThirdParty:1030 - CMSIS Pack Vendor :STMicroelectronics MBEDTLS 2.16.2
2026-02-18 23:53:07,826 [INFO] ThirdParty:1030 - CMSIS Pack Vendor :STMicroelectronics X-CUBE-ST60 1.1.0
2026-02-18 23:53:07,826 [INFO] ThirdParty:1030 - CMSIS Pack Vendor :STMicroelectronics X-CUBE-ALS 1.0.2
2026-02-18 23:53:07,826 [INFO] ThirdParty:1030 - CMSIS Pack Vendor :emotas I-CUBE-CANOPEN 1.3.0
2026-02-18 23:53:07,826 [INFO] ThirdParty:1030 - CMSIS Pack Vendor :STMicroelectronics MBEDTLS 2.14.1
2026-02-18 23:53:07,827 [INFO] ThirdParty:1030 - CMSIS Pack Vendor :STMicroelectronics X-CUBE-GNSS1 7.1.0
2026-02-18 23:53:07,827 [INFO] ThirdParty:1030 - CMSIS Pack Vendor :ITTIA_DB I-CUBE-ITTIADB 8.9.0
2026-02-18 23:53:07,827 [INFO] ThirdParty:1030 - CMSIS Pack Vendor :STMicroelectronics X-CUBE-TOUCHGFX 4.26.0
2026-02-18 23:53:07,827 [INFO] ThirdParty:1030 - CMSIS Pack Vendor :STMicroelectronics X-CUBE-NFC6 3.2.0
2026-02-18 23:53:07,827 [INFO] ThirdParty:1030 - CMSIS Pack Vendor :STMicroelectronics FP-SNS-STBOX1 2.1.0
2026-02-18 23:53:07,827 [INFO] ThirdParty:1030 - CMSIS Pack Vendor :STMicroelectronics X-CUBE-AI 10.2.0
2026-02-18 23:53:07,827 [INFO] ThirdParty:1030 - CMSIS Pack Vendor :STMicroelectronics FP-SNS-STAIOTCFT 1.0.0
2026-02-18 23:53:07,827 [INFO] ThirdParty:1030 - CMSIS Pack Vendor :STMicroelectronics ThreadX 1.0.0
2026-02-18 23:53:07,827 [INFO] ThirdParty:1030 - CMSIS Pack Vendor :STMicroelectronics FP-SNS-SMARTAG2 1.2.0
2026-02-18 23:53:07,827 [INFO] ThirdParty:1030 - CMSIS Pack Vendor :STMicroelectronics FP-SNS-FLIGHT1 5.1.0
2026-02-18 23:53:07,827 [INFO] ThirdParty:1030 - CMSIS Pack Vendor :STMicroelectronics X-CUBE-AZRTOS-WL 2.0.0
2026-02-18 23:53:07,827 [INFO] ThirdParty:1030 - CMSIS Pack Vendor :SEGGER I-CUBE-embOS 1.3.1
2026-02-18 23:53:07,827 [INFO] ThirdParty:1030 - CMSIS Pack Vendor :STMicroelectronics X-CUBE-ALGOBUILD 1.4.0
2026-02-18 23:53:07,827 [INFO] ThirdParty:1030 - CMSIS Pack Vendor :STMicroelectronics X-CUBE-DPower 1.3.0
2026-02-18 23:53:07,827 [INFO] ThirdParty:1030 - CMSIS Pack Vendor :STMicroelectronics USB_DEVICE 1.0.0
2026-02-18 23:53:07,827 [INFO] ThirdParty:1030 - CMSIS Pack Vendor :STMicroelectronics X-CUBE-AZRTOS-H7RS 1.2.0
2026-02-18 23:53:07,827 [INFO] ThirdParty:1030 - CMSIS Pack Vendor :STMicroelectronics X-CUBE-AZRTOS-L4 2.0.0
2026-02-18 23:53:07,827 [INFO] ThirdParty:1030 - CMSIS Pack Vendor :STMicroelectronics ThreadX 0.0.2
2026-02-18 23:53:07,827 [INFO] ThirdParty:1030 - CMSIS Pack Vendor :STMicroelectronics lwIP 2.1.2
2026-02-18 23:53:07,827 [INFO] ThirdParty:1030 - CMSIS Pack Vendor :STMicroelectronics X-CUBE-SFXS2LP1 4.0.0
2026-02-18 23:53:07,827 [INFO] ThirdParty:1030 - CMSIS Pack Vendor :STMicroelectronics X-CUBE-BLE2 3.3.0
2026-02-18 23:53:07,827 [INFO] ThirdParty:1030 - CMSIS Pack Vendor :Avnet-IOTCONNECT X-CUBE-iotc-st67-sdk 1.0.0
2026-02-18 23:53:07,827 [INFO] ThirdParty:1030 - CMSIS Pack Vendor :STMicroelectronics X-CUBE-TOF1 3.4.3
2026-02-18 23:53:07,827 [INFO] ThirdParty:1030 - CMSIS Pack Vendor :Infineon AIROC-Wi-Fi-Bluetooth-STM32 1.8.0
2026-02-18 23:53:07,828 [INFO] ThirdParty:1030 - CMSIS Pack Vendor :STMicroelectronics PDM2PCM 3.2.0
2026-02-18 23:53:07,828 [INFO] ThirdParty:1030 - CMSIS Pack Vendor :STMicroelectronics X-CUBE-ST67W61 1.2.0
2026-02-18 23:53:07,828 [INFO] ThirdParty:841 - exiting critical section [change project]
2026-02-18 23:53:08,200 [INFO] PinOutPanel:1589 - setPackage(No Configuration,No Configuration)
2026-02-18 23:53:08,202 [INFO] PinOutPanel:1589 - setPackage(STM32F405RGTx,LQFP64)
2026-02-18 23:53:08,309 [ERROR] LogOutputStream:75 - [STDERR_REDIRECT] [Fatal Error] :1:1: Premature end of file.
2026-02-18 23:53:08,310 [ERROR] LogOutputStream:75 - [STDERR_REDIRECT] 
2026-02-18 23:53:08,579 [INFO] UtilMem:75 - Before build in PCC Used Memory: 879808224 Bytes (1073741824)
2026-02-18 23:53:09,133 [INFO] UtilMem:75 - After build in PCC Used Memory: 953236096 Bytes (1073741824)
2026-02-18 23:53:09,158 [INFO] IPUIPlugin:80 - create IPUIPlugin
2026-02-18 23:53:09,158 [INFO] IPUIPlugin:80 - create IPUIPlugin
2026-02-18 23:53:09,158 [INFO] IPUIPlugin:80 - create IPUIPlugin
2026-02-18 23:53:09,158 [INFO] IPUIPlugin:80 - create IPUIPlugin
2026-02-18 23:53:09,158 [INFO] IPUIPlugin:80 - create IPUIPlugin
2026-02-18 23:53:09,159 [INFO] IPUIPlugin:80 - create IPUIPlugin
2026-02-18 23:53:09,159 [INFO] IPUIPlugin:80 - create IPUIPlugin
2026-02-18 23:53:09,159 [INFO] IPUIPlugin:80 - create IPUIPlugin
2026-02-18 23:53:09,159 [INFO] IPUIPlugin:80 - create IPUIPlugin
2026-02-18 23:53:09,159 [INFO] IPUIPlugin:80 - create IPUIPlugin
2026-02-18 23:53:09,159 [INFO] IPUIPlugin:80 - create IPUIPlugin
2026-02-18 23:53:09,159 [INFO] IPUIPlugin:80 - create IPUIPlugin
2026-02-18 23:53:09,159 [INFO] IPUIPlugin:80 - create IPUIPlugin
2026-02-18 23:53:09,159 [INFO] IPUIPlugin:80 - create IPUIPlugin
2026-02-18 23:53:09,160 [INFO] IPUIPlugin:80 - create IPUIPlugin
2026-02-18 23:53:09,160 [INFO] IPUIPlugin:80 - create IPUIPlugin
2026-02-18 23:53:09,160 [INFO] IPUIPlugin:80 - create IPUIPlugin
2026-02-18 23:53:09,160 [INFO] IPUIPlugin:80 - create IPUIPlugin
2026-02-18 23:53:09,160 [INFO] IPUIPlugin:80 - create IPUIPlugin
2026-02-18 23:53:09,160 [INFO] IPUIPlugin:80 - create IPUIPlugin
2026-02-18 23:53:09,160 [INFO] IPUIPlugin:80 - create IPUIPlugin
2026-02-18 23:53:09,161 [INFO] IPUIPlugin:80 - create IPUIPlugin
2026-02-18 23:53:09,161 [INFO] IPUIPlugin:80 - create IPUIPlugin
2026-02-18 23:53:09,161 [INFO] IPUIPlugin:80 - create IPUIPlugin
2026-02-18 23:53:09,161 [INFO] IPUIPlugin:80 - create IPUIPlugin
2026-02-18 23:53:09,161 [INFO] IPUIPlugin:80 - create IPUIPlugin
2026-02-18 23:53:09,161 [INFO] IPUIPlugin:80 - create IPUIPlugin
2026-02-18 23:53:09,161 [INFO] IPUIPlugin:80 - create IPUIPlugin
2026-02-18 23:53:09,162 [INFO] IPUIPlugin:80 - create IPUIPlugin
2026-02-18 23:53:09,162 [INFO] IPUIPlugin:80 - create IPUIPlugin
2026-02-18 23:53:09,162 [INFO] IPUIPlugin:80 - create IPUIPlugin
2026-02-18 23:53:09,162 [INFO] IPUIPlugin:80 - create IPUIPlugin
2026-02-18 23:53:09,162 [INFO] IPUIPlugin:80 - create IPUIPlugin
2026-02-18 23:53:09,162 [INFO] IPUIPlugin:80 - create IPUIPlugin
2026-02-18 23:53:09,163 [INFO] IPUIPlugin:80 - create IPUIPlugin
2026-02-18 23:53:09,163 [INFO] IPUIPlugin:80 - create IPUIPlugin
2026-02-18 23:53:09,164 [INFO] IPUIPlugin:80 - create IPUIPlugin
2026-02-18 23:53:09,164 [INFO] IPUIPlugin:80 - create IPUIPlugin
2026-02-18 23:53:09,164 [INFO] IPUIPlugin:80 - create IPUIPlugin
2026-02-18 23:53:09,164 [INFO] IPUIPlugin:80 - create IPUIPlugin
2026-02-18 23:53:09,166 [INFO] IPUIPlugin:80 - create IPUIPlugin
2026-02-18 23:53:09,166 [INFO] IPUIPlugin:80 - create IPUIPlugin
2026-02-18 23:53:09,166 [INFO] IPUIPlugin:80 - create IPUIPlugin
2026-02-18 23:53:09,167 [INFO] IPUIPlugin:80 - create IPUIPlugin
2026-02-18 23:53:09,167 [INFO] IPUIPlugin:80 - create IPUIPlugin
2026-02-18 23:53:09,167 [INFO] IPUIPlugin:80 - create IPUIPlugin
2026-02-18 23:53:09,167 [INFO] IPUIPlugin:80 - create IPUIPlugin
2026-02-18 23:53:09,168 [INFO] IPUIPlugin:80 - create IPUIPlugin
2026-02-18 23:53:09,168 [INFO] IPUIPlugin:80 - create IPUIPlugin
2026-02-18 23:53:09,168 [INFO] IPUIPlugin:80 - create IPUIPlugin
2026-02-18 23:53:09,168 [INFO] IPUIPlugin:80 - create IPUIPlugin
2026-02-18 23:53:09,169 [INFO] IPUIPlugin:80 - create IPUIPlugin
2026-02-18 23:53:09,169 [INFO] IPUIPlugin:80 - create IPUIPlugin
2026-02-18 23:53:09,169 [INFO] IPUIPlugin:80 - create IPUIPlugin
2026-02-18 23:53:09,242 [INFO] ApiDbMcu:532 - Load IP Config File for PDM2PCM
2026-02-18 23:53:09,307 [ERROR] LogOutputStream:75 - [STDERR_REDIRECT] [Fatal Error] :1:1: Premature end of file.
2026-02-18 23:53:09,307 [ERROR] LogOutputStream:75 - [STDERR_REDIRECT] 
2026-02-18 23:53:09,366 [INFO] CADModel:165 - CPN selected for project levelSTM32F405RGT6
2026-02-18 23:53:09,366 [INFO] CADModel:114 - Register for checkConnection events
2026-02-18 23:53:09,413 [INFO] OpenFileManager:386 - Restore cursor
2026-02-18 23:53:10,312 [ERROR] LogOutputStream:75 - [STDERR_REDIRECT] [Fatal Error] :1:1: Premature end of file.
2026-02-18 23:53:10,313 [ERROR] LogOutputStream:75 - [STDERR_REDIRECT] 
2026-02-18 23:53:11,307 [ERROR] LogOutputStream:75 - [STDERR_REDIRECT] [Fatal Error] :1:1: Premature end of file.
2026-02-18 23:53:11,307 [ERROR] LogOutputStream:75 - [STDERR_REDIRECT] 
2026-02-18 23:53:12,311 [ERROR] LogOutputStream:75 - [STDERR_REDIRECT] [Fatal Error] :1:1: Premature end of file.
2026-02-18 23:53:12,311 [ERROR] LogOutputStream:75 - [STDERR_REDIRECT] 
2026-02-18 23:53:13,309 [ERROR] LogOutputStream:75 - [STDERR_REDIRECT] [Fatal Error] :1:1: Premature end of file.
2026-02-18 23:53:13,309 [ERROR] LogOutputStream:75 - [STDERR_REDIRECT] 
2026-02-18 23:53:14,306 [ERROR] LogOutputStream:75 - [STDERR_REDIRECT] [Fatal Error] :1:1: Premature end of file.
2026-02-18 23:53:14,307 [ERROR] LogOutputStream:75 - [STDERR_REDIRECT] 
2026-02-18 23:53:15,320 [ERROR] LogOutputStream:75 - [STDERR_REDIRECT] [Fatal Error] :1:1: Premature end of file.
2026-02-18 23:53:15,320 [ERROR] LogOutputStream:75 - [STDERR_REDIRECT] 
2026-02-18 23:53:16,315 [ERROR] LogOutputStream:75 - [STDERR_REDIRECT] [Fatal Error] :1:1: Premature end of file.
2026-02-18 23:53:16,315 [ERROR] LogOutputStream:75 - [STDERR_REDIRECT] 
2026-02-18 23:53:17,311 [ERROR] LogOutputStream:75 - [STDERR_REDIRECT] [Fatal Error] :1:1: Premature end of file.
2026-02-18 23:53:17,312 [ERROR] LogOutputStream:75 - [STDERR_REDIRECT] 
2026-02-18 23:53:18,307 [ERROR] LogOutputStream:75 - [STDERR_REDIRECT] [Fatal Error] :1:1: Premature end of file.
2026-02-18 23:53:18,307 [ERROR] LogOutputStream:75 - [STDERR_REDIRECT] 
2026-02-18 23:53:19,316 [ERROR] LogOutputStream:75 - [STDERR_REDIRECT] [Fatal Error] :1:1: Premature end of file.
2026-02-18 23:53:19,316 [ERROR] LogOutputStream:75 - [STDERR_REDIRECT] 
2026-02-18 23:53:20,319 [ERROR] LogOutputStream:75 - [STDERR_REDIRECT] [Fatal Error] :1:1: Premature end of file.
2026-02-18 23:53:20,319 [ERROR] LogOutputStream:75 - [STDERR_REDIRECT] 
2026-02-18 23:53:21,322 [ERROR] LogOutputStream:75 - [STDERR_REDIRECT] [Fatal Error] :1:1: Premature end of file.
2026-02-18 23:53:21,322 [ERROR] LogOutputStream:75 - [STDERR_REDIRECT] 
2026-02-18 23:53:22,309 [ERROR] LogOutputStream:75 - [STDERR_REDIRECT] [Fatal Error] :1:1: Premature end of file.
2026-02-18 23:53:22,309 [ERROR] LogOutputStream:75 - [STDERR_REDIRECT] 
2026-02-18 23:53:23,315 [ERROR] LogOutputStream:75 - [STDERR_REDIRECT] [Fatal Error] :1:1: Premature end of file.
2026-02-18 23:53:23,315 [ERROR] LogOutputStream:75 - [STDERR_REDIRECT] 
2026-02-18 23:53:24,308 [ERROR] LogOutputStream:75 - [STDERR_REDIRECT] [Fatal Error] :1:1: Premature end of file.
2026-02-18 23:53:24,308 [ERROR] LogOutputStream:75 - [STDERR_REDIRECT] 
2026-02-18 23:53:25,307 [ERROR] LogOutputStream:75 - [STDERR_REDIRECT] [Fatal Error] :1:1: Premature end of file.
2026-02-18 23:53:25,307 [ERROR] LogOutputStream:75 - [STDERR_REDIRECT] 
2026-02-18 23:53:26,312 [ERROR] LogOutputStream:75 - [STDERR_REDIRECT] [Fatal Error] :1:1: Premature end of file.
2026-02-18 23:53:26,312 [ERROR] LogOutputStream:75 - [STDERR_REDIRECT] 
2026-02-18 23:53:27,306 [ERROR] LogOutputStream:75 - [STDERR_REDIRECT] [Fatal Error] :1:1: Premature end of file.
2026-02-18 23:53:27,306 [ERROR] LogOutputStream:75 - [STDERR_REDIRECT] 
2026-02-18 23:53:28,306 [ERROR] LogOutputStream:75 - [STDERR_REDIRECT] [Fatal Error] :1:1: Premature end of file.
2026-02-18 23:53:28,306 [ERROR] LogOutputStream:75 - [STDERR_REDIRECT] 
2026-02-18 23:53:29,314 [ERROR] LogOutputStream:75 - [STDERR_REDIRECT] [Fatal Error] :1:1: Premature end of file.
2026-02-18 23:53:29,314 [ERROR] LogOutputStream:75 - [STDERR_REDIRECT] 
2026-02-18 23:53:30,311 [ERROR] LogOutputStream:75 - [STDERR_REDIRECT] [Fatal Error] :1:1: Premature end of file.
2026-02-18 23:53:30,311 [ERROR] LogOutputStream:75 - [STDERR_REDIRECT] 
2026-02-18 23:53:30,912 [INFO] UtilMem:75 - End SaveConfig() Used Memory: 737460824 Bytes (1073741824)
2026-02-18 23:53:31,313 [ERROR] LogOutputStream:75 - [STDERR_REDIRECT] [Fatal Error] :1:1: Premature end of file.
2026-02-18 23:53:31,313 [ERROR] LogOutputStream:75 - [STDERR_REDIRECT] 
2026-02-18 23:53:32,313 [ERROR] LogOutputStream:75 - [STDERR_REDIRECT] [Fatal Error] :1:1: Premature end of file.
2026-02-18 23:53:32,313 [ERROR] LogOutputStream:75 - [STDERR_REDIRECT] 
2026-02-18 23:53:32,753 [INFO] UtilMem:75 - End SaveConfig() Used Memory: 801741296 Bytes (1073741824)
2026-02-18 23:53:33,138 [INFO] BlockDiagram:2775 - set Specific Code input for plugin: SYS
2026-02-18 23:53:33,138 [INFO] BlockDiagram:2775 - set Specific Code input for plugin: RCC
2026-02-18 23:53:33,138 [INFO] BlockDiagram:2775 - set Specific Code input for plugin: NVIC
2026-02-18 23:53:33,138 [INFO] BlockDiagram:2775 - set Specific Code input for plugin: GPIO
2026-02-18 23:53:33,139 [INFO] CodeGenerator:892 - code generatio: config db path: C:\ST\STM32CubeIDE_1.19.0\STM32CubeIDE\plugins\com.st.stm32cube.common.mx_6.15.0.202507011659\\db\
2026-02-18 23:53:33,271 [INFO] CodeEngine:265 - oldGeneratedFile, C:\Users\USER\Desktop\Dron\1_Debug_LED_1\MXTmpFiles\license.tmp_save
2026-02-18 23:53:33,308 [ERROR] LogOutputStream:75 - [STDERR_REDIRECT] [Fatal Error] :1:1: Premature end of file.
2026-02-18 23:53:33,308 [ERROR] LogOutputStream:75 - [STDERR_REDIRECT] 
2026-02-18 23:53:33,553 [INFO] CodeEngine:289 - Generated code: C:\Users\USER\Desktop\Dron\1_Debug_LED_1\MXTmpFiles\license.tmp
2026-02-18 23:53:33,634 [INFO] CodeEngine:265 - oldGeneratedFile, C:\Users\USER\Desktop\Dron\1_Debug_LED_1\Core\Src\gpio.c_save
2026-02-18 23:53:33,753 [INFO] CodeEngine:289 - Generated code: C:\Users\USER\Desktop\Dron\1_Debug_LED_1\Core\Src\gpio.c
2026-02-18 23:53:33,758 [INFO] CodeEngine:265 - oldGeneratedFile, C:\Users\USER\Desktop\Dron\1_Debug_LED_1\Core\Inc\gpio.h_save
2026-02-18 23:53:33,822 [INFO] CodeEngine:289 - Generated code: C:\Users\USER\Desktop\Dron\1_Debug_LED_1\Core\Inc\gpio.h
2026-02-18 23:53:33,855 [INFO] CodeEngine:265 - oldGeneratedFile, C:\Users\USER\Desktop\Dron\1_Debug_LED_1\Core\Src\stm32f4xx_it.c_save
2026-02-18 23:53:33,937 [INFO] CodeEngine:289 - Generated code: C:\Users\USER\Desktop\Dron\1_Debug_LED_1\Core\Src\stm32f4xx_it.c
2026-02-18 23:53:33,943 [INFO] CodeEngine:265 - oldGeneratedFile, C:\Users\USER\Desktop\Dron\1_Debug_LED_1\Core\Inc\stm32f4xx_it.h_save
2026-02-18 23:53:34,000 [INFO] CodeEngine:289 - Generated code: C:\Users\USER\Desktop\Dron\1_Debug_LED_1\Core\Inc\stm32f4xx_it.h
2026-02-18 23:53:34,013 [INFO] CodeEngine:265 - oldGeneratedFile, C:\Users\USER\Desktop\Dron\1_Debug_LED_1\Core\Src\stm32f4xx_hal_msp.c_save
2026-02-18 23:53:34,099 [INFO] CodeEngine:289 - Generated code: C:\Users\USER\Desktop\Dron\1_Debug_LED_1\Core\Src\stm32f4xx_hal_msp.c
2026-02-18 23:53:34,104 [INFO] CodeEngine:265 - oldGeneratedFile, C:\Users\USER\Desktop\Dron\1_Debug_LED_1\MXTmpFiles\system.tmp_save
2026-02-18 23:53:34,197 [INFO] CodeEngine:289 - Generated code: C:\Users\USER\Desktop\Dron\1_Debug_LED_1\MXTmpFiles\system.tmp
2026-02-18 23:53:34,201 [INFO] CodeEngine:265 - oldGeneratedFile, C:\Users\USER\Desktop\Dron\1_Debug_LED_1\Core\Inc\stm32_assert.h_save
2026-02-18 23:53:34,249 [INFO] CodeEngine:289 - Generated code: C:\Users\USER\Desktop\Dron\1_Debug_LED_1\Core\Inc\stm32_assert.h
2026-02-18 23:53:34,259 [INFO] CodeEngine:321 - oldGeneratedFile, C:\Users\USER\Desktop\Dron\1_Debug_LED_1\Core\Inc\stm32f4xx_hal_conf.h_save
2026-02-18 23:53:34,305 [ERROR] LogOutputStream:75 - [STDERR_REDIRECT] [Fatal Error] :1:1: Premature end of file.
2026-02-18 23:53:34,305 [ERROR] LogOutputStream:75 - [STDERR_REDIRECT] 
2026-02-18 23:53:34,318 [INFO] CodeEngine:345 - Generated code: C:\Users\USER\Desktop\Dron\1_Debug_LED_1\Core\Inc\stm32f4xx_hal_conf.h
2026-02-18 23:53:34,409 [INFO] ApiDbMcu:532 - Load IP Config File for RCC
2026-02-18 23:53:34,420 [INFO] CodeEngine:265 - oldGeneratedFile, C:\Users\USER\Desktop\Dron\1_Debug_LED_1\Core\Inc\main.h_save
2026-02-18 23:53:34,498 [INFO] CodeEngine:289 - Generated code: C:\Users\USER\Desktop\Dron\1_Debug_LED_1\Core\Inc\main.h
2026-02-18 23:53:34,504 [INFO] CodeEngine:265 - oldGeneratedFile, C:\Users\USER\Desktop\Dron\1_Debug_LED_1\Core\Src\main.c_save
2026-02-18 23:53:34,617 [INFO] CodeEngine:289 - Generated code: C:\Users\USER\Desktop\Dron\1_Debug_LED_1\Core\Src\main.c
2026-02-18 23:53:35,006 [INFO] ProjectBuilder:3606 - Time for Copy HAL[1] : 180mS.
2026-02-18 23:53:35,012 [INFO] ProjectBuilder:5216 - Project Generator version: 4.7.0-B52
2026-02-18 23:53:35,110 [INFO] ConfigFileManager:1595 - The Die is : DIE413
2026-02-18 23:53:35,122 [INFO] ApiDbMcu:532 - Load IP Config File for FATFS
2026-02-18 23:53:35,147 [INFO] ApiDbMcu:532 - Load IP Config File for FREERTOS
2026-02-18 23:53:35,152 [INFO] ApiDbMcu:532 - Load IP Config File for LIBJPEG
2026-02-18 23:53:35,197 [INFO] ApiDbMcu:532 - Load IP Config File for MBEDTLS
2026-02-18 23:53:35,229 [INFO] ApiDbMcu:532 - Load IP Config File for USB_DEVICE
2026-02-18 23:53:35,238 [INFO] ApiDbMcu:532 - Load IP Config File for USB_HOST
2026-02-18 23:53:35,308 [ERROR] LogOutputStream:75 - [STDERR_REDIRECT] [Fatal Error] :1:1: Premature end of file.
2026-02-18 23:53:35,308 [ERROR] LogOutputStream:75 - [STDERR_REDIRECT] 
2026-02-18 23:53:35,514 [INFO] LogOutputStream:77 - [STDOUT_REDIRECT] 
2026-02-18 23:53:36,223 [INFO] ProjectBuilder:5496 - Time for Generating toolchain IDE Files: 1211mS.
2026-02-18 23:53:36,224 [INFO] ProjectBuilder:3463 - Time for Copy CMSIS : 1mS.
2026-02-18 23:53:36,226 [INFO] ProjectBuilder:3463 - Time for Copy CMSIS : 0mS.
2026-02-18 23:53:36,353 [ERROR] LogOutputStream:75 - [STDERR_REDIRECT] [Fatal Error] :1:1: Premature end of file.
2026-02-18 23:53:36,355 [ERROR] LogOutputStream:75 - [STDERR_REDIRECT] 
2026-02-18 23:53:37,308 [ERROR] LogOutputStream:75 - [STDERR_REDIRECT] [Fatal Error] :1:1: Premature end of file.
2026-02-18 23:53:37,308 [ERROR] LogOutputStream:75 - [STDERR_REDIRECT] 
2026-02-18 23:53:38,307 [ERROR] LogOutputStream:75 - [STDERR_REDIRECT] [Fatal Error] :1:1: Premature end of file.
2026-02-18 23:53:38,307 [ERROR] LogOutputStream:75 - [STDERR_REDIRECT] 
2026-02-18 23:53:39,307 [ERROR] LogOutputStream:75 - [STDERR_REDIRECT] [Fatal Error] :1:1: Premature end of file.
2026-02-18 23:53:39,307 [ERROR] LogOutputStream:75 - [STDERR_REDIRECT] 
2026-02-18 23:53:40,320 [ERROR] LogOutputStream:75 - [STDERR_REDIRECT] [Fatal Error] :1:1: Premature end of file.
2026-02-18 23:53:40,320 [ERROR] LogOutputStream:75 - [STDERR_REDIRECT] 
2026-02-18 23:53:41,311 [ERROR] LogOutputStream:75 - [STDERR_REDIRECT] [Fatal Error] :1:1: Premature end of file.
2026-02-18 23:53:41,311 [ERROR] LogOutputStream:75 - [STDERR_REDIRECT] 
2026-02-18 23:53:42,315 [ERROR] LogOutputStream:75 - [STDERR_REDIRECT] [Fatal Error] :1:1: Premature end of file.
2026-02-18 23:53:42,315 [ERROR] LogOutputStream:75 - [STDERR_REDIRECT] 
2026-02-18 23:53:43,309 [ERROR] LogOutputStream:75 - [STDERR_REDIRECT] [Fatal Error] :1:1: Premature end of file.
2026-02-18 23:53:43,309 [ERROR] LogOutputStream:75 - [STDERR_REDIRECT] 
2026-02-18 23:53:44,307 [ERROR] LogOutputStream:75 - [STDERR_REDIRECT] [Fatal Error] :1:1: Premature end of file.
2026-02-18 23:53:44,307 [ERROR] LogOutputStream:75 - [STDERR_REDIRECT] 
2026-02-18 23:53:45,306 [ERROR] LogOutputStream:75 - [STDERR_REDIRECT] [Fatal Error] :1:1: Premature end of file.
2026-02-18 23:53:45,306 [ERROR] LogOutputStream:75 - [STDERR_REDIRECT] 
2026-02-18 23:53:46,307 [ERROR] LogOutputStream:75 - [STDERR_REDIRECT] [Fatal Error] :1:1: Premature end of file.
2026-02-18 23:53:46,307 [ERROR] LogOutputStream:75 - [STDERR_REDIRECT] 
2026-02-18 23:53:47,308 [ERROR] LogOutputStream:75 - [STDERR_REDIRECT] [Fatal Error] :1:1: Premature end of file.
2026-02-18 23:53:47,308 [ERROR] LogOutputStream:75 - [STDERR_REDIRECT] 
2026-02-18 23:53:48,308 [ERROR] LogOutputStream:75 - [STDERR_REDIRECT] [Fatal Error] :1:1: Premature end of file.
2026-02-18 23:53:48,308 [ERROR] LogOutputStream:75 - [STDERR_REDIRECT] 
2026-02-18 23:53:49,311 [ERROR] LogOutputStream:75 - [STDERR_REDIRECT] [Fatal Error] :1:1: Premature end of file.
2026-02-18 23:53:49,311 [ERROR] LogOutputStream:75 - [STDERR_REDIRECT] 
2026-02-18 23:53:50,322 [ERROR] LogOutputStream:75 - [STDERR_REDIRECT] [Fatal Error] :1:1: Premature end of file.
2026-02-18 23:53:50,322 [ERROR] LogOutputStream:75 - [STDERR_REDIRECT] 
2026-02-18 23:53:51,321 [ERROR] LogOutputStream:75 - [STDERR_REDIRECT] [Fatal Error] :1:1: Premature end of file.
2026-02-18 23:53:51,321 [ERROR] LogOutputStream:75 - [STDERR_REDIRECT] 
2026-02-18 23:53:52,320 [ERROR] LogOutputStream:75 - [STDERR_REDIRECT] [Fatal Error] :1:1: Premature end of file.
2026-02-18 23:53:52,320 [ERROR] LogOutputStream:75 - [STDERR_REDIRECT] 
2026-02-18 23:53:53,312 [ERROR] LogOutputStream:75 - [STDERR_REDIRECT] [Fatal Error] :1:1: Premature end of file.
2026-02-18 23:53:53,312 [ERROR] LogOutputStream:75 - [STDERR_REDIRECT] 
2026-02-18 23:53:54,312 [ERROR] LogOutputStream:75 - [STDERR_REDIRECT] [Fatal Error] :1:1: Premature end of file.
2026-02-18 23:53:54,312 [ERROR] LogOutputStream:75 - [STDERR_REDIRECT] 
2026-02-18 23:53:55,315 [ERROR] LogOutputStream:75 - [STDERR_REDIRECT] [Fatal Error] :1:1: Premature end of file.
2026-02-18 23:53:55,315 [ERROR] LogOutputStream:75 - [STDERR_REDIRECT] 
2026-02-18 23:53:56,314 [ERROR] LogOutputStream:75 - [STDERR_REDIRECT] [Fatal Error] :1:1: Premature end of file.
2026-02-18 23:53:56,314 [ERROR] LogOutputStream:75 - [STDERR_REDIRECT] 
2026-02-18 23:53:57,306 [ERROR] LogOutputStream:75 - [STDERR_REDIRECT] [Fatal Error] :1:1: Premature end of file.
2026-02-18 23:53:57,306 [ERROR] LogOutputStream:75 - [STDERR_REDIRECT] 
2026-02-18 23:53:58,314 [ERROR] LogOutputStream:75 - [STDERR_REDIRECT] [Fatal Error] :1:1: Premature end of file.
2026-02-18 23:53:58,314 [ERROR] LogOutputStream:75 - [STDERR_REDIRECT] 
2026-02-18 23:53:59,305 [ERROR] LogOutputStream:75 - [STDERR_REDIRECT] [Fatal Error] :1:1: Premature end of file.
2026-02-18 23:53:59,305 [ERROR] LogOutputStream:75 - [STDERR_REDIRECT] 
2026-02-18 23:54:00,307 [ERROR] LogOutputStream:75 - [STDERR_REDIRECT] [Fatal Error] :1:1: Premature end of file.
2026-02-18 23:54:00,307 [ERROR] LogOutputStream:75 - [STDERR_REDIRECT] 
2026-02-18 23:54:01,315 [ERROR] LogOutputStream:75 - [STDERR_REDIRECT] [Fatal Error] :1:1: Premature end of file.
2026-02-18 23:54:01,315 [ERROR] LogOutputStream:75 - [STDERR_REDIRECT] 
2026-02-18 23:54:02,309 [ERROR] LogOutputStream:75 - [STDERR_REDIRECT] [Fatal Error] :1:1: Premature end of file.
2026-02-18 23:54:02,309 [ERROR] LogOutputStream:75 - [STDERR_REDIRECT] 
2026-02-18 23:54:03,323 [ERROR] LogOutputStream:75 - [STDERR_REDIRECT] [Fatal Error] :1:1: Premature end of file.
2026-02-18 23:54:03,323 [ERROR] LogOutputStream:75 - [STDERR_REDIRECT] 
2026-02-18 23:54:04,307 [ERROR] LogOutputStream:75 - [STDERR_REDIRECT] [Fatal Error] :1:1: Premature end of file.
2026-02-18 23:54:04,307 [ERROR] LogOutputStream:75 - [STDERR_REDIRECT] 
2026-02-18 23:54:05,312 [ERROR] LogOutputStream:75 - [STDERR_REDIRECT] [Fatal Error] :1:1: Premature end of file.
2026-02-18 23:54:05,312 [ERROR] LogOutputStream:75 - [STDERR_REDIRECT] 
2026-02-18 23:54:06,314 [ERROR] LogOutputStream:75 - [STDERR_REDIRECT] [Fatal Error] :1:1: Premature end of file.
2026-02-18 23:54:06,314 [ERROR] LogOutputStream:75 - [STDERR_REDIRECT] 
2026-02-18 23:54:07,317 [ERROR] LogOutputStream:75 - [STDERR_REDIRECT] [Fatal Error] :1:1: Premature end of file.
2026-02-18 23:54:07,317 [ERROR] LogOutputStream:75 - [STDERR_REDIRECT] 
2026-02-18 23:54:08,315 [ERROR] LogOutputStream:75 - [STDERR_REDIRECT] [Fatal Error] :1:1: Premature end of file.
2026-02-18 23:54:08,315 [ERROR] LogOutputStream:75 - [STDERR_REDIRECT] 
2026-02-18 23:54:09,323 [ERROR] LogOutputStream:75 - [STDERR_REDIRECT] [Fatal Error] :1:1: Premature end of file.
2026-02-18 23:54:09,323 [ERROR] LogOutputStream:75 - [STDERR_REDIRECT] 
2026-02-18 23:54:10,325 [ERROR] LogOutputStream:75 - [STDERR_REDIRECT] [Fatal Error] :1:1: Premature end of file.
2026-02-18 23:54:10,325 [ERROR] LogOutputStream:75 - [STDERR_REDIRECT] 
2026-02-18 23:54:11,319 [ERROR] LogOutputStream:75 - [STDERR_REDIRECT] [Fatal Error] :1:1: Premature end of file.
2026-02-18 23:54:11,319 [ERROR] LogOutputStream:75 - [STDERR_REDIRECT] 
2026-02-18 23:54:12,309 [ERROR] LogOutputStream:75 - [STDERR_REDIRECT] [Fatal Error] :1:1: Premature end of file.
2026-02-18 23:54:12,309 [ERROR] LogOutputStream:75 - [STDERR_REDIRECT] 
2026-02-18 23:54:13,317 [ERROR] LogOutputStream:75 - [STDERR_REDIRECT] [Fatal Error] :1:1: Premature end of file.
2026-02-18 23:54:13,317 [ERROR] LogOutputStream:75 - [STDERR_REDIRECT] 
2026-02-18 23:54:14,321 [ERROR] LogOutputStream:75 - [STDERR_REDIRECT] [Fatal Error] :1:1: Premature end of file.
2026-02-18 23:54:14,321 [ERROR] LogOutputStream:75 - [STDERR_REDIRECT] 
2026-02-18 23:54:15,306 [ERROR] LogOutputStream:75 - [STDERR_REDIRECT] [Fatal Error] :1:1: Premature end of file.
2026-02-18 23:54:15,306 [ERROR] LogOutputStream:75 - [STDERR_REDIRECT] 
2026-02-18 23:54:16,317 [ERROR] LogOutputStream:75 - [STDERR_REDIRECT] [Fatal Error] :1:1: Premature end of file.
2026-02-18 23:54:16,317 [ERROR] LogOutputStream:75 - [STDERR_REDIRECT] 
2026-02-18 23:54:17,307 [ERROR] LogOutputStream:75 - [STDERR_REDIRECT] [Fatal Error] :1:1: Premature end of file.
2026-02-18 23:54:17,307 [ERROR] LogOutputStream:75 - [STDERR_REDIRECT] 
2026-02-18 23:54:18,307 [ERROR] LogOutputStream:75 - [STDERR_REDIRECT] [Fatal Error] :1:1: Premature end of file.
2026-02-18 23:54:18,307 [ERROR] LogOutputStream:75 - [STDERR_REDIRECT] 
2026-02-18 23:54:19,320 [ERROR] LogOutputStream:75 - [STDERR_REDIRECT] [Fatal Error] :1:1: Premature end of file.
2026-02-18 23:54:19,320 [ERROR] LogOutputStream:75 - [STDERR_REDIRECT] 
2026-02-18 23:54:20,309 [ERROR] LogOutputStream:75 - [STDERR_REDIRECT] [Fatal Error] :1:1: Premature end of file.
2026-02-18 23:54:20,309 [ERROR] LogOutputStream:75 - [STDERR_REDIRECT] 
2026-02-18 23:54:21,314 [ERROR] LogOutputStream:75 - [STDERR_REDIRECT] [Fatal Error] :1:1: Premature end of file.
2026-02-18 23:54:21,314 [ERROR] LogOutputStream:75 - [STDERR_REDIRECT] 
2026-02-18 23:54:22,322 [ERROR] LogOutputStream:75 - [STDERR_REDIRECT] [Fatal Error] :1:1: Premature end of file.
2026-02-18 23:54:22,322 [ERROR] LogOutputStream:75 - [STDERR_REDIRECT] 
2026-02-18 23:54:23,313 [ERROR] LogOutputStream:75 - [STDERR_REDIRECT] [Fatal Error] :1:1: Premature end of file.
2026-02-18 23:54:23,313 [ERROR] LogOutputStream:75 - [STDERR_REDIRECT] 
2026-02-18 23:54:24,307 [ERROR] LogOutputStream:75 - [STDERR_REDIRECT] [Fatal Error] :1:1: Premature end of file.
2026-02-18 23:54:24,307 [ERROR] LogOutputStream:75 - [STDERR_REDIRECT] 
2026-02-18 23:54:25,312 [ERROR] LogOutputStream:75 - [STDERR_REDIRECT] [Fatal Error] :1:1: Premature end of file.
2026-02-18 23:54:25,312 [ERROR] LogOutputStream:75 - [STDERR_REDIRECT] 
2026-02-18 23:54:26,311 [ERROR] LogOutputStream:75 - [STDERR_REDIRECT] [Fatal Error] :1:1: Premature end of file.
2026-02-18 23:54:26,311 [ERROR] LogOutputStream:75 - [STDERR_REDIRECT] 
2026-02-18 23:54:27,321 [ERROR] LogOutputStream:75 - [STDERR_REDIRECT] [Fatal Error] :1:1: Premature end of file.
2026-02-18 23:54:27,321 [ERROR] LogOutputStream:75 - [STDERR_REDIRECT] 
2026-02-18 23:54:28,308 [ERROR] LogOutputStream:75 - [STDERR_REDIRECT] [Fatal Error] :1:1: Premature end of file.
2026-02-18 23:54:28,309 [ERROR] LogOutputStream:75 - [STDERR_REDIRECT] 
2026-02-18 23:54:29,305 [ERROR] LogOutputStream:75 - [STDERR_REDIRECT] [Fatal Error] :1:1: Premature end of file.
2026-02-18 23:54:29,305 [ERROR] LogOutputStream:75 - [STDERR_REDIRECT] 
2026-02-18 23:54:30,319 [ERROR] LogOutputStream:75 - [STDERR_REDIRECT] [Fatal Error] :1:1: Premature end of file.
2026-02-18 23:54:30,320 [ERROR] LogOutputStream:75 - [STDERR_REDIRECT] 
2026-02-18 23:54:31,322 [ERROR] LogOutputStream:75 - [STDERR_REDIRECT] [Fatal Error] :1:1: Premature end of file.
2026-02-18 23:54:31,322 [ERROR] LogOutputStream:75 - [STDERR_REDIRECT] 
2026-02-18 23:54:32,304 [ERROR] LogOutputStream:75 - [STDERR_REDIRECT] [Fatal Error] :1:1: Premature end of file.
2026-02-18 23:54:32,304 [ERROR] LogOutputStream:75 - [STDERR_REDIRECT] 
2026-02-18 23:54:33,316 [ERROR] LogOutputStream:75 - [STDERR_REDIRECT] [Fatal Error] :1:1: Premature end of file.
2026-02-18 23:54:33,316 [ERROR] LogOutputStream:75 - [STDERR_REDIRECT] 
2026-02-18 23:54:34,316 [ERROR] LogOutputStream:75 - [STDERR_REDIRECT] [Fatal Error] :1:1: Premature end of file.
2026-02-18 23:54:34,316 [ERROR] LogOutputStream:75 - [STDERR_REDIRECT] 
2026-02-18 23:54:35,319 [ERROR] LogOutputStream:75 - [STDERR_REDIRECT] [Fatal Error] :1:1: Premature end of file.
2026-02-18 23:54:35,319 [ERROR] LogOutputStream:75 - [STDERR_REDIRECT] 
2026-02-18 23:54:36,321 [ERROR] LogOutputStream:75 - [STDERR_REDIRECT] [Fatal Error] :1:1: Premature end of file.
2026-02-18 23:54:36,321 [ERROR] LogOutputStream:75 - [STDERR_REDIRECT] 
2026-02-18 23:54:37,324 [ERROR] LogOutputStream:75 - [STDERR_REDIRECT] [Fatal Error] :1:1: Premature end of file.
2026-02-18 23:54:37,324 [ERROR] LogOutputStream:75 - [STDERR_REDIRECT] 
2026-02-18 23:54:38,319 [ERROR] LogOutputStream:75 - [STDERR_REDIRECT] [Fatal Error] :1:1: Premature end of file.
2026-02-18 23:54:38,319 [ERROR] LogOutputStream:75 - [STDERR_REDIRECT] 
2026-02-18 23:54:39,324 [ERROR] LogOutputStream:75 - [STDERR_REDIRECT] [Fatal Error] :1:1: Premature end of file.
2026-02-18 23:54:39,324 [ERROR] LogOutputStream:75 - [STDERR_REDIRECT] 
2026-02-18 23:54:40,308 [ERROR] LogOutputStream:75 - [STDERR_REDIRECT] [Fatal Error] :1:1: Premature end of file.
2026-02-18 23:54:40,308 [ERROR] LogOutputStream:75 - [STDERR_REDIRECT] 
2026-02-18 23:54:41,307 [ERROR] LogOutputStream:75 - [STDERR_REDIRECT] [Fatal Error] :1:1: Premature end of file.
2026-02-18 23:54:41,307 [ERROR] LogOutputStream:75 - [STDERR_REDIRECT] 
2026-02-18 23:54:42,319 [ERROR] LogOutputStream:75 - [STDERR_REDIRECT] [Fatal Error] :1:1: Premature end of file.
2026-02-18 23:54:42,319 [ERROR] LogOutputStream:75 - [STDERR_REDIRECT] 
2026-02-18 23:54:43,310 [ERROR] LogOutputStream:75 - [STDERR_REDIRECT] [Fatal Error] :1:1: Premature end of file.
2026-02-18 23:54:43,310 [ERROR] LogOutputStream:75 - [STDERR_REDIRECT] 
2026-02-18 23:54:44,309 [ERROR] LogOutputStream:75 - [STDERR_REDIRECT] [Fatal Error] :1:1: Premature end of file.
2026-02-18 23:54:44,309 [ERROR] LogOutputStream:75 - [STDERR_REDIRECT] 
2026-02-18 23:54:45,306 [ERROR] LogOutputStream:75 - [STDERR_REDIRECT] [Fatal Error] :1:1: Premature end of file.
2026-02-18 23:54:45,306 [ERROR] LogOutputStream:75 - [STDERR_REDIRECT] 
2026-02-18 23:54:46,331 [ERROR] LogOutputStream:75 - [STDERR_REDIRECT] [Fatal Error] :1:1: Premature end of file.
2026-02-18 23:54:46,331 [ERROR] LogOutputStream:75 - [STDERR_REDIRECT] 
2026-02-18 23:54:47,318 [ERROR] LogOutputStream:75 - [STDERR_REDIRECT] [Fatal Error] :1:1: Premature end of file.
2026-02-18 23:54:47,318 [ERROR] LogOutputStream:75 - [STDERR_REDIRECT] 
2026-02-18 23:54:48,314 [ERROR] LogOutputStream:75 - [STDERR_REDIRECT] [Fatal Error] :1:1: Premature end of file.
2026-02-18 23:54:48,314 [ERROR] LogOutputStream:75 - [STDERR_REDIRECT] 
2026-02-18 23:54:49,315 [ERROR] LogOutputStream:75 - [STDERR_REDIRECT] [Fatal Error] :1:1: Premature end of file.
2026-02-18 23:54:49,315 [ERROR] LogOutputStream:75 - [STDERR_REDIRECT] 
2026-02-18 23:54:50,313 [ERROR] LogOutputStream:75 - [STDERR_REDIRECT] [Fatal Error] :1:1: Premature end of file.
2026-02-18 23:54:50,313 [ERROR] LogOutputStream:75 - [STDERR_REDIRECT] 
2026-02-18 23:54:51,309 [ERROR] LogOutputStream:75 - [STDERR_REDIRECT] [Fatal Error] :1:1: Premature end of file.
2026-02-18 23:54:51,309 [ERROR] LogOutputStream:75 - [STDERR_REDIRECT] 
2026-02-18 23:54:52,309 [ERROR] LogOutputStream:75 - [STDERR_REDIRECT] [Fatal Error] :1:1: Premature end of file.
2026-02-18 23:54:52,309 [ERROR] LogOutputStream:75 - [STDERR_REDIRECT] 
2026-02-18 23:54:53,311 [ERROR] LogOutputStream:75 - [STDERR_REDIRECT] [Fatal Error] :1:1: Premature end of file.
2026-02-18 23:54:53,311 [ERROR] LogOutputStream:75 - [STDERR_REDIRECT] 
2026-02-18 23:54:54,314 [ERROR] LogOutputStream:75 - [STDERR_REDIRECT] [Fatal Error] :1:1: Premature end of file.
2026-02-18 23:54:54,314 [ERROR] LogOutputStream:75 - [STDERR_REDIRECT] 
2026-02-18 23:54:55,314 [ERROR] LogOutputStream:75 - [STDERR_REDIRECT] [Fatal Error] :1:1: Premature end of file.
2026-02-18 23:54:55,314 [ERROR] LogOutputStream:75 - [STDERR_REDIRECT] 
2026-02-18 23:54:56,315 [ERROR] LogOutputStream:75 - [STDERR_REDIRECT] [Fatal Error] :1:1: Premature end of file.
2026-02-18 23:54:56,315 [ERROR] LogOutputStream:75 - [STDERR_REDIRECT] 
2026-02-18 23:54:57,315 [ERROR] LogOutputStream:75 - [STDERR_REDIRECT] [Fatal Error] :1:1: Premature end of file.
2026-02-18 23:54:57,316 [ERROR] LogOutputStream:75 - [STDERR_REDIRECT] 
2026-02-18 23:54:58,314 [ERROR] LogOutputStream:75 - [STDERR_REDIRECT] [Fatal Error] :1:1: Premature end of file.
2026-02-18 23:54:58,314 [ERROR] LogOutputStream:75 - [STDERR_REDIRECT] 
2026-02-18 23:54:59,314 [ERROR] LogOutputStream:75 - [STDERR_REDIRECT] [Fatal Error] :1:1: Premature end of file.
2026-02-18 23:54:59,314 [ERROR] LogOutputStream:75 - [STDERR_REDIRECT] 
2026-02-18 23:55:00,308 [ERROR] LogOutputStream:75 - [STDERR_REDIRECT] [Fatal Error] :1:1: Premature end of file.
2026-02-18 23:55:00,308 [ERROR] LogOutputStream:75 - [STDERR_REDIRECT] 
2026-02-18 23:55:01,325 [ERROR] LogOutputStream:75 - [STDERR_REDIRECT] [Fatal Error] :1:1: Premature end of file.
2026-02-18 23:55:01,325 [ERROR] LogOutputStream:75 - [STDERR_REDIRECT] 
2026-02-18 23:55:02,306 [ERROR] LogOutputStream:75 - [STDERR_REDIRECT] [Fatal Error] :1:1: Premature end of file.
2026-02-18 23:55:02,307 [ERROR] LogOutputStream:75 - [STDERR_REDIRECT] 
2026-02-18 23:55:03,307 [ERROR] LogOutputStream:75 - [STDERR_REDIRECT] [Fatal Error] :1:1: Premature end of file.
2026-02-18 23:55:03,307 [ERROR] LogOutputStream:75 - [STDERR_REDIRECT] 
2026-02-18 23:55:04,314 [ERROR] LogOutputStream:75 - [STDERR_REDIRECT] [Fatal Error] :1:1: Premature end of file.
2026-02-18 23:55:04,314 [ERROR] LogOutputStream:75 - [STDERR_REDIRECT] 
2026-02-18 23:55:05,307 [ERROR] LogOutputStream:75 - [STDERR_REDIRECT] [Fatal Error] :1:1: Premature end of file.
2026-02-18 23:55:05,307 [ERROR] LogOutputStream:75 - [STDERR_REDIRECT] 
2026-02-18 23:55:06,324 [ERROR] LogOutputStream:75 - [STDERR_REDIRECT] [Fatal Error] :1:1: Premature end of file.
2026-02-18 23:55:06,324 [ERROR] LogOutputStream:75 - [STDERR_REDIRECT] 
2026-02-18 23:55:07,306 [ERROR] LogOutputStream:75 - [STDERR_REDIRECT] [Fatal Error] :1:1: Premature end of file.
2026-02-18 23:55:07,306 [ERROR] LogOutputStream:75 - [STDERR_REDIRECT] 
2026-02-18 23:55:08,316 [ERROR] LogOutputStream:75 - [STDERR_REDIRECT] [Fatal Error] :1:1: Premature end of file.
2026-02-18 23:55:08,316 [ERROR] LogOutputStream:75 - [STDERR_REDIRECT] 
2026-02-18 23:55:09,310 [ERROR] LogOutputStream:75 - [STDERR_REDIRECT] [Fatal Error] :1:1: Premature end of file.
2026-02-18 23:55:09,310 [ERROR] LogOutputStream:75 - [STDERR_REDIRECT] 
2026-02-18 23:55:10,307 [ERROR] LogOutputStream:75 - [STDERR_REDIRECT] [Fatal Error] :1:1: Premature end of file.
2026-02-18 23:55:10,307 [ERROR] LogOutputStream:75 - [STDERR_REDIRECT] 
2026-02-18 23:55:11,311 [ERROR] LogOutputStream:75 - [STDERR_REDIRECT] [Fatal Error] :1:1: Premature end of file.
2026-02-18 23:55:11,312 [ERROR] LogOutputStream:75 - [STDERR_REDIRECT] 
2026-02-18 23:55:12,311 [ERROR] LogOutputStream:75 - [STDERR_REDIRECT] [Fatal Error] :1:1: Premature end of file.
2026-02-18 23:55:12,311 [ERROR] LogOutputStream:75 - [STDERR_REDIRECT] 
2026-02-18 23:55:13,309 [ERROR] LogOutputStream:75 - [STDERR_REDIRECT] [Fatal Error] :1:1: Premature end of file.
2026-02-18 23:55:13,309 [ERROR] LogOutputStream:75 - [STDERR_REDIRECT] 
2026-02-18 23:55:14,306 [ERROR] LogOutputStream:75 - [STDERR_REDIRECT] [Fatal Error] :1:1: Premature end of file.
2026-02-18 23:55:14,307 [ERROR] LogOutputStream:75 - [STDERR_REDIRECT] 
2026-02-18 23:55:15,315 [ERROR] LogOutputStream:75 - [STDERR_REDIRECT] [Fatal Error] :1:1: Premature end of file.
2026-02-18 23:55:15,315 [ERROR] LogOutputStream:75 - [STDERR_REDIRECT] 
2026-02-18 23:55:16,313 [ERROR] LogOutputStream:75 - [STDERR_REDIRECT] [Fatal Error] :1:1: Premature end of file.
2026-02-18 23:55:16,313 [ERROR] LogOutputStream:75 - [STDERR_REDIRECT] 
2026-02-18 23:55:17,306 [ERROR] LogOutputStream:75 - [STDERR_REDIRECT] [Fatal Error] :1:1: Premature end of file.
2026-02-18 23:55:17,306 [ERROR] LogOutputStream:75 - [STDERR_REDIRECT] 
2026-02-18 23:55:18,310 [ERROR] LogOutputStream:75 - [STDERR_REDIRECT] [Fatal Error] :1:1: Premature end of file.
2026-02-18 23:55:18,310 [ERROR] LogOutputStream:75 - [STDERR_REDIRECT] 
2026-02-18 23:55:19,311 [ERROR] LogOutputStream:75 - [STDERR_REDIRECT] [Fatal Error] :1:1: Premature end of file.
2026-02-18 23:55:19,311 [ERROR] LogOutputStream:75 - [STDERR_REDIRECT] 
2026-02-18 23:55:20,323 [ERROR] LogOutputStream:75 - [STDERR_REDIRECT] [Fatal Error] :1:1: Premature end of file.
2026-02-18 23:55:20,323 [ERROR] LogOutputStream:75 - [STDERR_REDIRECT] 
2026-02-18 23:55:21,315 [ERROR] LogOutputStream:75 - [STDERR_REDIRECT] [Fatal Error] :1:1: Premature end of file.
2026-02-18 23:55:21,315 [ERROR] LogOutputStream:75 - [STDERR_REDIRECT] 
2026-02-18 23:55:22,312 [ERROR] LogOutputStream:75 - [STDERR_REDIRECT] [Fatal Error] :1:1: Premature end of file.
2026-02-18 23:55:22,312 [ERROR] LogOutputStream:75 - [STDERR_REDIRECT] 
2026-02-18 23:55:23,316 [ERROR] LogOutputStream:75 - [STDERR_REDIRECT] [Fatal Error] :1:1: Premature end of file.
2026-02-18 23:55:23,316 [ERROR] LogOutputStream:75 - [STDERR_REDIRECT] 
2026-02-18 23:55:24,307 [ERROR] LogOutputStream:75 - [STDERR_REDIRECT] [Fatal Error] :1:1: Premature end of file.
2026-02-18 23:55:24,308 [ERROR] LogOutputStream:75 - [STDERR_REDIRECT] 
2026-02-18 23:55:25,316 [ERROR] LogOutputStream:75 - [STDERR_REDIRECT] [Fatal Error] :1:1: Premature end of file.
2026-02-18 23:55:25,317 [ERROR] LogOutputStream:75 - [STDERR_REDIRECT] 
2026-02-18 23:55:26,309 [ERROR] LogOutputStream:75 - [STDERR_REDIRECT] [Fatal Error] :1:1: Premature end of file.
2026-02-18 23:55:26,310 [ERROR] LogOutputStream:75 - [STDERR_REDIRECT] 
2026-02-18 23:55:27,323 [ERROR] LogOutputStream:75 - [STDERR_REDIRECT] [Fatal Error] :1:1: Premature end of file.
2026-02-18 23:55:27,324 [ERROR] LogOutputStream:75 - [STDERR_REDIRECT] 
2026-02-18 23:55:28,313 [ERROR] LogOutputStream:75 - [STDERR_REDIRECT] [Fatal Error] :1:1: Premature end of file.
2026-02-18 23:55:28,313 [ERROR] LogOutputStream:75 - [STDERR_REDIRECT] 
2026-02-18 23:55:29,307 [ERROR] LogOutputStream:75 - [STDERR_REDIRECT] [Fatal Error] :1:1: Premature end of file.
2026-02-18 23:55:29,307 [ERROR] LogOutputStream:75 - [STDERR_REDIRECT] 
2026-02-18 23:55:30,314 [ERROR] LogOutputStream:75 - [STDERR_REDIRECT] [Fatal Error] :1:1: Premature end of file.
2026-02-18 23:55:30,314 [ERROR] LogOutputStream:75 - [STDERR_REDIRECT] 
2026-02-18 23:55:31,316 [ERROR] LogOutputStream:75 - [STDERR_REDIRECT] [Fatal Error] :1:1: Premature end of file.
2026-02-18 23:55:31,316 [ERROR] LogOutputStream:75 - [STDERR_REDIRECT] 
2026-02-18 23:55:32,317 [ERROR] LogOutputStream:75 - [STDERR_REDIRECT] [Fatal Error] :1:1: Premature end of file.
2026-02-18 23:55:32,317 [ERROR] LogOutputStream:75 - [STDERR_REDIRECT] 
2026-02-18 23:55:33,325 [ERROR] LogOutputStream:75 - [STDERR_REDIRECT] [Fatal Error] :1:1: Premature end of file.
2026-02-18 23:55:33,325 [ERROR] LogOutputStream:75 - [STDERR_REDIRECT] 
2026-02-18 23:55:34,306 [ERROR] LogOutputStream:75 - [STDERR_REDIRECT] [Fatal Error] :1:1: Premature end of file.
2026-02-18 23:55:34,306 [ERROR] LogOutputStream:75 - [STDERR_REDIRECT] 
2026-02-18 23:55:35,306 [ERROR] LogOutputStream:75 - [STDERR_REDIRECT] [Fatal Error] :1:1: Premature end of file.
2026-02-18 23:55:35,306 [ERROR] LogOutputStream:75 - [STDERR_REDIRECT] 
2026-02-18 23:55:36,306 [ERROR] LogOutputStream:75 - [STDERR_REDIRECT] [Fatal Error] :1:1: Premature end of file.
2026-02-18 23:55:36,306 [ERROR] LogOutputStream:75 - [STDERR_REDIRECT] 
2026-02-18 23:55:37,320 [ERROR] LogOutputStream:75 - [STDERR_REDIRECT] [Fatal Error] :1:1: Premature end of file.
2026-02-18 23:55:37,320 [ERROR] LogOutputStream:75 - [STDERR_REDIRECT] 
2026-02-18 23:55:38,306 [ERROR] LogOutputStream:75 - [STDERR_REDIRECT] [Fatal Error] :1:1: Premature end of file.
2026-02-18 23:55:38,306 [ERROR] LogOutputStream:75 - [STDERR_REDIRECT] 
2026-02-18 23:55:39,309 [ERROR] LogOutputStream:75 - [STDERR_REDIRECT] [Fatal Error] :1:1: Premature end of file.
2026-02-18 23:55:39,309 [ERROR] LogOutputStream:75 - [STDERR_REDIRECT] 
2026-02-18 23:55:40,310 [ERROR] LogOutputStream:75 - [STDERR_REDIRECT] [Fatal Error] :1:1: Premature end of file.
2026-02-18 23:55:40,310 [ERROR] LogOutputStream:75 - [STDERR_REDIRECT] 
2026-02-18 23:55:41,308 [ERROR] LogOutputStream:75 - [STDERR_REDIRECT] [Fatal Error] :1:1: Premature end of file.
2026-02-18 23:55:41,308 [ERROR] LogOutputStream:75 - [STDERR_REDIRECT] 
2026-02-18 23:55:42,308 [ERROR] LogOutputStream:75 - [STDERR_REDIRECT] [Fatal Error] :1:1: Premature end of file.
2026-02-18 23:55:42,309 [ERROR] LogOutputStream:75 - [STDERR_REDIRECT] 
2026-02-18 23:55:43,308 [ERROR] LogOutputStream:75 - [STDERR_REDIRECT] [Fatal Error] :1:1: Premature end of file.
2026-02-18 23:55:43,309 [ERROR] LogOutputStream:75 - [STDERR_REDIRECT] 
2026-02-18 23:55:44,309 [ERROR] LogOutputStream:75 - [STDERR_REDIRECT] [Fatal Error] :1:1: Premature end of file.
2026-02-18 23:55:44,309 [ERROR] LogOutputStream:75 - [STDERR_REDIRECT] 
2026-02-18 23:55:45,308 [ERROR] LogOutputStream:75 - [STDERR_REDIRECT] [Fatal Error] :1:1: Premature end of file.
2026-02-18 23:55:45,308 [ERROR] LogOutputStream:75 - [STDERR_REDIRECT] 
2026-02-18 23:55:46,307 [ERROR] LogOutputStream:75 - [STDERR_REDIRECT] [Fatal Error] :1:1: Premature end of file.
2026-02-18 23:55:46,307 [ERROR] LogOutputStream:75 - [STDERR_REDIRECT] 
2026-02-18 23:55:47,309 [ERROR] LogOutputStream:75 - [STDERR_REDIRECT] [Fatal Error] :1:1: Premature end of file.
2026-02-18 23:55:47,309 [ERROR] LogOutputStream:75 - [STDERR_REDIRECT] 
2026-02-18 23:55:48,318 [ERROR] LogOutputStream:75 - [STDERR_REDIRECT] [Fatal Error] :1:1: Premature end of file.
2026-02-18 23:55:48,319 [ERROR] LogOutputStream:75 - [STDERR_REDIRECT] 
2026-02-18 23:55:49,315 [ERROR] LogOutputStream:75 - [STDERR_REDIRECT] [Fatal Error] :1:1: Premature end of file.
2026-02-18 23:55:49,315 [ERROR] LogOutputStream:75 - [STDERR_REDIRECT] 
2026-02-18 23:55:50,319 [ERROR] LogOutputStream:75 - [STDERR_REDIRECT] [Fatal Error] :1:1: Premature end of file.
2026-02-18 23:55:50,319 [ERROR] LogOutputStream:75 - [STDERR_REDIRECT] 
2026-02-18 23:55:51,319 [ERROR] LogOutputStream:75 - [STDERR_REDIRECT] [Fatal Error] :1:1: Premature end of file.
2026-02-18 23:55:51,319 [ERROR] LogOutputStream:75 - [STDERR_REDIRECT] 
2026-02-18 23:55:52,317 [ERROR] LogOutputStream:75 - [STDERR_REDIRECT] [Fatal Error] :1:1: Premature end of file.
2026-02-18 23:55:52,317 [ERROR] LogOutputStream:75 - [STDERR_REDIRECT] 
2026-02-18 23:55:53,317 [ERROR] LogOutputStream:75 - [STDERR_REDIRECT] [Fatal Error] :1:1: Premature end of file.
2026-02-18 23:55:53,317 [ERROR] LogOutputStream:75 - [STDERR_REDIRECT] 
2026-02-18 23:55:54,326 [ERROR] LogOutputStream:75 - [STDERR_REDIRECT] [Fatal Error] :1:1: Premature end of file.
2026-02-18 23:55:54,326 [ERROR] LogOutputStream:75 - [STDERR_REDIRECT] 
2026-02-18 23:55:55,319 [ERROR] LogOutputStream:75 - [STDERR_REDIRECT] [Fatal Error] :1:1: Premature end of file.
2026-02-18 23:55:55,319 [ERROR] LogOutputStream:75 - [STDERR_REDIRECT] 
2026-02-18 23:55:56,314 [ERROR] LogOutputStream:75 - [STDERR_REDIRECT] [Fatal Error] :1:1: Premature end of file.
2026-02-18 23:55:56,314 [ERROR] LogOutputStream:75 - [STDERR_REDIRECT] 
2026-02-18 23:55:57,315 [ERROR] LogOutputStream:75 - [STDERR_REDIRECT] [Fatal Error] :1:1: Premature end of file.
2026-02-18 23:55:57,315 [ERROR] LogOutputStream:75 - [STDERR_REDIRECT] 
2026-02-18 23:55:58,307 [ERROR] LogOutputStream:75 - [STDERR_REDIRECT] [Fatal Error] :1:1: Premature end of file.
2026-02-18 23:55:58,307 [ERROR] LogOutputStream:75 - [STDERR_REDIRECT] 
2026-02-18 23:55:59,307 [ERROR] LogOutputStream:75 - [STDERR_REDIRECT] [Fatal Error] :1:1: Premature end of file.
2026-02-18 23:55:59,307 [ERROR] LogOutputStream:75 - [STDERR_REDIRECT] 
2026-02-18 23:56:00,307 [ERROR] LogOutputStream:75 - [STDERR_REDIRECT] [Fatal Error] :1:1: Premature end of file.
2026-02-18 23:56:00,307 [ERROR] LogOutputStream:75 - [STDERR_REDIRECT] 
2026-02-18 23:56:01,306 [ERROR] LogOutputStream:75 - [STDERR_REDIRECT] [Fatal Error] :1:1: Premature end of file.
2026-02-18 23:56:01,306 [ERROR] LogOutputStream:75 - [STDERR_REDIRECT] 
2026-02-18 23:56:02,309 [ERROR] LogOutputStream:75 - [STDERR_REDIRECT] [Fatal Error] :1:1: Premature end of file.
2026-02-18 23:56:02,309 [ERROR] LogOutputStream:75 - [STDERR_REDIRECT] 
2026-02-18 23:56:03,322 [ERROR] LogOutputStream:75 - [STDERR_REDIRECT] [Fatal Error] :1:1: Premature end of file.
2026-02-18 23:56:03,322 [ERROR] LogOutputStream:75 - [STDERR_REDIRECT] 
2026-02-18 23:56:04,307 [ERROR] LogOutputStream:75 - [STDERR_REDIRECT] [Fatal Error] :1:1: Premature end of file.
2026-02-18 23:56:04,307 [ERROR] LogOutputStream:75 - [STDERR_REDIRECT] 
2026-02-18 23:56:05,311 [ERROR] LogOutputStream:75 - [STDERR_REDIRECT] [Fatal Error] :1:1: Premature end of file.
2026-02-18 23:56:05,311 [ERROR] LogOutputStream:75 - [STDERR_REDIRECT] 
2026-02-18 23:56:06,306 [ERROR] LogOutputStream:75 - [STDERR_REDIRECT] [Fatal Error] :1:1: Premature end of file.
2026-02-18 23:56:06,306 [ERROR] LogOutputStream:75 - [STDERR_REDIRECT] 
2026-02-18 23:56:07,320 [ERROR] LogOutputStream:75 - [STDERR_REDIRECT] [Fatal Error] :1:1: Premature end of file.
2026-02-18 23:56:07,320 [ERROR] LogOutputStream:75 - [STDERR_REDIRECT] 
2026-02-18 23:56:08,317 [ERROR] LogOutputStream:75 - [STDERR_REDIRECT] [Fatal Error] :1:1: Premature end of file.
2026-02-18 23:56:08,317 [ERROR] LogOutputStream:75 - [STDERR_REDIRECT] 
2026-02-18 23:56:09,318 [ERROR] LogOutputStream:75 - [STDERR_REDIRECT] [Fatal Error] :1:1: Premature end of file.
2026-02-18 23:56:09,318 [ERROR] LogOutputStream:75 - [STDERR_REDIRECT] 
2026-02-18 23:56:10,319 [ERROR] LogOutputStream:75 - [STDERR_REDIRECT] [Fatal Error] :1:1: Premature end of file.
2026-02-18 23:56:10,319 [ERROR] LogOutputStream:75 - [STDERR_REDIRECT] 
2026-02-18 23:56:11,315 [ERROR] LogOutputStream:75 - [STDERR_REDIRECT] [Fatal Error] :1:1: Premature end of file.
2026-02-18 23:56:11,315 [ERROR] LogOutputStream:75 - [STDERR_REDIRECT] 
2026-02-18 23:56:12,310 [ERROR] LogOutputStream:75 - [STDERR_REDIRECT] [Fatal Error] :1:1: Premature end of file.
2026-02-18 23:56:12,310 [ERROR] LogOutputStream:75 - [STDERR_REDIRECT] 
2026-02-18 23:56:13,315 [ERROR] LogOutputStream:75 - [STDERR_REDIRECT] [Fatal Error] :1:1: Premature end of file.
2026-02-18 23:56:13,315 [ERROR] LogOutputStream:75 - [STDERR_REDIRECT] 
2026-02-18 23:56:14,306 [ERROR] LogOutputStream:75 - [STDERR_REDIRECT] [Fatal Error] :1:1: Premature end of file.
2026-02-18 23:56:14,306 [ERROR] LogOutputStream:75 - [STDERR_REDIRECT] 
2026-02-18 23:56:15,315 [ERROR] LogOutputStream:75 - [STDERR_REDIRECT] [Fatal Error] :1:1: Premature end of file.
2026-02-18 23:56:15,315 [ERROR] LogOutputStream:75 - [STDERR_REDIRECT] 
2026-02-18 23:56:16,315 [ERROR] LogOutputStream:75 - [STDERR_REDIRECT] [Fatal Error] :1:1: Premature end of file.
2026-02-18 23:56:16,315 [ERROR] LogOutputStream:75 - [STDERR_REDIRECT] 
2026-02-18 23:56:17,304 [ERROR] LogOutputStream:75 - [STDERR_REDIRECT] [Fatal Error] :1:1: Premature end of file.
2026-02-18 23:56:17,304 [ERROR] LogOutputStream:75 - [STDERR_REDIRECT] 
2026-02-18 23:56:18,314 [ERROR] LogOutputStream:75 - [STDERR_REDIRECT] [Fatal Error] :1:1: Premature end of file.
2026-02-18 23:56:18,314 [ERROR] LogOutputStream:75 - [STDERR_REDIRECT] 
2026-02-18 23:56:19,323 [ERROR] LogOutputStream:75 - [STDERR_REDIRECT] [Fatal Error] :1:1: Premature end of file.
2026-02-18 23:56:19,323 [ERROR] LogOutputStream:75 - [STDERR_REDIRECT] 
2026-02-18 23:56:20,308 [ERROR] LogOutputStream:75 - [STDERR_REDIRECT] [Fatal Error] :1:1: Premature end of file.
2026-02-18 23:56:20,308 [ERROR] LogOutputStream:75 - [STDERR_REDIRECT] 
2026-02-18 23:56:21,315 [ERROR] LogOutputStream:75 - [STDERR_REDIRECT] [Fatal Error] :1:1: Premature end of file.
2026-02-18 23:56:21,316 [ERROR] LogOutputStream:75 - [STDERR_REDIRECT] 
2026-02-18 23:56:22,323 [ERROR] LogOutputStream:75 - [STDERR_REDIRECT] [Fatal Error] :1:1: Premature end of file.
2026-02-18 23:56:22,323 [ERROR] LogOutputStream:75 - [STDERR_REDIRECT] 
2026-02-18 23:56:23,315 [ERROR] LogOutputStream:75 - [STDERR_REDIRECT] [Fatal Error] :1:1: Premature end of file.
2026-02-18 23:56:23,315 [ERROR] LogOutputStream:75 - [STDERR_REDIRECT] 
2026-02-18 23:56:24,313 [ERROR] LogOutputStream:75 - [STDERR_REDIRECT] [Fatal Error] :1:1: Premature end of file.
2026-02-18 23:56:24,313 [ERROR] LogOutputStream:75 - [STDERR_REDIRECT] 
2026-02-18 23:56:25,316 [ERROR] LogOutputStream:75 - [STDERR_REDIRECT] [Fatal Error] :1:1: Premature end of file.
2026-02-18 23:56:25,316 [ERROR] LogOutputStream:75 - [STDERR_REDIRECT] 
2026-02-18 23:56:26,315 [ERROR] LogOutputStream:75 - [STDERR_REDIRECT] [Fatal Error] :1:1: Premature end of file.
2026-02-18 23:56:26,315 [ERROR] LogOutputStream:75 - [STDERR_REDIRECT] 
2026-02-18 23:56:27,309 [ERROR] LogOutputStream:75 - [STDERR_REDIRECT] [Fatal Error] :1:1: Premature end of file.
2026-02-18 23:56:27,309 [ERROR] LogOutputStream:75 - [STDERR_REDIRECT] 
2026-02-18 23:56:28,323 [ERROR] LogOutputStream:75 - [STDERR_REDIRECT] [Fatal Error] :1:1: Premature end of file.
2026-02-18 23:56:28,324 [ERROR] LogOutputStream:75 - [STDERR_REDIRECT] 
2026-02-18 23:56:29,315 [ERROR] LogOutputStream:75 - [STDERR_REDIRECT] [Fatal Error] :1:1: Premature end of file.
2026-02-18 23:56:29,315 [ERROR] LogOutputStream:75 - [STDERR_REDIRECT] 
2026-02-18 23:56:30,325 [ERROR] LogOutputStream:75 - [STDERR_REDIRECT] [Fatal Error] :1:1: Premature end of file.
2026-02-18 23:56:30,325 [ERROR] LogOutputStream:75 - [STDERR_REDIRECT] 
2026-02-18 23:56:31,317 [ERROR] LogOutputStream:75 - [STDERR_REDIRECT] [Fatal Error] :1:1: Premature end of file.
2026-02-18 23:56:31,317 [ERROR] LogOutputStream:75 - [STDERR_REDIRECT] 
2026-02-18 23:56:32,308 [ERROR] LogOutputStream:75 - [STDERR_REDIRECT] [Fatal Error] :1:1: Premature end of file.
2026-02-18 23:56:32,308 [ERROR] LogOutputStream:75 - [STDERR_REDIRECT] 
2026-02-18 23:56:33,306 [ERROR] LogOutputStream:75 - [STDERR_REDIRECT] [Fatal Error] :1:1: Premature end of file.
2026-02-18 23:56:33,306 [ERROR] LogOutputStream:75 - [STDERR_REDIRECT] 
2026-02-18 23:56:34,312 [ERROR] LogOutputStream:75 - [STDERR_REDIRECT] [Fatal Error] :1:1: Premature end of file.
2026-02-18 23:56:34,312 [ERROR] LogOutputStream:75 - [STDERR_REDIRECT] 
2026-02-18 23:56:35,312 [ERROR] LogOutputStream:75 - [STDERR_REDIRECT] [Fatal Error] :1:1: Premature end of file.
2026-02-18 23:56:35,312 [ERROR] LogOutputStream:75 - [STDERR_REDIRECT] 
2026-02-18 23:56:36,315 [ERROR] LogOutputStream:75 - [STDERR_REDIRECT] [Fatal Error] :1:1: Premature end of file.
2026-02-18 23:56:36,316 [ERROR] LogOutputStream:75 - [STDERR_REDIRECT] 
2026-02-18 23:56:37,316 [ERROR] LogOutputStream:75 - [STDERR_REDIRECT] [Fatal Error] :1:1: Premature end of file.
2026-02-18 23:56:37,316 [ERROR] LogOutputStream:75 - [STDERR_REDIRECT] 
2026-02-18 23:56:38,314 [ERROR] LogOutputStream:75 - [STDERR_REDIRECT] [Fatal Error] :1:1: Premature end of file.
2026-02-18 23:56:38,314 [ERROR] LogOutputStream:75 - [STDERR_REDIRECT] 
2026-02-18 23:56:39,311 [ERROR] LogOutputStream:75 - [STDERR_REDIRECT] [Fatal Error] :1:1: Premature end of file.
2026-02-18 23:56:39,311 [ERROR] LogOutputStream:75 - [STDERR_REDIRECT] 
2026-02-18 23:56:40,307 [ERROR] LogOutputStream:75 - [STDERR_REDIRECT] [Fatal Error] :1:1: Premature end of file.
2026-02-18 23:56:40,307 [ERROR] LogOutputStream:75 - [STDERR_REDIRECT] 
2026-02-18 23:56:41,327 [ERROR] LogOutputStream:75 - [STDERR_REDIRECT] [Fatal Error] :1:1: Premature end of file.
2026-02-18 23:56:41,327 [ERROR] LogOutputStream:75 - [STDERR_REDIRECT] 
2026-02-18 23:56:42,379 [ERROR] LogOutputStream:75 - [STDERR_REDIRECT] [Fatal Error] :1:1: Premature end of file.
2026-02-18 23:56:42,380 [ERROR] LogOutputStream:75 - [STDERR_REDIRECT] 
2026-02-18 23:56:43,310 [ERROR] LogOutputStream:75 - [STDERR_REDIRECT] [Fatal Error] :1:1: Premature end of file.
2026-02-18 23:56:43,310 [ERROR] LogOutputStream:75 - [STDERR_REDIRECT] 
2026-02-18 23:56:44,307 [ERROR] LogOutputStream:75 - [STDERR_REDIRECT] [Fatal Error] :1:1: Premature end of file.
2026-02-18 23:56:44,307 [ERROR] LogOutputStream:75 - [STDERR_REDIRECT] 
2026-02-18 23:56:45,308 [ERROR] LogOutputStream:75 - [STDERR_REDIRECT] [Fatal Error] :1:1: Premature end of file.
2026-02-18 23:56:45,309 [ERROR] LogOutputStream:75 - [STDERR_REDIRECT] 
2026-02-18 23:56:46,322 [ERROR] LogOutputStream:75 - [STDERR_REDIRECT] [Fatal Error] :1:1: Premature end of file.
2026-02-18 23:56:46,322 [ERROR] LogOutputStream:75 - [STDERR_REDIRECT] 
2026-02-18 23:56:47,312 [ERROR] LogOutputStream:75 - [STDERR_REDIRECT] [Fatal Error] :1:1: Premature end of file.
2026-02-18 23:56:47,312 [ERROR] LogOutputStream:75 - [STDERR_REDIRECT] 
2026-02-18 23:56:48,317 [ERROR] LogOutputStream:75 - [STDERR_REDIRECT] [Fatal Error] :1:1: Premature end of file.
2026-02-18 23:56:48,317 [ERROR] LogOutputStream:75 - [STDERR_REDIRECT] 
2026-02-18 23:56:49,307 [ERROR] LogOutputStream:75 - [STDERR_REDIRECT] [Fatal Error] :1:1: Premature end of file.
2026-02-18 23:56:49,307 [ERROR] LogOutputStream:75 - [STDERR_REDIRECT] 
2026-02-18 23:56:50,306 [ERROR] LogOutputStream:75 - [STDERR_REDIRECT] [Fatal Error] :1:1: Premature end of file.
2026-02-18 23:56:50,306 [ERROR] LogOutputStream:75 - [STDERR_REDIRECT] 
2026-02-18 23:56:51,320 [ERROR] LogOutputStream:75 - [STDERR_REDIRECT] [Fatal Error] :1:1: Premature end of file.
2026-02-18 23:56:51,320 [ERROR] LogOutputStream:75 - [STDERR_REDIRECT] 
2026-02-18 23:56:52,310 [ERROR] LogOutputStream:75 - [STDERR_REDIRECT] [Fatal Error] :1:1: Premature end of file.
2026-02-18 23:56:52,311 [ERROR] LogOutputStream:75 - [STDERR_REDIRECT] 
2026-02-18 23:56:53,328 [ERROR] LogOutputStream:75 - [STDERR_REDIRECT] [Fatal Error] :1:1: Premature end of file.
2026-02-18 23:56:53,328 [ERROR] LogOutputStream:75 - [STDERR_REDIRECT] 
2026-02-18 23:56:54,308 [ERROR] LogOutputStream:75 - [STDERR_REDIRECT] [Fatal Error] :1:1: Premature end of file.
2026-02-18 23:56:54,308 [ERROR] LogOutputStream:75 - [STDERR_REDIRECT] 
2026-02-18 23:56:55,307 [ERROR] LogOutputStream:75 - [STDERR_REDIRECT] [Fatal Error] :1:1: Premature end of file.
2026-02-18 23:56:55,307 [ERROR] LogOutputStream:75 - [STDERR_REDIRECT] 
2026-02-18 23:56:56,306 [ERROR] LogOutputStream:75 - [STDERR_REDIRECT] [Fatal Error] :1:1: Premature end of file.
2026-02-18 23:56:56,306 [ERROR] LogOutputStream:75 - [STDERR_REDIRECT] 
2026-02-18 23:56:57,323 [ERROR] LogOutputStream:75 - [STDERR_REDIRECT] [Fatal Error] :1:1: Premature end of file.
2026-02-18 23:56:57,323 [ERROR] LogOutputStream:75 - [STDERR_REDIRECT] 
2026-02-18 23:56:58,306 [ERROR] LogOutputStream:75 - [STDERR_REDIRECT] [Fatal Error] :1:1: Premature end of file.
2026-02-18 23:56:58,306 [ERROR] LogOutputStream:75 - [STDERR_REDIRECT] 
2026-02-18 23:56:59,318 [ERROR] LogOutputStream:75 - [STDERR_REDIRECT] [Fatal Error] :1:1: Premature end of file.
2026-02-18 23:56:59,318 [ERROR] LogOutputStream:75 - [STDERR_REDIRECT] 
2026-02-18 23:57:00,309 [ERROR] LogOutputStream:75 - [STDERR_REDIRECT] [Fatal Error] :1:1: Premature end of file.
2026-02-18 23:57:00,309 [ERROR] LogOutputStream:75 - [STDERR_REDIRECT] 
2026-02-18 23:57:01,317 [ERROR] LogOutputStream:75 - [STDERR_REDIRECT] [Fatal Error] :1:1: Premature end of file.
2026-02-18 23:57:01,317 [ERROR] LogOutputStream:75 - [STDERR_REDIRECT] 
2026-02-18 23:57:02,318 [ERROR] LogOutputStream:75 - [STDERR_REDIRECT] [Fatal Error] :1:1: Premature end of file.
2026-02-18 23:57:02,318 [ERROR] LogOutputStream:75 - [STDERR_REDIRECT] 
2026-02-18 23:57:03,311 [ERROR] LogOutputStream:75 - [STDERR_REDIRECT] [Fatal Error] :1:1: Premature end of file.
2026-02-18 23:57:03,311 [ERROR] LogOutputStream:75 - [STDERR_REDIRECT] 
2026-02-18 23:57:04,317 [ERROR] LogOutputStream:75 - [STDERR_REDIRECT] [Fatal Error] :1:1: Premature end of file.
2026-02-18 23:57:04,317 [ERROR] LogOutputStream:75 - [STDERR_REDIRECT] 
2026-02-18 23:57:05,314 [ERROR] LogOutputStream:75 - [STDERR_REDIRECT] [Fatal Error] :1:1: Premature end of file.
2026-02-18 23:57:05,314 [ERROR] LogOutputStream:75 - [STDERR_REDIRECT] 
2026-02-18 23:57:06,313 [ERROR] LogOutputStream:75 - [STDERR_REDIRECT] [Fatal Error] :1:1: Premature end of file.
2026-02-18 23:57:06,313 [ERROR] LogOutputStream:75 - [STDERR_REDIRECT] 
2026-02-18 23:57:07,311 [ERROR] LogOutputStream:75 - [STDERR_REDIRECT] [Fatal Error] :1:1: Premature end of file.
2026-02-18 23:57:07,311 [ERROR] LogOutputStream:75 - [STDERR_REDIRECT] 
2026-02-18 23:57:08,313 [ERROR] LogOutputStream:75 - [STDERR_REDIRECT] [Fatal Error] :1:1: Premature end of file.
2026-02-18 23:57:08,313 [ERROR] LogOutputStream:75 - [STDERR_REDIRECT] 
2026-02-18 23:57:09,315 [ERROR] LogOutputStream:75 - [STDERR_REDIRECT] [Fatal Error] :1:1: Premature end of file.
2026-02-18 23:57:09,315 [ERROR] LogOutputStream:75 - [STDERR_REDIRECT] 
2026-02-18 23:57:10,307 [ERROR] LogOutputStream:75 - [STDERR_REDIRECT] [Fatal Error] :1:1: Premature end of file.
2026-02-18 23:57:10,307 [ERROR] LogOutputStream:75 - [STDERR_REDIRECT] 
2026-02-18 23:57:11,316 [ERROR] LogOutputStream:75 - [STDERR_REDIRECT] [Fatal Error] :1:1: Premature end of file.
2026-02-18 23:57:11,316 [ERROR] LogOutputStream:75 - [STDERR_REDIRECT] 
2026-02-18 23:57:12,306 [ERROR] LogOutputStream:75 - [STDERR_REDIRECT] [Fatal Error] :1:1: Premature end of file.
2026-02-18 23:57:12,306 [ERROR] LogOutputStream:75 - [STDERR_REDIRECT] 
2026-02-18 23:57:13,307 [ERROR] LogOutputStream:75 - [STDERR_REDIRECT] [Fatal Error] :1:1: Premature end of file.
2026-02-18 23:57:13,308 [ERROR] LogOutputStream:75 - [STDERR_REDIRECT] 
2026-02-18 23:57:14,317 [ERROR] LogOutputStream:75 - [STDERR_REDIRECT] [Fatal Error] :1:1: Premature end of file.
2026-02-18 23:57:14,317 [ERROR] LogOutputStream:75 - [STDERR_REDIRECT] 
2026-02-18 23:57:15,314 [ERROR] LogOutputStream:75 - [STDERR_REDIRECT] [Fatal Error] :1:1: Premature end of file.
2026-02-18 23:57:15,314 [ERROR] LogOutputStream:75 - [STDERR_REDIRECT] 
2026-02-18 23:57:16,320 [ERROR] LogOutputStream:75 - [STDERR_REDIRECT] [Fatal Error] :1:1: Premature end of file.
2026-02-18 23:57:16,320 [ERROR] LogOutputStream:75 - [STDERR_REDIRECT] 
2026-02-18 23:57:17,316 [ERROR] LogOutputStream:75 - [STDERR_REDIRECT] [Fatal Error] :1:1: Premature end of file.
2026-02-18 23:57:17,316 [ERROR] LogOutputStream:75 - [STDERR_REDIRECT] 
2026-02-18 23:57:18,324 [ERROR] LogOutputStream:75 - [STDERR_REDIRECT] [Fatal Error] :1:1: Premature end of file.
2026-02-18 23:57:18,324 [ERROR] LogOutputStream:75 - [STDERR_REDIRECT] 
2026-02-18 23:57:19,308 [ERROR] LogOutputStream:75 - [STDERR_REDIRECT] [Fatal Error] :1:1: Premature end of file.
2026-02-18 23:57:19,308 [ERROR] LogOutputStream:75 - [STDERR_REDIRECT] 
2026-02-18 23:57:20,306 [ERROR] LogOutputStream:75 - [STDERR_REDIRECT] [Fatal Error] :1:1: Premature end of file.
2026-02-18 23:57:20,306 [ERROR] LogOutputStream:75 - [STDERR_REDIRECT] 
2026-02-18 23:57:21,306 [ERROR] LogOutputStream:75 - [STDERR_REDIRECT] [Fatal Error] :1:1: Premature end of file.
2026-02-18 23:57:21,306 [ERROR] LogOutputStream:75 - [STDERR_REDIRECT] 
2026-02-18 23:57:22,308 [ERROR] LogOutputStream:75 - [STDERR_REDIRECT] [Fatal Error] :1:1: Premature end of file.
2026-02-18 23:57:22,308 [ERROR] LogOutputStream:75 - [STDERR_REDIRECT] 
2026-02-18 23:57:23,309 [ERROR] LogOutputStream:75 - [STDERR_REDIRECT] [Fatal Error] :1:1: Premature end of file.
2026-02-18 23:57:23,309 [ERROR] LogOutputStream:75 - [STDERR_REDIRECT] 
2026-02-18 23:57:24,307 [ERROR] LogOutputStream:75 - [STDERR_REDIRECT] [Fatal Error] :1:1: Premature end of file.
2026-02-18 23:57:24,307 [ERROR] LogOutputStream:75 - [STDERR_REDIRECT] 
2026-02-18 23:57:25,319 [ERROR] LogOutputStream:75 - [STDERR_REDIRECT] [Fatal Error] :1:1: Premature end of file.
2026-02-18 23:57:25,319 [ERROR] LogOutputStream:75 - [STDERR_REDIRECT] 
2026-02-18 23:57:26,315 [ERROR] LogOutputStream:75 - [STDERR_REDIRECT] [Fatal Error] :1:1: Premature end of file.
2026-02-18 23:57:26,315 [ERROR] LogOutputStream:75 - [STDERR_REDIRECT] 
2026-02-18 23:57:27,315 [ERROR] LogOutputStream:75 - [STDERR_REDIRECT] [Fatal Error] :1:1: Premature end of file.
2026-02-18 23:57:27,315 [ERROR] LogOutputStream:75 - [STDERR_REDIRECT] 
2026-02-18 23:57:28,317 [ERROR] LogOutputStream:75 - [STDERR_REDIRECT] [Fatal Error] :1:1: Premature end of file.
2026-02-18 23:57:28,317 [ERROR] LogOutputStream:75 - [STDERR_REDIRECT] 
2026-02-18 23:57:29,312 [ERROR] LogOutputStream:75 - [STDERR_REDIRECT] [Fatal Error] :1:1: Premature end of file.
2026-02-18 23:57:29,312 [ERROR] LogOutputStream:75 - [STDERR_REDIRECT] 
2026-02-18 23:57:30,305 [ERROR] LogOutputStream:75 - [STDERR_REDIRECT] [Fatal Error] :1:1: Premature end of file.
2026-02-18 23:57:30,305 [ERROR] LogOutputStream:75 - [STDERR_REDIRECT] 
2026-02-18 23:57:31,312 [ERROR] LogOutputStream:75 - [STDERR_REDIRECT] [Fatal Error] :1:1: Premature end of file.
2026-02-18 23:57:31,312 [ERROR] LogOutputStream:75 - [STDERR_REDIRECT] 
2026-02-18 23:57:32,305 [ERROR] LogOutputStream:75 - [STDERR_REDIRECT] [Fatal Error] :1:1: Premature end of file.
2026-02-18 23:57:32,305 [ERROR] LogOutputStream:75 - [STDERR_REDIRECT] 
2026-02-18 23:57:33,312 [ERROR] LogOutputStream:75 - [STDERR_REDIRECT] [Fatal Error] :1:1: Premature end of file.
2026-02-18 23:57:33,312 [ERROR] LogOutputStream:75 - [STDERR_REDIRECT] 
2026-02-18 23:57:34,313 [ERROR] LogOutputStream:75 - [STDERR_REDIRECT] [Fatal Error] :1:1: Premature end of file.
2026-02-18 23:57:34,313 [ERROR] LogOutputStream:75 - [STDERR_REDIRECT] 
2026-02-18 23:57:35,321 [ERROR] LogOutputStream:75 - [STDERR_REDIRECT] [Fatal Error] :1:1: Premature end of file.
2026-02-18 23:57:35,321 [ERROR] LogOutputStream:75 - [STDERR_REDIRECT] 
2026-02-18 23:57:36,315 [ERROR] LogOutputStream:75 - [STDERR_REDIRECT] [Fatal Error] :1:1: Premature end of file.
2026-02-18 23:57:36,315 [ERROR] LogOutputStream:75 - [STDERR_REDIRECT] 
2026-02-18 23:57:37,312 [ERROR] LogOutputStream:75 - [STDERR_REDIRECT] [Fatal Error] :1:1: Premature end of file.
2026-02-18 23:57:37,312 [ERROR] LogOutputStream:75 - [STDERR_REDIRECT] 
2026-02-18 23:57:38,313 [ERROR] LogOutputStream:75 - [STDERR_REDIRECT] [Fatal Error] :1:1: Premature end of file.
2026-02-18 23:57:38,313 [ERROR] LogOutputStream:75 - [STDERR_REDIRECT] 
2026-02-18 23:57:39,316 [ERROR] LogOutputStream:75 - [STDERR_REDIRECT] [Fatal Error] :1:1: Premature end of file.
2026-02-18 23:57:39,316 [ERROR] LogOutputStream:75 - [STDERR_REDIRECT] 
2026-02-18 23:57:40,315 [ERROR] LogOutputStream:75 - [STDERR_REDIRECT] [Fatal Error] :1:1: Premature end of file.
2026-02-18 23:57:40,315 [ERROR] LogOutputStream:75 - [STDERR_REDIRECT] 
2026-02-18 23:57:41,316 [ERROR] LogOutputStream:75 - [STDERR_REDIRECT] [Fatal Error] :1:1: Premature end of file.
2026-02-18 23:57:41,316 [ERROR] LogOutputStream:75 - [STDERR_REDIRECT] 
2026-02-18 23:57:42,314 [ERROR] LogOutputStream:75 - [STDERR_REDIRECT] [Fatal Error] :1:1: Premature end of file.
2026-02-18 23:57:42,314 [ERROR] LogOutputStream:75 - [STDERR_REDIRECT] 
2026-02-18 23:57:43,315 [ERROR] LogOutputStream:75 - [STDERR_REDIRECT] [Fatal Error] :1:1: Premature end of file.
2026-02-18 23:57:43,315 [ERROR] LogOutputStream:75 - [STDERR_REDIRECT] 
2026-02-18 23:57:44,315 [ERROR] LogOutputStream:75 - [STDERR_REDIRECT] [Fatal Error] :1:1: Premature end of file.
2026-02-18 23:57:44,315 [ERROR] LogOutputStream:75 - [STDERR_REDIRECT] 
2026-02-18 23:57:45,315 [ERROR] LogOutputStream:75 - [STDERR_REDIRECT] [Fatal Error] :1:1: Premature end of file.
2026-02-18 23:57:45,315 [ERROR] LogOutputStream:75 - [STDERR_REDIRECT] 
2026-02-18 23:57:46,315 [ERROR] LogOutputStream:75 - [STDERR_REDIRECT] [Fatal Error] :1:1: Premature end of file.
2026-02-18 23:57:46,315 [ERROR] LogOutputStream:75 - [STDERR_REDIRECT] 
2026-02-18 23:57:47,317 [ERROR] LogOutputStream:75 - [STDERR_REDIRECT] [Fatal Error] :1:1: Premature end of file.
2026-02-18 23:57:47,317 [ERROR] LogOutputStream:75 - [STDERR_REDIRECT] 
2026-02-18 23:57:48,325 [ERROR] LogOutputStream:75 - [STDERR_REDIRECT] [Fatal Error] :1:1: Premature end of file.
2026-02-18 23:57:48,325 [ERROR] LogOutputStream:75 - [STDERR_REDIRECT] 
2026-02-18 23:57:49,324 [ERROR] LogOutputStream:75 - [STDERR_REDIRECT] [Fatal Error] :1:1: Premature end of file.
2026-02-18 23:57:49,324 [ERROR] LogOutputStream:75 - [STDERR_REDIRECT] 
2026-02-18 23:57:50,316 [ERROR] LogOutputStream:75 - [STDERR_REDIRECT] [Fatal Error] :1:1: Premature end of file.
2026-02-18 23:57:50,316 [ERROR] LogOutputStream:75 - [STDERR_REDIRECT] 
2026-02-18 23:57:51,305 [ERROR] LogOutputStream:75 - [STDERR_REDIRECT] [Fatal Error] :1:1: Premature end of file.
2026-02-18 23:57:51,305 [ERROR] LogOutputStream:75 - [STDERR_REDIRECT] 
2026-02-18 23:57:52,315 [ERROR] LogOutputStream:75 - [STDERR_REDIRECT] [Fatal Error] :1:1: Premature end of file.
2026-02-18 23:57:52,315 [ERROR] LogOutputStream:75 - [STDERR_REDIRECT] 
2026-02-18 23:57:53,320 [ERROR] LogOutputStream:75 - [STDERR_REDIRECT] [Fatal Error] :1:1: Premature end of file.
2026-02-18 23:57:53,320 [ERROR] LogOutputStream:75 - [STDERR_REDIRECT] 
2026-02-18 23:57:54,315 [ERROR] LogOutputStream:75 - [STDERR_REDIRECT] [Fatal Error] :1:1: Premature end of file.
2026-02-18 23:57:54,315 [ERROR] LogOutputStream:75 - [STDERR_REDIRECT] 
2026-02-18 23:57:55,318 [ERROR] LogOutputStream:75 - [STDERR_REDIRECT] [Fatal Error] :1:1: Premature end of file.
2026-02-18 23:57:55,318 [ERROR] LogOutputStream:75 - [STDERR_REDIRECT] 
2026-02-18 23:57:56,314 [ERROR] LogOutputStream:75 - [STDERR_REDIRECT] [Fatal Error] :1:1: Premature end of file.
2026-02-18 23:57:56,314 [ERROR] LogOutputStream:75 - [STDERR_REDIRECT] 
2026-02-18 23:57:57,316 [ERROR] LogOutputStream:75 - [STDERR_REDIRECT] [Fatal Error] :1:1: Premature end of file.
2026-02-18 23:57:57,316 [ERROR] LogOutputStream:75 - [STDERR_REDIRECT] 
2026-02-18 23:57:58,311 [ERROR] LogOutputStream:75 - [STDERR_REDIRECT] [Fatal Error] :1:1: Premature end of file.
2026-02-18 23:57:58,311 [ERROR] LogOutputStream:75 - [STDERR_REDIRECT] 
2026-02-18 23:57:59,316 [ERROR] LogOutputStream:75 - [STDERR_REDIRECT] [Fatal Error] :1:1: Premature end of file.
2026-02-18 23:57:59,316 [ERROR] LogOutputStream:75 - [STDERR_REDIRECT] 
2026-02-18 23:58:00,311 [ERROR] LogOutputStream:75 - [STDERR_REDIRECT] [Fatal Error] :1:1: Premature end of file.
2026-02-18 23:58:00,313 [ERROR] LogOutputStream:75 - [STDERR_REDIRECT] 
2026-02-18 23:58:01,324 [ERROR] LogOutputStream:75 - [STDERR_REDIRECT] [Fatal Error] :1:1: Premature end of file.
2026-02-18 23:58:01,324 [ERROR] LogOutputStream:75 - [STDERR_REDIRECT] 
2026-02-18 23:58:02,304 [ERROR] LogOutputStream:75 - [STDERR_REDIRECT] [Fatal Error] :1:1: Premature end of file.
2026-02-18 23:58:02,305 [ERROR] LogOutputStream:75 - [STDERR_REDIRECT] 
2026-02-18 23:58:03,322 [ERROR] LogOutputStream:75 - [STDERR_REDIRECT] [Fatal Error] :1:1: Premature end of file.
2026-02-18 23:58:03,322 [ERROR] LogOutputStream:75 - [STDERR_REDIRECT] 
2026-02-18 23:58:04,327 [ERROR] LogOutputStream:75 - [STDERR_REDIRECT] [Fatal Error] :1:1: Premature end of file.
2026-02-18 23:58:04,327 [ERROR] LogOutputStream:75 - [STDERR_REDIRECT] 
2026-02-18 23:58:05,315 [ERROR] LogOutputStream:75 - [STDERR_REDIRECT] [Fatal Error] :1:1: Premature end of file.
2026-02-18 23:58:05,315 [ERROR] LogOutputStream:75 - [STDERR_REDIRECT] 
2026-02-18 23:58:06,315 [ERROR] LogOutputStream:75 - [STDERR_REDIRECT] [Fatal Error] :1:1: Premature end of file.
2026-02-18 23:58:06,315 [ERROR] LogOutputStream:75 - [STDERR_REDIRECT] 
2026-02-18 23:58:07,311 [ERROR] LogOutputStream:75 - [STDERR_REDIRECT] [Fatal Error] :1:1: Premature end of file.
2026-02-18 23:58:07,311 [ERROR] LogOutputStream:75 - [STDERR_REDIRECT] 
2026-02-18 23:58:08,306 [ERROR] LogOutputStream:75 - [STDERR_REDIRECT] [Fatal Error] :1:1: Premature end of file.
2026-02-18 23:58:08,306 [ERROR] LogOutputStream:75 - [STDERR_REDIRECT] 
2026-02-18 23:58:09,305 [ERROR] LogOutputStream:75 - [STDERR_REDIRECT] [Fatal Error] :1:1: Premature end of file.
2026-02-18 23:58:09,305 [ERROR] LogOutputStream:75 - [STDERR_REDIRECT] 
2026-02-18 23:58:10,306 [ERROR] LogOutputStream:75 - [STDERR_REDIRECT] [Fatal Error] :1:1: Premature end of file.
2026-02-18 23:58:10,308 [ERROR] LogOutputStream:75 - [STDERR_REDIRECT] 
2026-02-18 23:58:11,315 [ERROR] LogOutputStream:75 - [STDERR_REDIRECT] [Fatal Error] :1:1: Premature end of file.
2026-02-18 23:58:11,315 [ERROR] LogOutputStream:75 - [STDERR_REDIRECT] 
2026-02-18 23:58:12,316 [ERROR] LogOutputStream:75 - [STDERR_REDIRECT] [Fatal Error] :1:1: Premature end of file.
2026-02-18 23:58:12,316 [ERROR] LogOutputStream:75 - [STDERR_REDIRECT] 
2026-02-18 23:58:13,307 [ERROR] LogOutputStream:75 - [STDERR_REDIRECT] [Fatal Error] :1:1: Premature end of file.
2026-02-18 23:58:13,307 [ERROR] LogOutputStream:75 - [STDERR_REDIRECT] 
2026-02-18 23:58:14,316 [ERROR] LogOutputStream:75 - [STDERR_REDIRECT] [Fatal Error] :1:1: Premature end of file.
2026-02-18 23:58:14,316 [ERROR] LogOutputStream:75 - [STDERR_REDIRECT] 
2026-02-18 23:58:15,313 [ERROR] LogOutputStream:75 - [STDERR_REDIRECT] [Fatal Error] :1:1: Premature end of file.
2026-02-18 23:58:15,313 [ERROR] LogOutputStream:75 - [STDERR_REDIRECT] 
2026-02-18 23:58:16,316 [ERROR] LogOutputStream:75 - [STDERR_REDIRECT] [Fatal Error] :1:1: Premature end of file.
2026-02-18 23:58:16,316 [ERROR] LogOutputStream:75 - [STDERR_REDIRECT] 
2026-02-18 23:58:17,322 [ERROR] LogOutputStream:75 - [STDERR_REDIRECT] [Fatal Error] :1:1: Premature end of file.
2026-02-18 23:58:17,322 [ERROR] LogOutputStream:75 - [STDERR_REDIRECT] 
2026-02-18 23:58:18,314 [ERROR] LogOutputStream:75 - [STDERR_REDIRECT] [Fatal Error] :1:1: Premature end of file.
2026-02-18 23:58:18,314 [ERROR] LogOutputStream:75 - [STDERR_REDIRECT] 
2026-02-18 23:58:19,317 [ERROR] LogOutputStream:75 - [STDERR_REDIRECT] [Fatal Error] :1:1: Premature end of file.
2026-02-18 23:58:19,317 [ERROR] LogOutputStream:75 - [STDERR_REDIRECT] 
2026-02-18 23:58:20,314 [ERROR] LogOutputStream:75 - [STDERR_REDIRECT] [Fatal Error] :1:1: Premature end of file.
2026-02-18 23:58:20,314 [ERROR] LogOutputStream:75 - [STDERR_REDIRECT] 
2026-02-18 23:58:21,322 [ERROR] LogOutputStream:75 - [STDERR_REDIRECT] [Fatal Error] :1:1: Premature end of file.
2026-02-18 23:58:21,322 [ERROR] LogOutputStream:75 - [STDERR_REDIRECT] 
2026-02-18 23:58:22,311 [ERROR] LogOutputStream:75 - [STDERR_REDIRECT] [Fatal Error] :1:1: Premature end of file.
2026-02-18 23:58:22,311 [ERROR] LogOutputStream:75 - [STDERR_REDIRECT] 
2026-02-18 23:58:23,321 [ERROR] LogOutputStream:75 - [STDERR_REDIRECT] [Fatal Error] :1:1: Premature end of file.
2026-02-18 23:58:23,321 [ERROR] LogOutputStream:75 - [STDERR_REDIRECT] 
2026-02-18 23:58:24,314 [ERROR] LogOutputStream:75 - [STDERR_REDIRECT] [Fatal Error] :1:1: Premature end of file.
2026-02-18 23:58:24,314 [ERROR] LogOutputStream:75 - [STDERR_REDIRECT] 
2026-02-18 23:58:25,315 [ERROR] LogOutputStream:75 - [STDERR_REDIRECT] [Fatal Error] :1:1: Premature end of file.
2026-02-18 23:58:25,315 [ERROR] LogOutputStream:75 - [STDERR_REDIRECT] 
2026-02-18 23:58:26,314 [ERROR] LogOutputStream:75 - [STDERR_REDIRECT] [Fatal Error] :1:1: Premature end of file.
2026-02-18 23:58:26,314 [ERROR] LogOutputStream:75 - [STDERR_REDIRECT] 
2026-02-18 23:58:27,313 [ERROR] LogOutputStream:75 - [STDERR_REDIRECT] [Fatal Error] :1:1: Premature end of file.
2026-02-18 23:58:27,313 [ERROR] LogOutputStream:75 - [STDERR_REDIRECT] 
2026-02-18 23:58:28,313 [ERROR] LogOutputStream:75 - [STDERR_REDIRECT] [Fatal Error] :1:1: Premature end of file.
2026-02-18 23:58:28,313 [ERROR] LogOutputStream:75 - [STDERR_REDIRECT] 
2026-02-18 23:58:29,307 [ERROR] LogOutputStream:75 - [STDERR_REDIRECT] [Fatal Error] :1:1: Premature end of file.
2026-02-18 23:58:29,307 [ERROR] LogOutputStream:75 - [STDERR_REDIRECT] 
2026-02-18 23:58:30,313 [ERROR] LogOutputStream:75 - [STDERR_REDIRECT] [Fatal Error] :1:1: Premature end of file.
2026-02-18 23:58:30,313 [ERROR] LogOutputStream:75 - [STDERR_REDIRECT] 
2026-02-18 23:58:31,311 [ERROR] LogOutputStream:75 - [STDERR_REDIRECT] [Fatal Error] :1:1: Premature end of file.
2026-02-18 23:58:31,311 [ERROR] LogOutputStream:75 - [STDERR_REDIRECT] 
2026-02-18 23:58:32,315 [ERROR] LogOutputStream:75 - [STDERR_REDIRECT] [Fatal Error] :1:1: Premature end of file.
2026-02-18 23:58:32,315 [ERROR] LogOutputStream:75 - [STDERR_REDIRECT] 
2026-02-18 23:58:33,314 [ERROR] LogOutputStream:75 - [STDERR_REDIRECT] [Fatal Error] :1:1: Premature end of file.
2026-02-18 23:58:33,314 [ERROR] LogOutputStream:75 - [STDERR_REDIRECT] 
2026-02-18 23:58:34,304 [ERROR] LogOutputStream:75 - [STDERR_REDIRECT] [Fatal Error] :1:1: Premature end of file.
2026-02-18 23:58:34,304 [ERROR] LogOutputStream:75 - [STDERR_REDIRECT] 
2026-02-18 23:58:35,308 [ERROR] LogOutputStream:75 - [STDERR_REDIRECT] [Fatal Error] :1:1: Premature end of file.
2026-02-18 23:58:35,308 [ERROR] LogOutputStream:75 - [STDERR_REDIRECT] 
2026-02-18 23:58:36,317 [ERROR] LogOutputStream:75 - [STDERR_REDIRECT] [Fatal Error] :1:1: Premature end of file.
2026-02-18 23:58:36,317 [ERROR] LogOutputStream:75 - [STDERR_REDIRECT] 
2026-02-18 23:58:37,316 [ERROR] LogOutputStream:75 - [STDERR_REDIRECT] [Fatal Error] :1:1: Premature end of file.
2026-02-18 23:58:37,316 [ERROR] LogOutputStream:75 - [STDERR_REDIRECT] 
2026-02-18 23:58:38,320 [ERROR] LogOutputStream:75 - [STDERR_REDIRECT] [Fatal Error] :1:1: Premature end of file.
2026-02-18 23:58:38,320 [ERROR] LogOutputStream:75 - [STDERR_REDIRECT] 
2026-02-18 23:58:39,321 [ERROR] LogOutputStream:75 - [STDERR_REDIRECT] [Fatal Error] :1:1: Premature end of file.
2026-02-18 23:58:39,321 [ERROR] LogOutputStream:75 - [STDERR_REDIRECT] 
2026-02-18 23:58:40,324 [ERROR] LogOutputStream:75 - [STDERR_REDIRECT] [Fatal Error] :1:1: Premature end of file.
2026-02-18 23:58:40,324 [ERROR] LogOutputStream:75 - [STDERR_REDIRECT] 
2026-02-18 23:58:41,315 [ERROR] LogOutputStream:75 - [STDERR_REDIRECT] [Fatal Error] :1:1: Premature end of file.
2026-02-18 23:58:41,315 [ERROR] LogOutputStream:75 - [STDERR_REDIRECT] 
2026-02-18 23:58:42,314 [ERROR] LogOutputStream:75 - [STDERR_REDIRECT] [Fatal Error] :1:1: Premature end of file.
2026-02-18 23:58:42,314 [ERROR] LogOutputStream:75 - [STDERR_REDIRECT] 
2026-02-18 23:58:43,320 [ERROR] LogOutputStream:75 - [STDERR_REDIRECT] [Fatal Error] :1:1: Premature end of file.
2026-02-18 23:58:43,320 [ERROR] LogOutputStream:75 - [STDERR_REDIRECT] 
2026-02-18 23:58:44,315 [ERROR] LogOutputStream:75 - [STDERR_REDIRECT] [Fatal Error] :1:1: Premature end of file.
2026-02-18 23:58:44,315 [ERROR] LogOutputStream:75 - [STDERR_REDIRECT] 
2026-02-18 23:58:45,320 [ERROR] LogOutputStream:75 - [STDERR_REDIRECT] [Fatal Error] :1:1: Premature end of file.
2026-02-18 23:58:45,320 [ERROR] LogOutputStream:75 - [STDERR_REDIRECT] 
2026-02-18 23:58:46,325 [ERROR] LogOutputStream:75 - [STDERR_REDIRECT] [Fatal Error] :1:1: Premature end of file.
2026-02-18 23:58:46,325 [ERROR] LogOutputStream:75 - [STDERR_REDIRECT] 
2026-02-18 23:58:47,321 [ERROR] LogOutputStream:75 - [STDERR_REDIRECT] [Fatal Error] :1:1: Premature end of file.
2026-02-18 23:58:47,321 [ERROR] LogOutputStream:75 - [STDERR_REDIRECT] 
2026-02-18 23:58:48,306 [ERROR] LogOutputStream:75 - [STDERR_REDIRECT] [Fatal Error] :1:1: Premature end of file.
2026-02-18 23:58:48,306 [ERROR] LogOutputStream:75 - [STDERR_REDIRECT] 
2026-02-18 23:58:49,317 [ERROR] LogOutputStream:75 - [STDERR_REDIRECT] [Fatal Error] :1:1: Premature end of file.
2026-02-18 23:58:49,317 [ERROR] LogOutputStream:75 - [STDERR_REDIRECT] 
2026-02-18 23:58:50,315 [ERROR] LogOutputStream:75 - [STDERR_REDIRECT] [Fatal Error] :1:1: Premature end of file.
2026-02-18 23:58:50,315 [ERROR] LogOutputStream:75 - [STDERR_REDIRECT] 
2026-02-18 23:58:51,310 [ERROR] LogOutputStream:75 - [STDERR_REDIRECT] [Fatal Error] :1:1: Premature end of file.
2026-02-18 23:58:51,310 [ERROR] LogOutputStream:75 - [STDERR_REDIRECT] 
2026-02-18 23:58:52,311 [ERROR] LogOutputStream:75 - [STDERR_REDIRECT] [Fatal Error] :1:1: Premature end of file.
2026-02-18 23:58:52,311 [ERROR] LogOutputStream:75 - [STDERR_REDIRECT] 
2026-02-18 23:58:53,320 [ERROR] LogOutputStream:75 - [STDERR_REDIRECT] [Fatal Error] :1:1: Premature end of file.
2026-02-18 23:58:53,320 [ERROR] LogOutputStream:75 - [STDERR_REDIRECT] 
2026-02-18 23:58:54,312 [ERROR] LogOutputStream:75 - [STDERR_REDIRECT] [Fatal Error] :1:1: Premature end of file.
2026-02-18 23:58:54,312 [ERROR] LogOutputStream:75 - [STDERR_REDIRECT] 
2026-02-18 23:58:55,313 [ERROR] LogOutputStream:75 - [STDERR_REDIRECT] [Fatal Error] :1:1: Premature end of file.
2026-02-18 23:58:55,313 [ERROR] LogOutputStream:75 - [STDERR_REDIRECT] 
2026-02-18 23:58:56,311 [ERROR] LogOutputStream:75 - [STDERR_REDIRECT] [Fatal Error] :1:1: Premature end of file.
2026-02-18 23:58:56,311 [ERROR] LogOutputStream:75 - [STDERR_REDIRECT] 
2026-02-18 23:58:57,303 [ERROR] LogOutputStream:75 - [STDERR_REDIRECT] [Fatal Error] :1:1: Premature end of file.
2026-02-18 23:58:57,303 [ERROR] LogOutputStream:75 - [STDERR_REDIRECT] 
2026-02-18 23:58:58,313 [ERROR] LogOutputStream:75 - [STDERR_REDIRECT] [Fatal Error] :1:1: Premature end of file.
2026-02-18 23:58:58,313 [ERROR] LogOutputStream:75 - [STDERR_REDIRECT] 
2026-02-18 23:58:59,313 [ERROR] LogOutputStream:75 - [STDERR_REDIRECT] [Fatal Error] :1:1: Premature end of file.
2026-02-18 23:58:59,313 [ERROR] LogOutputStream:75 - [STDERR_REDIRECT] 
2026-02-18 23:59:00,314 [ERROR] LogOutputStream:75 - [STDERR_REDIRECT] [Fatal Error] :1:1: Premature end of file.
2026-02-18 23:59:00,314 [ERROR] LogOutputStream:75 - [STDERR_REDIRECT] 
2026-02-18 23:59:01,322 [ERROR] LogOutputStream:75 - [STDERR_REDIRECT] [Fatal Error] :1:1: Premature end of file.
2026-02-18 23:59:01,322 [ERROR] LogOutputStream:75 - [STDERR_REDIRECT] 
2026-02-18 23:59:02,307 [ERROR] LogOutputStream:75 - [STDERR_REDIRECT] [Fatal Error] :1:1: Premature end of file.
2026-02-18 23:59:02,307 [ERROR] LogOutputStream:75 - [STDERR_REDIRECT] 
2026-02-18 23:59:03,305 [ERROR] LogOutputStream:75 - [STDERR_REDIRECT] [Fatal Error] :1:1: Premature end of file.
2026-02-18 23:59:03,305 [ERROR] LogOutputStream:75 - [STDERR_REDIRECT] 
2026-02-18 23:59:04,305 [ERROR] LogOutputStream:75 - [STDERR_REDIRECT] [Fatal Error] :1:1: Premature end of file.
2026-02-18 23:59:04,305 [ERROR] LogOutputStream:75 - [STDERR_REDIRECT] 
2026-02-18 23:59:05,305 [ERROR] LogOutputStream:75 - [STDERR_REDIRECT] [Fatal Error] :1:1: Premature end of file.
2026-02-18 23:59:05,305 [ERROR] LogOutputStream:75 - [STDERR_REDIRECT] 
2026-02-18 23:59:06,307 [ERROR] LogOutputStream:75 - [STDERR_REDIRECT] [Fatal Error] :1:1: Premature end of file.
2026-02-18 23:59:06,307 [ERROR] LogOutputStream:75 - [STDERR_REDIRECT] 
2026-02-18 23:59:07,313 [ERROR] LogOutputStream:75 - [STDERR_REDIRECT] [Fatal Error] :1:1: Premature end of file.
2026-02-18 23:59:07,313 [ERROR] LogOutputStream:75 - [STDERR_REDIRECT] 
2026-02-18 23:59:08,316 [ERROR] LogOutputStream:75 - [STDERR_REDIRECT] [Fatal Error] :1:1: Premature end of file.
2026-02-18 23:59:08,316 [ERROR] LogOutputStream:75 - [STDERR_REDIRECT] 
2026-02-18 23:59:09,314 [ERROR] LogOutputStream:75 - [STDERR_REDIRECT] [Fatal Error] :1:1: Premature end of file.
2026-02-18 23:59:09,314 [ERROR] LogOutputStream:75 - [STDERR_REDIRECT] 
2026-02-18 23:59:10,321 [ERROR] LogOutputStream:75 - [STDERR_REDIRECT] [Fatal Error] :1:1: Premature end of file.
2026-02-18 23:59:10,321 [ERROR] LogOutputStream:75 - [STDERR_REDIRECT] 
2026-02-18 23:59:11,316 [ERROR] LogOutputStream:75 - [STDERR_REDIRECT] [Fatal Error] :1:1: Premature end of file.
2026-02-18 23:59:11,316 [ERROR] LogOutputStream:75 - [STDERR_REDIRECT] 
2026-02-18 23:59:12,309 [ERROR] LogOutputStream:75 - [STDERR_REDIRECT] [Fatal Error] :1:1: Premature end of file.
2026-02-18 23:59:12,309 [ERROR] LogOutputStream:75 - [STDERR_REDIRECT] 
2026-02-18 23:59:13,314 [ERROR] LogOutputStream:75 - [STDERR_REDIRECT] [Fatal Error] :1:1: Premature end of file.
2026-02-18 23:59:13,314 [ERROR] LogOutputStream:75 - [STDERR_REDIRECT] 
2026-02-18 23:59:14,315 [ERROR] LogOutputStream:75 - [STDERR_REDIRECT] [Fatal Error] :1:1: Premature end of file.
2026-02-18 23:59:14,315 [ERROR] LogOutputStream:75 - [STDERR_REDIRECT] 
2026-02-18 23:59:15,314 [ERROR] LogOutputStream:75 - [STDERR_REDIRECT] [Fatal Error] :1:1: Premature end of file.
2026-02-18 23:59:15,314 [ERROR] LogOutputStream:75 - [STDERR_REDIRECT] 
2026-02-18 23:59:16,310 [ERROR] LogOutputStream:75 - [STDERR_REDIRECT] [Fatal Error] :1:1: Premature end of file.
2026-02-18 23:59:16,310 [ERROR] LogOutputStream:75 - [STDERR_REDIRECT] 
2026-02-18 23:59:17,310 [ERROR] LogOutputStream:75 - [STDERR_REDIRECT] [Fatal Error] :1:1: Premature end of file.
2026-02-18 23:59:17,310 [ERROR] LogOutputStream:75 - [STDERR_REDIRECT] 
2026-02-18 23:59:18,311 [ERROR] LogOutputStream:75 - [STDERR_REDIRECT] [Fatal Error] :1:1: Premature end of file.
2026-02-18 23:59:18,311 [ERROR] LogOutputStream:75 - [STDERR_REDIRECT] 
2026-02-18 23:59:19,312 [ERROR] LogOutputStream:75 - [STDERR_REDIRECT] [Fatal Error] :1:1: Premature end of file.
2026-02-18 23:59:19,312 [ERROR] LogOutputStream:75 - [STDERR_REDIRECT] 
2026-02-18 23:59:20,322 [ERROR] LogOutputStream:75 - [STDERR_REDIRECT] [Fatal Error] :1:1: Premature end of file.
2026-02-18 23:59:20,322 [ERROR] LogOutputStream:75 - [STDERR_REDIRECT] 
2026-02-18 23:59:21,313 [ERROR] LogOutputStream:75 - [STDERR_REDIRECT] [Fatal Error] :1:1: Premature end of file.
2026-02-18 23:59:21,313 [ERROR] LogOutputStream:75 - [STDERR_REDIRECT] 
2026-02-18 23:59:22,315 [ERROR] LogOutputStream:75 - [STDERR_REDIRECT] [Fatal Error] :1:1: Premature end of file.
2026-02-18 23:59:22,316 [ERROR] LogOutputStream:75 - [STDERR_REDIRECT] 
2026-02-18 23:59:23,315 [ERROR] LogOutputStream:75 - [STDERR_REDIRECT] [Fatal Error] :1:1: Premature end of file.
2026-02-18 23:59:23,315 [ERROR] LogOutputStream:75 - [STDERR_REDIRECT] 
2026-02-18 23:59:24,312 [ERROR] LogOutputStream:75 - [STDERR_REDIRECT] [Fatal Error] :1:1: Premature end of file.
2026-02-18 23:59:24,312 [ERROR] LogOutputStream:75 - [STDERR_REDIRECT] 
2026-02-18 23:59:25,306 [ERROR] LogOutputStream:75 - [STDERR_REDIRECT] [Fatal Error] :1:1: Premature end of file.
2026-02-18 23:59:25,307 [ERROR] LogOutputStream:75 - [STDERR_REDIRECT] 
2026-02-18 23:59:26,321 [ERROR] LogOutputStream:75 - [STDERR_REDIRECT] [Fatal Error] :1:1: Premature end of file.
2026-02-18 23:59:26,321 [ERROR] LogOutputStream:75 - [STDERR_REDIRECT] 
2026-02-18 23:59:27,308 [ERROR] LogOutputStream:75 - [STDERR_REDIRECT] [Fatal Error] :1:1: Premature end of file.
2026-02-18 23:59:27,308 [ERROR] LogOutputStream:75 - [STDERR_REDIRECT] 
2026-02-18 23:59:28,305 [ERROR] LogOutputStream:75 - [STDERR_REDIRECT] [Fatal Error] :1:1: Premature end of file.
2026-02-18 23:59:28,307 [ERROR] LogOutputStream:75 - [STDERR_REDIRECT] 
2026-02-18 23:59:29,334 [ERROR] LogOutputStream:75 - [STDERR_REDIRECT] [Fatal Error] :1:1: Premature end of file.
2026-02-18 23:59:29,334 [ERROR] LogOutputStream:75 - [STDERR_REDIRECT] 
2026-02-18 23:59:30,306 [ERROR] LogOutputStream:75 - [STDERR_REDIRECT] [Fatal Error] :1:1: Premature end of file.
2026-02-18 23:59:30,306 [ERROR] LogOutputStream:75 - [STDERR_REDIRECT] 
2026-02-18 23:59:31,308 [ERROR] LogOutputStream:75 - [STDERR_REDIRECT] [Fatal Error] :1:1: Premature end of file.
2026-02-18 23:59:31,308 [ERROR] LogOutputStream:75 - [STDERR_REDIRECT] 
2026-02-18 23:59:32,307 [ERROR] LogOutputStream:75 - [STDERR_REDIRECT] [Fatal Error] :1:1: Premature end of file.
2026-02-18 23:59:32,307 [ERROR] LogOutputStream:75 - [STDERR_REDIRECT] 
2026-02-18 23:59:33,308 [ERROR] LogOutputStream:75 - [STDERR_REDIRECT] [Fatal Error] :1:1: Premature end of file.
2026-02-18 23:59:33,308 [ERROR] LogOutputStream:75 - [STDERR_REDIRECT] 
2026-02-18 23:59:34,310 [ERROR] LogOutputStream:75 - [STDERR_REDIRECT] [Fatal Error] :1:1: Premature end of file.
2026-02-18 23:59:34,311 [ERROR] LogOutputStream:75 - [STDERR_REDIRECT] 
2026-02-18 23:59:35,315 [ERROR] LogOutputStream:75 - [STDERR_REDIRECT] [Fatal Error] :1:1: Premature end of file.
2026-02-18 23:59:35,315 [ERROR] LogOutputStream:75 - [STDERR_REDIRECT] 
2026-02-18 23:59:36,308 [ERROR] LogOutputStream:75 - [STDERR_REDIRECT] [Fatal Error] :1:1: Premature end of file.
2026-02-18 23:59:36,308 [ERROR] LogOutputStream:75 - [STDERR_REDIRECT] 
2026-02-18 23:59:37,308 [ERROR] LogOutputStream:75 - [STDERR_REDIRECT] [Fatal Error] :1:1: Premature end of file.
2026-02-18 23:59:37,308 [ERROR] LogOutputStream:75 - [STDERR_REDIRECT] 
2026-02-18 23:59:38,308 [ERROR] LogOutputStream:75 - [STDERR_REDIRECT] [Fatal Error] :1:1: Premature end of file.
2026-02-18 23:59:38,308 [ERROR] LogOutputStream:75 - [STDERR_REDIRECT] 
2026-02-18 23:59:39,307 [ERROR] LogOutputStream:75 - [STDERR_REDIRECT] [Fatal Error] :1:1: Premature end of file.
2026-02-18 23:59:39,307 [ERROR] LogOutputStream:75 - [STDERR_REDIRECT] 
2026-02-18 23:59:40,316 [ERROR] LogOutputStream:75 - [STDERR_REDIRECT] [Fatal Error] :1:1: Premature end of file.
2026-02-18 23:59:40,316 [ERROR] LogOutputStream:75 - [STDERR_REDIRECT] 
2026-02-18 23:59:41,315 [ERROR] LogOutputStream:75 - [STDERR_REDIRECT] [Fatal Error] :1:1: Premature end of file.
2026-02-18 23:59:41,315 [ERROR] LogOutputStream:75 - [STDERR_REDIRECT] 
2026-02-18 23:59:42,305 [ERROR] LogOutputStream:75 - [STDERR_REDIRECT] [Fatal Error] :1:1: Premature end of file.
2026-02-18 23:59:42,305 [ERROR] LogOutputStream:75 - [STDERR_REDIRECT] 
2026-02-18 23:59:43,312 [ERROR] LogOutputStream:75 - [STDERR_REDIRECT] [Fatal Error] :1:1: Premature end of file.
2026-02-18 23:59:43,312 [ERROR] LogOutputStream:75 - [STDERR_REDIRECT] 
2026-02-18 23:59:44,309 [ERROR] LogOutputStream:75 - [STDERR_REDIRECT] [Fatal Error] :1:1: Premature end of file.
2026-02-18 23:59:44,309 [ERROR] LogOutputStream:75 - [STDERR_REDIRECT] 
2026-02-18 23:59:45,309 [ERROR] LogOutputStream:75 - [STDERR_REDIRECT] [Fatal Error] :1:1: Premature end of file.
2026-02-18 23:59:45,309 [ERROR] LogOutputStream:75 - [STDERR_REDIRECT] 
2026-02-18 23:59:46,305 [ERROR] LogOutputStream:75 - [STDERR_REDIRECT] [Fatal Error] :1:1: Premature end of file.
2026-02-18 23:59:46,305 [ERROR] LogOutputStream:75 - [STDERR_REDIRECT] 
2026-02-18 23:59:47,309 [ERROR] LogOutputStream:75 - [STDERR_REDIRECT] [Fatal Error] :1:1: Premature end of file.
2026-02-18 23:59:47,309 [ERROR] LogOutputStream:75 - [STDERR_REDIRECT] 
2026-02-18 23:59:48,304 [ERROR] LogOutputStream:75 - [STDERR_REDIRECT] [Fatal Error] :1:1: Premature end of file.
2026-02-18 23:59:48,305 [ERROR] LogOutputStream:75 - [STDERR_REDIRECT] 
2026-02-18 23:59:49,312 [ERROR] LogOutputStream:75 - [STDERR_REDIRECT] [Fatal Error] :1:1: Premature end of file.
2026-02-18 23:59:49,312 [ERROR] LogOutputStream:75 - [STDERR_REDIRECT] 
2026-02-18 23:59:50,306 [ERROR] LogOutputStream:75 - [STDERR_REDIRECT] [Fatal Error] :1:1: Premature end of file.
2026-02-18 23:59:50,306 [ERROR] LogOutputStream:75 - [STDERR_REDIRECT] 
2026-02-18 23:59:51,318 [ERROR] LogOutputStream:75 - [STDERR_REDIRECT] [Fatal Error] :1:1: Premature end of file.
2026-02-18 23:59:51,318 [ERROR] LogOutputStream:75 - [STDERR_REDIRECT] 
2026-02-18 23:59:52,308 [ERROR] LogOutputStream:75 - [STDERR_REDIRECT] [Fatal Error] :1:1: Premature end of file.
2026-02-18 23:59:52,308 [ERROR] LogOutputStream:75 - [STDERR_REDIRECT] 
2026-02-18 23:59:53,316 [ERROR] LogOutputStream:75 - [STDERR_REDIRECT] [Fatal Error] :1:1: Premature end of file.
2026-02-18 23:59:53,317 [ERROR] LogOutputStream:75 - [STDERR_REDIRECT] 
2026-02-18 23:59:54,318 [ERROR] LogOutputStream:75 - [STDERR_REDIRECT] [Fatal Error] :1:1: Premature end of file.
2026-02-18 23:59:54,318 [ERROR] LogOutputStream:75 - [STDERR_REDIRECT] 
2026-02-18 23:59:55,318 [ERROR] LogOutputStream:75 - [STDERR_REDIRECT] [Fatal Error] :1:1: Premature end of file.
2026-02-18 23:59:55,318 [ERROR] LogOutputStream:75 - [STDERR_REDIRECT] 
2026-02-18 23:59:56,317 [ERROR] LogOutputStream:75 - [STDERR_REDIRECT] [Fatal Error] :1:1: Premature end of file.
2026-02-18 23:59:56,317 [ERROR] LogOutputStream:75 - [STDERR_REDIRECT] 
2026-02-18 23:59:57,326 [ERROR] LogOutputStream:75 - [STDERR_REDIRECT] [Fatal Error] :1:1: Premature end of file.
2026-02-18 23:59:57,327 [ERROR] LogOutputStream:75 - [STDERR_REDIRECT] 
2026-02-18 23:59:58,308 [ERROR] LogOutputStream:75 - [STDERR_REDIRECT] [Fatal Error] :1:1: Premature end of file.
2026-02-18 23:59:58,308 [ERROR] LogOutputStream:75 - [STDERR_REDIRECT] 
2026-02-18 23:59:59,309 [ERROR] LogOutputStream:75 - [STDERR_REDIRECT] [Fatal Error] :1:1: Premature end of file.
2026-02-18 23:59:59,309 [ERROR] LogOutputStream:75 - [STDERR_REDIRECT] 
