2026-02-22 00:19:07,662 [INFO] Activator:176 - 


2026-02-22 00:19:07,667 [INFO] Activator:177 - !SESSION log4j initialized
2026-02-22 00:19:12,611 [INFO] LogOutputStream:77 - [STDOUT_REDIRECT] 
2026-02-22 00:19:13,764 [INFO] ApplicationProperties:184 - Using Application install path: C:\ST\STM32CubeIDE_1.19.0\STM32CubeIDE\plugins\com.st.stm32cube.common.mx_6.15.0.202507011659
2026-02-22 00:19:13,779 [INFO] DbMcusXml:78 - Set database path to: C:\ST\STM32CubeIDE_1.19.0\STM32CubeIDE\plugins\com.st.stm32cube.common.mx_6.15.0.202507011659\\db\/mcu/
2026-02-22 00:19:13,779 [INFO] ApiDb:274 - Set plugin database path to: C:\ST\STM32CubeIDE_1.19.0\STM32CubeIDE\plugins\com.st.stm32cube.common.mx_6.15.0.202507011659\\db\/plugins/boardmanager/
2026-02-22 00:19:13,779 [WARN] ApiDb:259 - Overriding images path with different value:  => C:\ST\STM32CubeIDE_1.19.0\STM32CubeIDE\plugins\com.st.stm32cube.common.mx_6.15.0.202507011659\\db\/plugins/mcufinder/images/
2026-02-22 00:19:13,784 [INFO] ApiDb:250 - Set database path to: C:\Users\USER\.stmcufinder\plugins\mcufinder//mcu/
2026-02-22 00:19:13,786 [INFO] DbMcusAds:125 - Set database path to: C:\Users\USER\.stmcufinder\plugins\mcufinder//mcu/
2026-02-22 00:19:13,788 [INFO] CrossReferenceDbSqlite:203 - Set database path to: C:\Users\USER\.stmcufinder\plugins\mcufinder//mcu/cs/
2026-02-22 00:19:13,882 [INFO] RulesReader:64 - Compatibility file has been processed (317 Rules)
2026-02-22 00:19:13,941 [INFO] DbMcusXml:78 - Set database path to: C:\ST\STM32CubeIDE_1.19.0\STM32CubeIDE\plugins\com.st.stm32cube.common.mx_6.15.0.202507011659\\db\/mcu/
2026-02-22 00:19:13,942 [INFO] ApiDb:274 - Set plugin database path to: C:\ST\STM32CubeIDE_1.19.0\STM32CubeIDE\plugins\com.st.stm32cube.common.mx_6.15.0.202507011659\\db\/plugins/boardmanager/
2026-02-22 00:19:13,942 [INFO] ApiDb:261 - Set plugin images path to: C:\ST\STM32CubeIDE_1.19.0\STM32CubeIDE\plugins\com.st.stm32cube.common.mx_6.15.0.202507011659\\db\/plugins/mcufinder/images/
2026-02-22 00:19:13,942 [WARN] DbFile:41 - Overriding database path with different value: C:\Users\USER\.stmcufinder\plugins\mcufinder/ => C:\Users\USER\.stmcufinder\plugins\mcufinder
2026-02-22 00:19:13,942 [INFO] ApiDb:250 - Set database path to: C:\Users\USER\.stmcufinder\plugins\mcufinder//mcu/
2026-02-22 00:19:13,942 [WARN] DbFile:41 - Overriding database path with different value: C:\Users\USER\.stmcufinder\plugins\mcufinder/ => C:\Users\USER\.stmcufinder\plugins\mcufinder
2026-02-22 00:19:13,942 [INFO] DbMcusAds:125 - Set database path to: C:\Users\USER\.stmcufinder\plugins\mcufinder//mcu/
2026-02-22 00:19:13,942 [WARN] DbFile:41 - Overriding database path with different value: C:\Users\USER\.stmcufinder\plugins\mcufinder/ => C:\Users\USER\.stmcufinder\plugins\mcufinder
2026-02-22 00:19:13,942 [WARN] DbFile:41 - Overriding database path with different value: C:\Users\USER\.stmcufinder\plugins\mcufinder/ => C:\Users\USER\.stmcufinder\plugins\mcufinder
2026-02-22 00:19:13,942 [INFO] CrossReferenceDbSqlite:203 - Set database path to: C:\Users\USER\.stmcufinder\plugins\mcufinder//mcu/cs/
2026-02-22 00:19:13,998 [INFO] MainPanel:274 - HeapMemory: 268435456
2026-02-22 00:19:14,085 [INFO] DbMcusXml:78 - Set database path to: C:\ST\STM32CubeIDE_1.19.0\STM32CubeIDE\plugins\com.st.stm32cube.common.mx_6.15.0.202507011659\\db\/mcu/
2026-02-22 00:19:14,085 [INFO] ApiDb:274 - Set plugin database path to: C:\ST\STM32CubeIDE_1.19.0\STM32CubeIDE\plugins\com.st.stm32cube.common.mx_6.15.0.202507011659\\db\/plugins/boardmanager/
2026-02-22 00:19:14,085 [INFO] ApiDb:261 - Set plugin images path to: C:\ST\STM32CubeIDE_1.19.0\STM32CubeIDE\plugins\com.st.stm32cube.common.mx_6.15.0.202507011659\\db\/plugins/mcufinder/images/
2026-02-22 00:19:14,086 [WARN] DbFile:41 - Overriding database path with different value: C:\Users\USER\.stmcufinder\plugins\mcufinder/ => C:\Users\USER\.stmcufinder\plugins\mcufinder
2026-02-22 00:19:14,086 [INFO] ApiDb:250 - Set database path to: C:\Users\USER\.stmcufinder\plugins\mcufinder//mcu/
2026-02-22 00:19:14,086 [WARN] DbFile:41 - Overriding database path with different value: C:\Users\USER\.stmcufinder\plugins\mcufinder/ => C:\Users\USER\.stmcufinder\plugins\mcufinder
2026-02-22 00:19:14,086 [INFO] DbMcusAds:125 - Set database path to: C:\Users\USER\.stmcufinder\plugins\mcufinder//mcu/
2026-02-22 00:19:14,086 [WARN] DbFile:41 - Overriding database path with different value: C:\Users\USER\.stmcufinder\plugins\mcufinder/ => C:\Users\USER\.stmcufinder\plugins\mcufinder
2026-02-22 00:19:14,086 [WARN] DbFile:41 - Overriding database path with different value: C:\Users\USER\.stmcufinder\plugins\mcufinder/ => C:\Users\USER\.stmcufinder\plugins\mcufinder
2026-02-22 00:19:14,086 [INFO] CrossReferenceDbSqlite:203 - Set database path to: C:\Users\USER\.stmcufinder\plugins\mcufinder//mcu/cs/
2026-02-22 00:19:14,100 [INFO] ApplicationProperties:184 - Using Application install path: C:\ST\STM32CubeIDE_1.19.0\STM32CubeIDE\plugins\com.st.stm32cube.common.mx_6.15.0.202507011659
2026-02-22 00:19:14,101 [INFO] PluginManage:196 - Search for loadable plugins [exclusion list=, ]
2026-02-22 00:19:14,102 [INFO] PluginManage:310 - Check plugin analytics
2026-02-22 00:19:14,252 [INFO] AnalyticsPlugin:253 - Accepted Software Licenses: 
2026-02-22 00:19:14,252 [INFO] AnalyticsPlugin:255 - Accepted CMSIS Pack Licenses: 
2026-02-22 00:19:14,252 [INFO] AnalyticsPlugin:257 - Accepted Firmware Licenses: FW.F4.1.28.0
2026-02-22 00:19:14,254 [INFO] PluginManage:359 - Loaded plugin analytics (category:tool,tabindex:-1)
2026-02-22 00:19:14,254 [INFO] PluginManage:310 - Check plugin cadmodel
2026-02-22 00:19:14,259 [INFO] CADModel:105 - Init CAD model plugin
2026-02-22 00:19:14,259 [INFO] PluginManage:359 - Loaded plugin cadmodel (category:power,tabindex:5)
2026-02-22 00:19:14,260 [INFO] PluginManage:310 - Check plugin clock
2026-02-22 00:19:14,267 [INFO] PluginManage:359 - Loaded plugin clock (category:base,tabindex:2)
2026-02-22 00:19:14,267 [INFO] PluginManage:310 - Check plugin ddr
2026-02-22 00:19:14,270 [INFO] PluginManage:359 - Loaded plugin ddr (category:tool,tabindex:6)
2026-02-22 00:19:14,270 [INFO] PluginManage:310 - Check plugin filemanager
2026-02-22 00:19:14,392 [INFO] PluginManage:359 - Loaded plugin filemanager (category:base,tabindex:10)
2026-02-22 00:19:14,393 [INFO] PluginManage:310 - Check plugin ipmanager
2026-02-22 00:19:14,398 [INFO] PluginManage:359 - Loaded plugin ipmanager (category:base,tabindex:5)
2026-02-22 00:19:14,399 [INFO] PluginManage:310 - Check plugin lpbam
2026-02-22 00:19:14,405 [INFO] PluginManage:359 - Loaded plugin lpbam (category:base,tabindex:0)
2026-02-22 00:19:14,406 [INFO] PluginManage:310 - Check plugin memorymap
2026-02-22 00:19:14,418 [INFO] PluginManage:359 - Loaded plugin memorymap (category:base,tabindex:4)
2026-02-22 00:19:14,418 [INFO] PluginManage:310 - Check plugin pinoutandconfiguration
2026-02-22 00:19:14,425 [INFO] PluginManage:359 - Loaded plugin pinoutandconfiguration (category:base,tabindex:1)
2026-02-22 00:19:14,425 [INFO] PluginManage:310 - Check plugin pinoutconfig
2026-02-22 00:19:14,493 [WARN] SupportedApi:132 - Cannot load RTOS API schema: s4s-elt-must-match.1: The content of 'definitions' must match (annotation?, (simpleType | complexType)?, (unique | key | keyref)*)). A problem was found starting at: attribute.
2026-02-22 00:19:14,607 [INFO] PluginManage:359 - Loaded plugin pinoutconfig (category:base,tabindex:0)
2026-02-22 00:19:14,607 [INFO] PluginManage:310 - Check plugin power
2026-02-22 00:19:14,617 [INFO] PluginManage:359 - Loaded plugin power (category:power,tabindex:4)
2026-02-22 00:19:14,617 [INFO] PluginManage:310 - Check plugin projectmanager
2026-02-22 00:19:14,629 [INFO] PluginManage:359 - Loaded plugin projectmanager (category:projectmanager,tabindex:4)
2026-02-22 00:19:14,629 [INFO] PluginManage:310 - Check plugin rif
2026-02-22 00:19:14,636 [INFO] PluginManage:359 - Loaded plugin rif (category:base,tabindex:3)
2026-02-22 00:19:14,636 [INFO] PluginManage:310 - Check plugin thirdparty
2026-02-22 00:19:14,751 [INFO] PluginManage:359 - Loaded plugin thirdparty (category:base,tabindex:-1)
2026-02-22 00:19:14,751 [WARN] IntegrityCheckThread:84 - waiting for thirdparty lock release [integrity check]
2026-02-22 00:19:14,751 [INFO] PluginManage:310 - Check plugin tools
2026-02-22 00:19:14,751 [INFO] IntegrityCheckThread:86 - entering critical section [integrity check]
2026-02-22 00:19:14,752 [INFO] ThirdPartyUpdaterWithRetryManager:70 - Updater plugin not ready yet. [1/15]
2026-02-22 00:19:14,753 [INFO] PluginManage:359 - Loaded plugin tools (category:base,tabindex:7)
2026-02-22 00:19:14,753 [INFO] PluginManage:310 - Check plugin tutovideos
2026-02-22 00:19:14,919 [INFO] PluginManage:359 - Loaded plugin tutovideos (category:base,tabindex:-1)
2026-02-22 00:19:14,919 [INFO] PluginManage:310 - Check plugin updater
2026-02-22 00:19:14,935 [INFO] PluginManage:359 - Loaded plugin updater (category:base,tabindex:12)
2026-02-22 00:19:14,935 [INFO] PluginManage:310 - Check plugin userauth
2026-02-22 00:19:14,938 [INFO] UserAuth:118 - Init User Auth plugin
2026-02-22 00:19:14,939 [INFO] PluginManage:359 - Loaded plugin userauth (category:base,tabindex:14)
2026-02-22 00:19:14,939 [INFO] PluginManage:283 - PluginManage : Loaded plugins [18]
2026-02-22 00:19:15,115 [INFO] PinOutPanel:1589 - setPackage(No Configuration,No Configuration)
2026-02-22 00:19:15,191 [INFO] CADModel:165 - CPN selected for project level
2026-02-22 00:19:15,191 [INFO] CADModel:114 - Register for checkConnection events
2026-02-22 00:19:15,206 [INFO] IPUIPlugin:80 - create IPUIPlugin
2026-02-22 00:19:15,206 [INFO] PluginManager:220 - loadIPPluginJar : add adc
2026-02-22 00:19:15,208 [INFO] IPUIPlugin:80 - create IPUIPlugin
2026-02-22 00:19:15,208 [INFO] PluginManager:220 - loadIPPluginJar : add aes
2026-02-22 00:19:15,211 [INFO] IPUIPlugin:80 - create IPUIPlugin
2026-02-22 00:19:15,211 [INFO] PluginManager:220 - loadIPPluginJar : add can
2026-02-22 00:19:15,212 [INFO] IPUIPlugin:80 - create IPUIPlugin
2026-02-22 00:19:15,212 [INFO] PluginManager:220 - loadIPPluginJar : add comp
2026-02-22 00:19:15,214 [INFO] IPUIPlugin:80 - create IPUIPlugin
2026-02-22 00:19:15,214 [INFO] PluginManager:220 - loadIPPluginJar : add cryp
2026-02-22 00:19:15,217 [INFO] IPUIPlugin:80 - create IPUIPlugin
2026-02-22 00:19:15,217 [INFO] PluginManager:220 - loadIPPluginJar : add ddr_ctrl_phy
2026-02-22 00:19:15,219 [INFO] IPUIPlugin:80 - create IPUIPlugin
2026-02-22 00:19:15,219 [INFO] PluginManager:220 - loadIPPluginJar : add dfsdm
2026-02-22 00:19:15,225 [INFO] IPUIPlugin:80 - create IPUIPlugin
2026-02-22 00:19:15,225 [INFO] PluginManager:220 - loadIPPluginJar : add dma
2026-02-22 00:19:15,227 [INFO] IPUIPlugin:80 - create IPUIPlugin
2026-02-22 00:19:15,227 [INFO] PluginManager:220 - loadIPPluginJar : add dma3
2026-02-22 00:19:15,230 [INFO] IPUIPlugin:80 - create IPUIPlugin
2026-02-22 00:19:15,230 [INFO] PluginManager:220 - loadIPPluginJar : add extmemmanager
2026-02-22 00:19:15,232 [INFO] IPUIPlugin:80 - create IPUIPlugin
2026-02-22 00:19:15,232 [INFO] PluginManager:220 - loadIPPluginJar : add fatfs
2026-02-22 00:19:15,235 [INFO] IPUIPlugin:80 - create IPUIPlugin
2026-02-22 00:19:15,235 [INFO] PluginManager:220 - loadIPPluginJar : add fmc
2026-02-22 00:19:15,242 [INFO] IPUIPlugin:80 - create IPUIPlugin
2026-02-22 00:19:15,244 [INFO] PluginManager:220 - loadIPPluginJar : add freertos
2026-02-22 00:19:15,245 [INFO] IPUIPlugin:80 - create IPUIPlugin
2026-02-22 00:19:15,245 [INFO] PluginManager:220 - loadIPPluginJar : add genericplugin
2026-02-22 00:19:15,247 [INFO] IPUIPlugin:80 - create IPUIPlugin
2026-02-22 00:19:15,247 [INFO] PluginManager:220 - loadIPPluginJar : add gfxmmu
2026-02-22 00:19:15,251 [INFO] IPUIPlugin:80 - create IPUIPlugin
2026-02-22 00:19:15,251 [INFO] PluginManager:220 - loadIPPluginJar : add gic
2026-02-22 00:19:15,254 [INFO] IPUIPlugin:80 - create IPUIPlugin
2026-02-22 00:19:15,254 [INFO] PluginManager:220 - loadIPPluginJar : add gpio
2026-02-22 00:19:15,256 [INFO] IPUIPlugin:80 - create IPUIPlugin
2026-02-22 00:19:15,257 [INFO] PluginManager:220 - loadIPPluginJar : add gtzc
2026-02-22 00:19:15,259 [INFO] IPUIPlugin:80 - create IPUIPlugin
2026-02-22 00:19:15,259 [INFO] PluginManager:220 - loadIPPluginJar : add hash
2026-02-22 00:19:15,262 [INFO] IPUIPlugin:80 - create IPUIPlugin
2026-02-22 00:19:15,262 [INFO] PluginManager:220 - loadIPPluginJar : add i2c
2026-02-22 00:19:15,264 [INFO] IPUIPlugin:80 - create IPUIPlugin
2026-02-22 00:19:15,264 [INFO] PluginManager:220 - loadIPPluginJar : add i2s
2026-02-22 00:19:15,267 [INFO] IPUIPlugin:80 - create IPUIPlugin
2026-02-22 00:19:15,267 [INFO] PluginManager:220 - loadIPPluginJar : add i3c
2026-02-22 00:19:15,281 [INFO] IPUIPlugin:80 - create IPUIPlugin
2026-02-22 00:19:15,281 [INFO] PluginManager:220 - loadIPPluginJar : add ipddr
2026-02-22 00:19:15,286 [INFO] IPUIPlugin:80 - create IPUIPlugin
2026-02-22 00:19:15,286 [INFO] PluginManager:220 - loadIPPluginJar : add linkedlist
2026-02-22 00:19:15,289 [INFO] IPUIPlugin:80 - create IPUIPlugin
2026-02-22 00:19:15,290 [INFO] PluginManager:220 - loadIPPluginJar : add lorawan
2026-02-22 00:19:15,291 [INFO] IPUIPlugin:80 - create IPUIPlugin
2026-02-22 00:19:15,291 [INFO] PluginManager:220 - loadIPPluginJar : add ltdc
2026-02-22 00:19:15,296 [INFO] IPUIPlugin:80 - create IPUIPlugin
2026-02-22 00:19:15,296 [INFO] PluginManager:220 - loadIPPluginJar : add mdma
2026-02-22 00:19:15,299 [INFO] IPUIPlugin:80 - create IPUIPlugin
2026-02-22 00:19:15,299 [INFO] PluginManager:220 - loadIPPluginJar : add nvic
2026-02-22 00:19:15,301 [INFO] IPUIPlugin:80 - create IPUIPlugin
2026-02-22 00:19:15,301 [INFO] PluginManager:220 - loadIPPluginJar : add opamp
2026-02-22 00:19:15,304 [INFO] IPUIPlugin:80 - create IPUIPlugin
2026-02-22 00:19:15,304 [INFO] PluginManager:220 - loadIPPluginJar : add openamp
2026-02-22 00:19:15,308 [INFO] IPUIPlugin:80 - create IPUIPlugin
2026-02-22 00:19:15,308 [INFO] PluginManager:220 - loadIPPluginJar : add pdm2pcm
2026-02-22 00:19:15,313 [INFO] IPUIPlugin:80 - create IPUIPlugin
2026-02-22 00:19:15,316 [INFO] PluginManager:220 - loadIPPluginJar : add plateformsettings
2026-02-22 00:19:15,317 [INFO] IPUIPlugin:80 - create IPUIPlugin
2026-02-22 00:19:15,318 [INFO] PluginManager:220 - loadIPPluginJar : add quadspi
2026-02-22 00:19:15,319 [INFO] IPUIPlugin:80 - create IPUIPlugin
2026-02-22 00:19:15,320 [INFO] PluginManager:220 - loadIPPluginJar : add radio
2026-02-22 00:19:15,324 [INFO] IPUIPlugin:80 - create IPUIPlugin
2026-02-22 00:19:15,324 [INFO] PluginManager:220 - loadIPPluginJar : add resmgrutility
2026-02-22 00:19:15,326 [INFO] IPUIPlugin:80 - create IPUIPlugin
2026-02-22 00:19:15,326 [INFO] PluginManager:220 - loadIPPluginJar : add sai
2026-02-22 00:19:15,328 [INFO] IPUIPlugin:80 - create IPUIPlugin
2026-02-22 00:19:15,328 [INFO] PluginManager:220 - loadIPPluginJar : add spi
2026-02-22 00:19:15,333 [INFO] IPUIPlugin:80 - create IPUIPlugin
2026-02-22 00:19:15,333 [INFO] PluginManager:220 - loadIPPluginJar : add stm32_wpan
2026-02-22 00:19:15,335 [INFO] IPUIPlugin:80 - create IPUIPlugin
2026-02-22 00:19:15,335 [INFO] PluginManager:220 - loadIPPluginJar : add tim
2026-02-22 00:19:15,338 [INFO] IPUIPlugin:80 - create IPUIPlugin
2026-02-22 00:19:15,338 [INFO] PluginManager:220 - loadIPPluginJar : add touchsensing
2026-02-22 00:19:15,339 [INFO] IPUIPlugin:80 - create IPUIPlugin
2026-02-22 00:19:15,339 [INFO] PluginManager:220 - loadIPPluginJar : add tracer_emb
2026-02-22 00:19:15,340 [INFO] IPUIPlugin:80 - create IPUIPlugin
2026-02-22 00:19:15,340 [INFO] PluginManager:220 - loadIPPluginJar : add ts
2026-02-22 00:19:15,343 [INFO] IPUIPlugin:80 - create IPUIPlugin
2026-02-22 00:19:15,343 [INFO] PluginManager:220 - loadIPPluginJar : add tsc
2026-02-22 00:19:15,345 [INFO] IPUIPlugin:80 - create IPUIPlugin
2026-02-22 00:19:15,345 [INFO] PluginManager:220 - loadIPPluginJar : add ucpd
2026-02-22 00:19:15,347 [INFO] IPUIPlugin:80 - create IPUIPlugin
2026-02-22 00:19:15,347 [INFO] PluginManager:220 - loadIPPluginJar : add usart
2026-02-22 00:19:15,350 [INFO] IPUIPlugin:80 - create IPUIPlugin
2026-02-22 00:19:15,350 [INFO] PluginManager:220 - loadIPPluginJar : add usbx
2026-02-22 00:19:15,468 [FATAL] Updater:351 - Updater called before beeing initialized
2026-02-22 00:19:15,496 [INFO] RulesReader:64 - Compatibility file has been processed (317 Rules)
2026-02-22 00:19:15,506 [INFO] RulesReader:64 - Compatibility file has been processed (317 Rules)
2026-02-22 00:19:15,512 [INFO] CADModel:165 - CPN selected for project level
2026-02-22 00:19:15,512 [INFO] CADModel:114 - Register for checkConnection events
2026-02-22 00:19:15,512 [FATAL] Updater:351 - Updater called before beeing initialized
2026-02-22 00:19:15,512 [ERROR] CADModel:125 - Updater not yet initialized, retry later 
2026-02-22 00:19:15,636 [FATAL] Updater:351 - Updater called before beeing initialized
2026-02-22 00:19:15,637 [INFO] CADModel:165 - CPN selected for project level
2026-02-22 00:19:15,637 [INFO] CADModel:114 - Register for checkConnection events
2026-02-22 00:19:15,638 [FATAL] Updater:351 - Updater called before beeing initialized
2026-02-22 00:19:15,638 [ERROR] CADModel:125 - Updater not yet initialized, retry later 
2026-02-22 00:19:15,640 [FATAL] Updater:351 - Updater called before beeing initialized
2026-02-22 00:19:15,736 [FATAL] Updater:351 - Updater called before beeing initialized
2026-02-22 00:19:15,739 [INFO] DbMcusAds:53 - JSON generation date=Tue Feb 10 21:16:36 KST 2026 (1770725796209)
2026-02-22 00:19:15,739 [FATAL] Updater:351 - Updater called before beeing initialized
2026-02-22 00:19:15,769 [WARN] DetailPanel:346 - Failed to get advertising image, set to default
2026-02-22 00:19:15,832 [FATAL] Updater:351 - Updater called before beeing initialized
2026-02-22 00:19:15,833 [FATAL] Updater:351 - Updater called before beeing initialized
2026-02-22 00:19:15,833 [FATAL] Updater:351 - Updater called before beeing initialized
2026-02-22 00:19:15,833 [WARN] DetailPanel:346 - Failed to get advertising image, set to default
2026-02-22 00:19:15,834 [FATAL] Updater:351 - Updater called before beeing initialized
2026-02-22 00:19:15,869 [ERROR] Updater:1198 - MainUpdater not yet initialized. External WinMGr cannot be set.
2026-02-22 00:19:15,870 [INFO] Updater:1134 - Updater Version found : 6.15.0
2026-02-22 00:19:15,884 [INFO] ApplicationProperties:184 - Using Application install path: C:\ST\STM32CubeIDE_1.19.0\STM32CubeIDE\plugins\com.st.stm32cube.common.mx_6.15.0.202507011659
2026-02-22 00:19:17,452 [ERROR] LogOutputStream:75 - [STDERR_REDIRECT] Feb 22, 2026 12:19:17 AM java.util.prefs.WindowsPreferences <init>
2026-02-22 00:19:17,453 [ERROR] LogOutputStream:75 - [STDERR_REDIRECT] WARNING: Could not open/create prefs root node Software\JavaSoft\Prefs at root 0xffffffff80000002. Windows RegCreateKeyEx(...) returned error code 5.
2026-02-22 00:19:17,453 [ERROR] LogOutputStream:75 - [STDERR_REDIRECT] 
2026-02-22 00:19:17,754 [INFO] ThirdPartyUpdaterWithRetryManager:70 - Updater plugin not ready yet. [2/15]
2026-02-22 00:19:18,175 [INFO] MainUpdater:2872 - connection check result : 10
2026-02-22 00:19:18,176 [INFO] MainUpdater:3604 - Updater definition file requires update
2026-02-22 00:19:18,177 [INFO] MainUpdater:289 - Updater Check For Update Now.
2026-02-22 00:19:18,177 [INFO] MicroXplorer:498 - Change Database Version : DB.6.0.150
2026-02-22 00:19:18,182 [INFO] McuFinderGlobals:63 - Set McuFinder mode to 2 (CubeIDE integrated)
2026-02-22 00:19:18,182 [INFO] UserAuth:487 - Internet connection configuration mode: 1
2026-02-22 00:19:18,198 [INFO] JxBrowserEngine:152 - Initiate JxBrowser Engine with user profile folder
2026-02-22 00:19:18,484 [INFO] ServerAccessManage:452 - Complete download http(s) 200
2026-02-22 00:19:18,485 [INFO] ServerAccessManage:509 - Download File updaters.zip
2026-02-22 00:19:19,330 [INFO] WebApp:169 - Instantiating new browser for Auth
2026-02-22 00:19:19,362 [INFO] FileExtend:248 - Unzip File : updaters.zip
2026-02-22 00:19:19,362 [INFO] FileExtend:263 - Standard Zip Deflate
2026-02-22 00:19:19,990 [INFO] ServerAccessManage:452 - Complete download http(s) 200
2026-02-22 00:19:19,991 [INFO] ServerAccessManage:509 - Download File PacksControlFlags.xml
2026-02-22 00:19:20,067 [INFO] WebApp:463 - Apply proxy settings
2026-02-22 00:19:20,068 [INFO] WebApp:548 - Chromium requires no authentication
2026-02-22 00:19:20,081 [INFO] WebApp:491 - Direct internet connection detected
2026-02-22 00:19:20,112 [INFO] WebApp:900 - Register for checkConnection events
2026-02-22 00:19:20,113 [INFO] WebApp:463 - Apply proxy settings
2026-02-22 00:19:20,113 [INFO] WebApp:548 - Chromium requires no authentication
2026-02-22 00:19:20,113 [INFO] WebApp:491 - Direct internet connection detected
2026-02-22 00:19:20,280 [INFO] WebApp:225 - Starting web application
2026-02-22 00:19:20,280 [INFO] WebApp:593 - Web application path used C:\ST\STM32CubeIDE_1.19.0\STM32CubeIDE\plugins\com.st.stm32cube.common.mx_6.15.0.202507011659\db\plugins\mcufinder\reactClient1\index.html
2026-02-22 00:19:20,303 [INFO] ServerAccessManage:452 - Complete download http(s) 200
2026-02-22 00:19:20,304 [INFO] ServerAccessManage:509 - Download File cubemx.pidx
2026-02-22 00:19:20,455 [INFO] UserAuth:487 - Internet connection configuration mode: 1
2026-02-22 00:19:20,603 [INFO] WebApp:191 - Connection restablished
2026-02-22 00:19:20,755 [WARN] MainUpdater:1193 - Updater busy. Cannot search thirdparties
2026-02-22 00:19:20,755 [INFO] ThirdPartyUpdaterWithRetryManager:96 - Updater plugin is busy. [1/15]
2026-02-22 00:19:21,539 [ERROR] LogOutputStream:75 - [STDERR_REDIRECT] [Fatal Error] :1:1: Premature end of file.
2026-02-22 00:19:21,539 [ERROR] LogOutputStream:75 - [STDERR_REDIRECT] 
2026-02-22 00:19:21,748 [INFO] ServerAccessManage:452 - Complete download http(s) 200
2026-02-22 00:19:21,749 [INFO] ServerAccessManage:509 - Download File STMicroelectronics.FP-SNS-MOTENVWB1.pdsc
2026-02-22 00:19:22,516 [ERROR] LogOutputStream:75 - [STDERR_REDIRECT] [Fatal Error] :1:1: Premature end of file.
2026-02-22 00:19:22,516 [ERROR] LogOutputStream:75 - [STDERR_REDIRECT] 
2026-02-22 00:19:23,514 [ERROR] LogOutputStream:75 - [STDERR_REDIRECT] [Fatal Error] :1:1: Premature end of file.
2026-02-22 00:19:23,514 [ERROR] LogOutputStream:75 - [STDERR_REDIRECT] 
2026-02-22 00:19:23,756 [WARN] MainUpdater:1193 - Updater busy. Cannot search thirdparties
2026-02-22 00:19:23,756 [INFO] ThirdPartyUpdaterWithRetryManager:96 - Updater plugin is busy. [2/15]
2026-02-22 00:19:24,526 [ERROR] LogOutputStream:75 - [STDERR_REDIRECT] [Fatal Error] :1:1: Premature end of file.
2026-02-22 00:19:24,527 [ERROR] LogOutputStream:75 - [STDERR_REDIRECT] 
2026-02-22 00:19:24,630 [ERROR] LogOutputStream:75 - [STDERR_REDIRECT] 
2026-02-22 00:19:43,073 [INFO] Activator:176 - 


2026-02-22 00:19:43,074 [INFO] Activator:177 - !SESSION log4j initialized
2026-02-22 00:19:47,481 [INFO] LogOutputStream:77 - [STDOUT_REDIRECT] 
2026-02-22 00:19:48,508 [INFO] ApplicationProperties:184 - Using Application install path: C:\ST\STM32CubeIDE_1.19.0\STM32CubeIDE\plugins\com.st.stm32cube.common.mx_6.15.0.202507011659
2026-02-22 00:19:48,521 [INFO] DbMcusXml:78 - Set database path to: C:\ST\STM32CubeIDE_1.19.0\STM32CubeIDE\plugins\com.st.stm32cube.common.mx_6.15.0.202507011659\\db\/mcu/
2026-02-22 00:19:48,521 [INFO] ApiDb:274 - Set plugin database path to: C:\ST\STM32CubeIDE_1.19.0\STM32CubeIDE\plugins\com.st.stm32cube.common.mx_6.15.0.202507011659\\db\/plugins/boardmanager/
2026-02-22 00:19:48,521 [WARN] ApiDb:259 - Overriding images path with different value:  => C:\ST\STM32CubeIDE_1.19.0\STM32CubeIDE\plugins\com.st.stm32cube.common.mx_6.15.0.202507011659\\db\/plugins/mcufinder/images/
2026-02-22 00:19:48,526 [INFO] ApiDb:250 - Set database path to: C:\Users\USER\.stmcufinder\plugins\mcufinder//mcu/
2026-02-22 00:19:48,527 [INFO] DbMcusAds:125 - Set database path to: C:\Users\USER\.stmcufinder\plugins\mcufinder//mcu/
2026-02-22 00:19:48,528 [INFO] CrossReferenceDbSqlite:203 - Set database path to: C:\Users\USER\.stmcufinder\plugins\mcufinder//mcu/cs/
2026-02-22 00:19:48,617 [INFO] RulesReader:64 - Compatibility file has been processed (317 Rules)
2026-02-22 00:19:48,672 [INFO] DbMcusXml:78 - Set database path to: C:\ST\STM32CubeIDE_1.19.0\STM32CubeIDE\plugins\com.st.stm32cube.common.mx_6.15.0.202507011659\\db\/mcu/
2026-02-22 00:19:48,672 [INFO] ApiDb:274 - Set plugin database path to: C:\ST\STM32CubeIDE_1.19.0\STM32CubeIDE\plugins\com.st.stm32cube.common.mx_6.15.0.202507011659\\db\/plugins/boardmanager/
2026-02-22 00:19:48,673 [INFO] ApiDb:261 - Set plugin images path to: C:\ST\STM32CubeIDE_1.19.0\STM32CubeIDE\plugins\com.st.stm32cube.common.mx_6.15.0.202507011659\\db\/plugins/mcufinder/images/
2026-02-22 00:19:48,673 [WARN] DbFile:41 - Overriding database path with different value: C:\Users\USER\.stmcufinder\plugins\mcufinder/ => C:\Users\USER\.stmcufinder\plugins\mcufinder
2026-02-22 00:19:48,673 [INFO] ApiDb:250 - Set database path to: C:\Users\USER\.stmcufinder\plugins\mcufinder//mcu/
2026-02-22 00:19:48,673 [WARN] DbFile:41 - Overriding database path with different value: C:\Users\USER\.stmcufinder\plugins\mcufinder/ => C:\Users\USER\.stmcufinder\plugins\mcufinder
2026-02-22 00:19:48,673 [INFO] DbMcusAds:125 - Set database path to: C:\Users\USER\.stmcufinder\plugins\mcufinder//mcu/
2026-02-22 00:19:48,673 [WARN] DbFile:41 - Overriding database path with different value: C:\Users\USER\.stmcufinder\plugins\mcufinder/ => C:\Users\USER\.stmcufinder\plugins\mcufinder
2026-02-22 00:19:48,673 [WARN] DbFile:41 - Overriding database path with different value: C:\Users\USER\.stmcufinder\plugins\mcufinder/ => C:\Users\USER\.stmcufinder\plugins\mcufinder
2026-02-22 00:19:48,673 [INFO] CrossReferenceDbSqlite:203 - Set database path to: C:\Users\USER\.stmcufinder\plugins\mcufinder//mcu/cs/
2026-02-22 00:19:48,724 [INFO] MainPanel:274 - HeapMemory: 268435456
2026-02-22 00:19:48,788 [INFO] DbMcusXml:78 - Set database path to: C:\ST\STM32CubeIDE_1.19.0\STM32CubeIDE\plugins\com.st.stm32cube.common.mx_6.15.0.202507011659\\db\/mcu/
2026-02-22 00:19:48,788 [INFO] ApiDb:274 - Set plugin database path to: C:\ST\STM32CubeIDE_1.19.0\STM32CubeIDE\plugins\com.st.stm32cube.common.mx_6.15.0.202507011659\\db\/plugins/boardmanager/
2026-02-22 00:19:48,788 [INFO] ApiDb:261 - Set plugin images path to: C:\ST\STM32CubeIDE_1.19.0\STM32CubeIDE\plugins\com.st.stm32cube.common.mx_6.15.0.202507011659\\db\/plugins/mcufinder/images/
2026-02-22 00:19:48,789 [WARN] DbFile:41 - Overriding database path with different value: C:\Users\USER\.stmcufinder\plugins\mcufinder/ => C:\Users\USER\.stmcufinder\plugins\mcufinder
2026-02-22 00:19:48,789 [INFO] ApiDb:250 - Set database path to: C:\Users\USER\.stmcufinder\plugins\mcufinder//mcu/
2026-02-22 00:19:48,789 [WARN] DbFile:41 - Overriding database path with different value: C:\Users\USER\.stmcufinder\plugins\mcufinder/ => C:\Users\USER\.stmcufinder\plugins\mcufinder
2026-02-22 00:19:48,789 [INFO] DbMcusAds:125 - Set database path to: C:\Users\USER\.stmcufinder\plugins\mcufinder//mcu/
2026-02-22 00:19:48,789 [WARN] DbFile:41 - Overriding database path with different value: C:\Users\USER\.stmcufinder\plugins\mcufinder/ => C:\Users\USER\.stmcufinder\plugins\mcufinder
2026-02-22 00:19:48,789 [WARN] DbFile:41 - Overriding database path with different value: C:\Users\USER\.stmcufinder\plugins\mcufinder/ => C:\Users\USER\.stmcufinder\plugins\mcufinder
2026-02-22 00:19:48,789 [INFO] CrossReferenceDbSqlite:203 - Set database path to: C:\Users\USER\.stmcufinder\plugins\mcufinder//mcu/cs/
2026-02-22 00:19:48,802 [INFO] ApplicationProperties:184 - Using Application install path: C:\ST\STM32CubeIDE_1.19.0\STM32CubeIDE\plugins\com.st.stm32cube.common.mx_6.15.0.202507011659
2026-02-22 00:19:48,803 [INFO] PluginManage:196 - Search for loadable plugins [exclusion list=, ]
2026-02-22 00:19:48,804 [INFO] PluginManage:310 - Check plugin analytics
2026-02-22 00:19:48,945 [INFO] AnalyticsPlugin:253 - Accepted Software Licenses: 
2026-02-22 00:19:48,945 [INFO] AnalyticsPlugin:255 - Accepted CMSIS Pack Licenses: 
2026-02-22 00:19:48,945 [INFO] AnalyticsPlugin:257 - Accepted Firmware Licenses: FW.F4.1.28.0
2026-02-22 00:19:48,947 [INFO] PluginManage:359 - Loaded plugin analytics (category:tool,tabindex:-1)
2026-02-22 00:19:48,948 [INFO] PluginManage:310 - Check plugin cadmodel
2026-02-22 00:19:48,951 [INFO] CADModel:105 - Init CAD model plugin
2026-02-22 00:19:48,952 [INFO] PluginManage:359 - Loaded plugin cadmodel (category:power,tabindex:5)
2026-02-22 00:19:48,952 [INFO] PluginManage:310 - Check plugin clock
2026-02-22 00:19:48,957 [INFO] PluginManage:359 - Loaded plugin clock (category:base,tabindex:2)
2026-02-22 00:19:48,958 [INFO] PluginManage:310 - Check plugin ddr
2026-02-22 00:19:48,960 [INFO] PluginManage:359 - Loaded plugin ddr (category:tool,tabindex:6)
2026-02-22 00:19:48,960 [INFO] PluginManage:310 - Check plugin filemanager
2026-02-22 00:19:49,066 [INFO] PluginManage:359 - Loaded plugin filemanager (category:base,tabindex:10)
2026-02-22 00:19:49,066 [INFO] PluginManage:310 - Check plugin ipmanager
2026-02-22 00:19:49,071 [INFO] PluginManage:359 - Loaded plugin ipmanager (category:base,tabindex:5)
2026-02-22 00:19:49,071 [INFO] PluginManage:310 - Check plugin lpbam
2026-02-22 00:19:49,076 [INFO] PluginManage:359 - Loaded plugin lpbam (category:base,tabindex:0)
2026-02-22 00:19:49,076 [INFO] PluginManage:310 - Check plugin memorymap
2026-02-22 00:19:49,085 [INFO] PluginManage:359 - Loaded plugin memorymap (category:base,tabindex:4)
2026-02-22 00:19:49,085 [INFO] PluginManage:310 - Check plugin pinoutandconfiguration
2026-02-22 00:19:49,090 [INFO] PluginManage:359 - Loaded plugin pinoutandconfiguration (category:base,tabindex:1)
2026-02-22 00:19:49,090 [INFO] PluginManage:310 - Check plugin pinoutconfig
2026-02-22 00:19:49,152 [WARN] SupportedApi:132 - Cannot load RTOS API schema: s4s-elt-must-match.1: The content of 'definitions' must match (annotation?, (simpleType | complexType)?, (unique | key | keyref)*)). A problem was found starting at: attribute.
2026-02-22 00:19:49,273 [INFO] PluginManage:359 - Loaded plugin pinoutconfig (category:base,tabindex:0)
2026-02-22 00:19:49,273 [INFO] PluginManage:310 - Check plugin power
2026-02-22 00:19:49,279 [INFO] PluginManage:359 - Loaded plugin power (category:power,tabindex:4)
2026-02-22 00:19:49,279 [INFO] PluginManage:310 - Check plugin projectmanager
2026-02-22 00:19:49,291 [INFO] PluginManage:359 - Loaded plugin projectmanager (category:projectmanager,tabindex:4)
2026-02-22 00:19:49,291 [INFO] PluginManage:310 - Check plugin rif
2026-02-22 00:19:49,297 [INFO] PluginManage:359 - Loaded plugin rif (category:base,tabindex:3)
2026-02-22 00:19:49,297 [INFO] PluginManage:310 - Check plugin thirdparty
2026-02-22 00:19:49,399 [INFO] PluginManage:359 - Loaded plugin thirdparty (category:base,tabindex:-1)
2026-02-22 00:19:49,399 [INFO] PluginManage:310 - Check plugin tools
2026-02-22 00:19:49,399 [WARN] IntegrityCheckThread:84 - waiting for thirdparty lock release [integrity check]
2026-02-22 00:19:49,399 [INFO] IntegrityCheckThread:86 - entering critical section [integrity check]
2026-02-22 00:19:49,400 [INFO] ThirdPartyUpdaterWithRetryManager:70 - Updater plugin not ready yet. [1/15]
2026-02-22 00:19:49,401 [INFO] PluginManage:359 - Loaded plugin tools (category:base,tabindex:7)
2026-02-22 00:19:49,401 [INFO] PluginManage:310 - Check plugin tutovideos
2026-02-22 00:19:49,561 [INFO] PluginManage:359 - Loaded plugin tutovideos (category:base,tabindex:-1)
2026-02-22 00:19:49,561 [INFO] PluginManage:310 - Check plugin updater
2026-02-22 00:19:49,576 [INFO] PluginManage:359 - Loaded plugin updater (category:base,tabindex:12)
2026-02-22 00:19:49,577 [INFO] PluginManage:310 - Check plugin userauth
2026-02-22 00:19:49,580 [INFO] UserAuth:118 - Init User Auth plugin
2026-02-22 00:19:49,580 [INFO] PluginManage:359 - Loaded plugin userauth (category:base,tabindex:14)
2026-02-22 00:19:49,580 [INFO] PluginManage:283 - PluginManage : Loaded plugins [18]
2026-02-22 00:19:49,730 [INFO] PinOutPanel:1589 - setPackage(No Configuration,No Configuration)
2026-02-22 00:19:49,793 [INFO] CADModel:165 - CPN selected for project level
2026-02-22 00:19:49,793 [INFO] CADModel:114 - Register for checkConnection events
2026-02-22 00:19:49,804 [INFO] IPUIPlugin:80 - create IPUIPlugin
2026-02-22 00:19:49,804 [INFO] PluginManager:220 - loadIPPluginJar : add adc
2026-02-22 00:19:49,806 [INFO] IPUIPlugin:80 - create IPUIPlugin
2026-02-22 00:19:49,806 [INFO] PluginManager:220 - loadIPPluginJar : add aes
2026-02-22 00:19:49,807 [INFO] IPUIPlugin:80 - create IPUIPlugin
2026-02-22 00:19:49,807 [INFO] PluginManager:220 - loadIPPluginJar : add can
2026-02-22 00:19:49,808 [INFO] IPUIPlugin:80 - create IPUIPlugin
2026-02-22 00:19:49,809 [INFO] PluginManager:220 - loadIPPluginJar : add comp
2026-02-22 00:19:49,810 [INFO] IPUIPlugin:80 - create IPUIPlugin
2026-02-22 00:19:49,810 [INFO] PluginManager:220 - loadIPPluginJar : add cryp
2026-02-22 00:19:49,812 [INFO] IPUIPlugin:80 - create IPUIPlugin
2026-02-22 00:19:49,812 [INFO] PluginManager:220 - loadIPPluginJar : add ddr_ctrl_phy
2026-02-22 00:19:49,813 [INFO] IPUIPlugin:80 - create IPUIPlugin
2026-02-22 00:19:49,813 [INFO] PluginManager:220 - loadIPPluginJar : add dfsdm
2026-02-22 00:19:49,818 [INFO] IPUIPlugin:80 - create IPUIPlugin
2026-02-22 00:19:49,819 [INFO] PluginManager:220 - loadIPPluginJar : add dma
2026-02-22 00:19:49,820 [INFO] IPUIPlugin:80 - create IPUIPlugin
2026-02-22 00:19:49,820 [INFO] PluginManager:220 - loadIPPluginJar : add dma3
2026-02-22 00:19:49,822 [INFO] IPUIPlugin:80 - create IPUIPlugin
2026-02-22 00:19:49,822 [INFO] PluginManager:220 - loadIPPluginJar : add extmemmanager
2026-02-22 00:19:49,823 [INFO] IPUIPlugin:80 - create IPUIPlugin
2026-02-22 00:19:49,823 [INFO] PluginManager:220 - loadIPPluginJar : add fatfs
2026-02-22 00:19:49,825 [INFO] IPUIPlugin:80 - create IPUIPlugin
2026-02-22 00:19:49,825 [INFO] PluginManager:220 - loadIPPluginJar : add fmc
2026-02-22 00:19:49,830 [INFO] IPUIPlugin:80 - create IPUIPlugin
2026-02-22 00:19:49,830 [INFO] PluginManager:220 - loadIPPluginJar : add freertos
2026-02-22 00:19:49,831 [INFO] IPUIPlugin:80 - create IPUIPlugin
2026-02-22 00:19:49,831 [INFO] PluginManager:220 - loadIPPluginJar : add genericplugin
2026-02-22 00:19:49,833 [INFO] IPUIPlugin:80 - create IPUIPlugin
2026-02-22 00:19:49,833 [INFO] PluginManager:220 - loadIPPluginJar : add gfxmmu
2026-02-22 00:19:49,836 [INFO] IPUIPlugin:80 - create IPUIPlugin
2026-02-22 00:19:49,836 [INFO] PluginManager:220 - loadIPPluginJar : add gic
2026-02-22 00:19:49,839 [INFO] IPUIPlugin:80 - create IPUIPlugin
2026-02-22 00:19:49,839 [INFO] PluginManager:220 - loadIPPluginJar : add gpio
2026-02-22 00:19:49,841 [INFO] IPUIPlugin:80 - create IPUIPlugin
2026-02-22 00:19:49,841 [INFO] PluginManager:220 - loadIPPluginJar : add gtzc
2026-02-22 00:19:49,843 [INFO] IPUIPlugin:80 - create IPUIPlugin
2026-02-22 00:19:49,843 [INFO] PluginManager:220 - loadIPPluginJar : add hash
2026-02-22 00:19:49,844 [INFO] IPUIPlugin:80 - create IPUIPlugin
2026-02-22 00:19:49,845 [INFO] PluginManager:220 - loadIPPluginJar : add i2c
2026-02-22 00:19:49,846 [INFO] IPUIPlugin:80 - create IPUIPlugin
2026-02-22 00:19:49,846 [INFO] PluginManager:220 - loadIPPluginJar : add i2s
2026-02-22 00:19:49,848 [INFO] IPUIPlugin:80 - create IPUIPlugin
2026-02-22 00:19:49,848 [INFO] PluginManager:220 - loadIPPluginJar : add i3c
2026-02-22 00:19:49,851 [INFO] IPUIPlugin:80 - create IPUIPlugin
2026-02-22 00:19:49,851 [INFO] PluginManager:220 - loadIPPluginJar : add ipddr
2026-02-22 00:19:49,855 [INFO] IPUIPlugin:80 - create IPUIPlugin
2026-02-22 00:19:49,855 [INFO] PluginManager:220 - loadIPPluginJar : add linkedlist
2026-02-22 00:19:49,857 [INFO] IPUIPlugin:80 - create IPUIPlugin
2026-02-22 00:19:49,858 [INFO] PluginManager:220 - loadIPPluginJar : add lorawan
2026-02-22 00:19:49,858 [INFO] IPUIPlugin:80 - create IPUIPlugin
2026-02-22 00:19:49,859 [INFO] PluginManager:220 - loadIPPluginJar : add ltdc
2026-02-22 00:19:49,863 [INFO] IPUIPlugin:80 - create IPUIPlugin
2026-02-22 00:19:49,863 [INFO] PluginManager:220 - loadIPPluginJar : add mdma
2026-02-22 00:19:49,866 [INFO] IPUIPlugin:80 - create IPUIPlugin
2026-02-22 00:19:49,866 [INFO] PluginManager:220 - loadIPPluginJar : add nvic
2026-02-22 00:19:49,868 [INFO] IPUIPlugin:80 - create IPUIPlugin
2026-02-22 00:19:49,868 [INFO] PluginManager:220 - loadIPPluginJar : add opamp
2026-02-22 00:19:49,871 [INFO] IPUIPlugin:80 - create IPUIPlugin
2026-02-22 00:19:49,871 [INFO] PluginManager:220 - loadIPPluginJar : add openamp
2026-02-22 00:19:49,873 [INFO] IPUIPlugin:80 - create IPUIPlugin
2026-02-22 00:19:49,873 [INFO] PluginManager:220 - loadIPPluginJar : add pdm2pcm
2026-02-22 00:19:49,877 [INFO] IPUIPlugin:80 - create IPUIPlugin
2026-02-22 00:19:49,879 [INFO] PluginManager:220 - loadIPPluginJar : add plateformsettings
2026-02-22 00:19:49,882 [INFO] IPUIPlugin:80 - create IPUIPlugin
2026-02-22 00:19:49,882 [INFO] PluginManager:220 - loadIPPluginJar : add quadspi
2026-02-22 00:19:49,883 [INFO] IPUIPlugin:80 - create IPUIPlugin
2026-02-22 00:19:49,884 [INFO] PluginManager:220 - loadIPPluginJar : add radio
2026-02-22 00:19:49,887 [INFO] IPUIPlugin:80 - create IPUIPlugin
2026-02-22 00:19:49,887 [INFO] PluginManager:220 - loadIPPluginJar : add resmgrutility
2026-02-22 00:19:49,889 [INFO] IPUIPlugin:80 - create IPUIPlugin
2026-02-22 00:19:49,890 [INFO] PluginManager:220 - loadIPPluginJar : add sai
2026-02-22 00:19:49,891 [INFO] IPUIPlugin:80 - create IPUIPlugin
2026-02-22 00:19:49,891 [INFO] PluginManager:220 - loadIPPluginJar : add spi
2026-02-22 00:19:49,895 [INFO] IPUIPlugin:80 - create IPUIPlugin
2026-02-22 00:19:49,895 [INFO] PluginManager:220 - loadIPPluginJar : add stm32_wpan
2026-02-22 00:19:49,897 [INFO] IPUIPlugin:80 - create IPUIPlugin
2026-02-22 00:19:49,897 [INFO] PluginManager:220 - loadIPPluginJar : add tim
2026-02-22 00:19:49,899 [INFO] IPUIPlugin:80 - create IPUIPlugin
2026-02-22 00:19:49,899 [INFO] PluginManager:220 - loadIPPluginJar : add touchsensing
2026-02-22 00:19:49,900 [INFO] IPUIPlugin:80 - create IPUIPlugin
2026-02-22 00:19:49,901 [INFO] PluginManager:220 - loadIPPluginJar : add tracer_emb
2026-02-22 00:19:49,902 [INFO] IPUIPlugin:80 - create IPUIPlugin
2026-02-22 00:19:49,902 [INFO] PluginManager:220 - loadIPPluginJar : add ts
2026-02-22 00:19:49,903 [INFO] IPUIPlugin:80 - create IPUIPlugin
2026-02-22 00:19:49,903 [INFO] PluginManager:220 - loadIPPluginJar : add tsc
2026-02-22 00:19:49,904 [INFO] IPUIPlugin:80 - create IPUIPlugin
2026-02-22 00:19:49,904 [INFO] PluginManager:220 - loadIPPluginJar : add ucpd
2026-02-22 00:19:49,907 [INFO] IPUIPlugin:80 - create IPUIPlugin
2026-02-22 00:19:49,907 [INFO] PluginManager:220 - loadIPPluginJar : add usart
2026-02-22 00:19:49,909 [INFO] IPUIPlugin:80 - create IPUIPlugin
2026-02-22 00:19:49,909 [INFO] PluginManager:220 - loadIPPluginJar : add usbx
2026-02-22 00:19:50,023 [FATAL] Updater:351 - Updater called before beeing initialized
2026-02-22 00:19:50,043 [INFO] RulesReader:64 - Compatibility file has been processed (317 Rules)
2026-02-22 00:19:50,053 [INFO] RulesReader:64 - Compatibility file has been processed (317 Rules)
2026-02-22 00:19:50,058 [INFO] CADModel:165 - CPN selected for project level
2026-02-22 00:19:50,058 [INFO] CADModel:114 - Register for checkConnection events
2026-02-22 00:19:50,058 [FATAL] Updater:351 - Updater called before beeing initialized
2026-02-22 00:19:50,058 [ERROR] CADModel:125 - Updater not yet initialized, retry later 
2026-02-22 00:19:50,164 [FATAL] Updater:351 - Updater called before beeing initialized
2026-02-22 00:19:50,166 [INFO] CADModel:165 - CPN selected for project level
2026-02-22 00:19:50,166 [INFO] CADModel:114 - Register for checkConnection events
2026-02-22 00:19:50,166 [FATAL] Updater:351 - Updater called before beeing initialized
2026-02-22 00:19:50,166 [ERROR] CADModel:125 - Updater not yet initialized, retry later 
2026-02-22 00:19:50,169 [FATAL] Updater:351 - Updater called before beeing initialized
2026-02-22 00:19:50,259 [FATAL] Updater:351 - Updater called before beeing initialized
2026-02-22 00:19:50,263 [INFO] DbMcusAds:53 - JSON generation date=Tue Feb 10 21:16:36 KST 2026 (1770725796209)
2026-02-22 00:19:50,263 [FATAL] Updater:351 - Updater called before beeing initialized
2026-02-22 00:19:50,293 [WARN] DetailPanel:346 - Failed to get advertising image, set to default
2026-02-22 00:19:50,363 [FATAL] Updater:351 - Updater called before beeing initialized
2026-02-22 00:19:50,365 [FATAL] Updater:351 - Updater called before beeing initialized
2026-02-22 00:19:50,365 [FATAL] Updater:351 - Updater called before beeing initialized
2026-02-22 00:19:50,365 [WARN] DetailPanel:346 - Failed to get advertising image, set to default
2026-02-22 00:19:50,366 [FATAL] Updater:351 - Updater called before beeing initialized
2026-02-22 00:19:50,409 [ERROR] Updater:1198 - MainUpdater not yet initialized. External WinMGr cannot be set.
2026-02-22 00:19:50,410 [INFO] Updater:1134 - Updater Version found : 6.15.0
2026-02-22 00:19:50,426 [INFO] ApplicationProperties:184 - Using Application install path: C:\ST\STM32CubeIDE_1.19.0\STM32CubeIDE\plugins\com.st.stm32cube.common.mx_6.15.0.202507011659
2026-02-22 00:20:05,428 [INFO] Activator:176 - 


2026-02-22 00:20:05,429 [INFO] Activator:177 - !SESSION log4j initialized
2026-02-22 00:20:09,879 [INFO] LogOutputStream:77 - [STDOUT_REDIRECT] 
2026-02-22 00:20:11,153 [INFO] ApplicationProperties:184 - Using Application install path: C:\ST\STM32CubeIDE_1.19.0\STM32CubeIDE\plugins\com.st.stm32cube.common.mx_6.15.0.202507011659
2026-02-22 00:20:11,167 [INFO] DbMcusXml:78 - Set database path to: C:\ST\STM32CubeIDE_1.19.0\STM32CubeIDE\plugins\com.st.stm32cube.common.mx_6.15.0.202507011659\\db\/mcu/
2026-02-22 00:20:11,168 [INFO] ApiDb:274 - Set plugin database path to: C:\ST\STM32CubeIDE_1.19.0\STM32CubeIDE\plugins\com.st.stm32cube.common.mx_6.15.0.202507011659\\db\/plugins/boardmanager/
2026-02-22 00:20:11,168 [WARN] ApiDb:259 - Overriding images path with different value:  => C:\ST\STM32CubeIDE_1.19.0\STM32CubeIDE\plugins\com.st.stm32cube.common.mx_6.15.0.202507011659\\db\/plugins/mcufinder/images/
2026-02-22 00:20:11,173 [INFO] ApiDb:250 - Set database path to: C:\Users\USER\.stmcufinder\plugins\mcufinder//mcu/
2026-02-22 00:20:11,174 [INFO] DbMcusAds:125 - Set database path to: C:\Users\USER\.stmcufinder\plugins\mcufinder//mcu/
2026-02-22 00:20:11,176 [INFO] CrossReferenceDbSqlite:203 - Set database path to: C:\Users\USER\.stmcufinder\plugins\mcufinder//mcu/cs/
2026-02-22 00:20:11,261 [INFO] RulesReader:64 - Compatibility file has been processed (317 Rules)
2026-02-22 00:20:11,312 [INFO] DbMcusXml:78 - Set database path to: C:\ST\STM32CubeIDE_1.19.0\STM32CubeIDE\plugins\com.st.stm32cube.common.mx_6.15.0.202507011659\\db\/mcu/
2026-02-22 00:20:11,312 [INFO] ApiDb:274 - Set plugin database path to: C:\ST\STM32CubeIDE_1.19.0\STM32CubeIDE\plugins\com.st.stm32cube.common.mx_6.15.0.202507011659\\db\/plugins/boardmanager/
2026-02-22 00:20:11,312 [INFO] ApiDb:261 - Set plugin images path to: C:\ST\STM32CubeIDE_1.19.0\STM32CubeIDE\plugins\com.st.stm32cube.common.mx_6.15.0.202507011659\\db\/plugins/mcufinder/images/
2026-02-22 00:20:11,313 [WARN] DbFile:41 - Overriding database path with different value: C:\Users\USER\.stmcufinder\plugins\mcufinder/ => C:\Users\USER\.stmcufinder\plugins\mcufinder
2026-02-22 00:20:11,313 [INFO] ApiDb:250 - Set database path to: C:\Users\USER\.stmcufinder\plugins\mcufinder//mcu/
2026-02-22 00:20:11,313 [WARN] DbFile:41 - Overriding database path with different value: C:\Users\USER\.stmcufinder\plugins\mcufinder/ => C:\Users\USER\.stmcufinder\plugins\mcufinder
2026-02-22 00:20:11,313 [INFO] DbMcusAds:125 - Set database path to: C:\Users\USER\.stmcufinder\plugins\mcufinder//mcu/
2026-02-22 00:20:11,313 [WARN] DbFile:41 - Overriding database path with different value: C:\Users\USER\.stmcufinder\plugins\mcufinder/ => C:\Users\USER\.stmcufinder\plugins\mcufinder
2026-02-22 00:20:11,313 [WARN] DbFile:41 - Overriding database path with different value: C:\Users\USER\.stmcufinder\plugins\mcufinder/ => C:\Users\USER\.stmcufinder\plugins\mcufinder
2026-02-22 00:20:11,313 [INFO] CrossReferenceDbSqlite:203 - Set database path to: C:\Users\USER\.stmcufinder\plugins\mcufinder//mcu/cs/
2026-02-22 00:20:11,361 [INFO] MainPanel:274 - HeapMemory: 268435456
2026-02-22 00:20:11,426 [INFO] DbMcusXml:78 - Set database path to: C:\ST\STM32CubeIDE_1.19.0\STM32CubeIDE\plugins\com.st.stm32cube.common.mx_6.15.0.202507011659\\db\/mcu/
2026-02-22 00:20:11,426 [INFO] ApiDb:274 - Set plugin database path to: C:\ST\STM32CubeIDE_1.19.0\STM32CubeIDE\plugins\com.st.stm32cube.common.mx_6.15.0.202507011659\\db\/plugins/boardmanager/
2026-02-22 00:20:11,426 [INFO] ApiDb:261 - Set plugin images path to: C:\ST\STM32CubeIDE_1.19.0\STM32CubeIDE\plugins\com.st.stm32cube.common.mx_6.15.0.202507011659\\db\/plugins/mcufinder/images/
2026-02-22 00:20:11,426 [WARN] DbFile:41 - Overriding database path with different value: C:\Users\USER\.stmcufinder\plugins\mcufinder/ => C:\Users\USER\.stmcufinder\plugins\mcufinder
2026-02-22 00:20:11,426 [INFO] ApiDb:250 - Set database path to: C:\Users\USER\.stmcufinder\plugins\mcufinder//mcu/
2026-02-22 00:20:11,426 [WARN] DbFile:41 - Overriding database path with different value: C:\Users\USER\.stmcufinder\plugins\mcufinder/ => C:\Users\USER\.stmcufinder\plugins\mcufinder
2026-02-22 00:20:11,426 [INFO] DbMcusAds:125 - Set database path to: C:\Users\USER\.stmcufinder\plugins\mcufinder//mcu/
2026-02-22 00:20:11,426 [WARN] DbFile:41 - Overriding database path with different value: C:\Users\USER\.stmcufinder\plugins\mcufinder/ => C:\Users\USER\.stmcufinder\plugins\mcufinder
2026-02-22 00:20:11,427 [WARN] DbFile:41 - Overriding database path with different value: C:\Users\USER\.stmcufinder\plugins\mcufinder/ => C:\Users\USER\.stmcufinder\plugins\mcufinder
2026-02-22 00:20:11,427 [INFO] CrossReferenceDbSqlite:203 - Set database path to: C:\Users\USER\.stmcufinder\plugins\mcufinder//mcu/cs/
2026-02-22 00:20:11,440 [INFO] ApplicationProperties:184 - Using Application install path: C:\ST\STM32CubeIDE_1.19.0\STM32CubeIDE\plugins\com.st.stm32cube.common.mx_6.15.0.202507011659
2026-02-22 00:20:11,441 [INFO] PluginManage:196 - Search for loadable plugins [exclusion list=, ]
2026-02-22 00:20:11,442 [INFO] PluginManage:310 - Check plugin analytics
2026-02-22 00:20:11,599 [INFO] AnalyticsPlugin:253 - Accepted Software Licenses: 
2026-02-22 00:20:11,600 [INFO] AnalyticsPlugin:255 - Accepted CMSIS Pack Licenses: 
2026-02-22 00:20:11,600 [INFO] AnalyticsPlugin:257 - Accepted Firmware Licenses: FW.F4.1.28.0
2026-02-22 00:20:11,601 [INFO] PluginManage:359 - Loaded plugin analytics (category:tool,tabindex:-1)
2026-02-22 00:20:11,601 [INFO] PluginManage:310 - Check plugin cadmodel
2026-02-22 00:20:11,605 [INFO] CADModel:105 - Init CAD model plugin
2026-02-22 00:20:11,605 [INFO] PluginManage:359 - Loaded plugin cadmodel (category:power,tabindex:5)
2026-02-22 00:20:11,605 [INFO] PluginManage:310 - Check plugin clock
2026-02-22 00:20:11,612 [INFO] PluginManage:359 - Loaded plugin clock (category:base,tabindex:2)
2026-02-22 00:20:11,613 [INFO] PluginManage:310 - Check plugin ddr
2026-02-22 00:20:11,614 [INFO] PluginManage:359 - Loaded plugin ddr (category:tool,tabindex:6)
2026-02-22 00:20:11,614 [INFO] PluginManage:310 - Check plugin filemanager
2026-02-22 00:20:11,722 [INFO] PluginManage:359 - Loaded plugin filemanager (category:base,tabindex:10)
2026-02-22 00:20:11,722 [INFO] PluginManage:310 - Check plugin ipmanager
2026-02-22 00:20:11,727 [INFO] PluginManage:359 - Loaded plugin ipmanager (category:base,tabindex:5)
2026-02-22 00:20:11,727 [INFO] PluginManage:310 - Check plugin lpbam
2026-02-22 00:20:11,733 [INFO] PluginManage:359 - Loaded plugin lpbam (category:base,tabindex:0)
2026-02-22 00:20:11,733 [INFO] PluginManage:310 - Check plugin memorymap
2026-02-22 00:20:11,741 [INFO] PluginManage:359 - Loaded plugin memorymap (category:base,tabindex:4)
2026-02-22 00:20:11,741 [INFO] PluginManage:310 - Check plugin pinoutandconfiguration
2026-02-22 00:20:11,745 [INFO] PluginManage:359 - Loaded plugin pinoutandconfiguration (category:base,tabindex:1)
2026-02-22 00:20:11,745 [INFO] PluginManage:310 - Check plugin pinoutconfig
2026-02-22 00:20:11,809 [WARN] SupportedApi:132 - Cannot load RTOS API schema: s4s-elt-must-match.1: The content of 'definitions' must match (annotation?, (simpleType | complexType)?, (unique | key | keyref)*)). A problem was found starting at: attribute.
2026-02-22 00:20:11,914 [INFO] PluginManage:359 - Loaded plugin pinoutconfig (category:base,tabindex:0)
2026-02-22 00:20:11,914 [INFO] PluginManage:310 - Check plugin power
2026-02-22 00:20:11,925 [INFO] PluginManage:359 - Loaded plugin power (category:power,tabindex:4)
2026-02-22 00:20:11,925 [INFO] PluginManage:310 - Check plugin projectmanager
2026-02-22 00:20:11,941 [INFO] PluginManage:359 - Loaded plugin projectmanager (category:projectmanager,tabindex:4)
2026-02-22 00:20:11,941 [INFO] PluginManage:310 - Check plugin rif
2026-02-22 00:20:11,950 [INFO] PluginManage:359 - Loaded plugin rif (category:base,tabindex:3)
2026-02-22 00:20:11,950 [INFO] PluginManage:310 - Check plugin thirdparty
2026-02-22 00:20:12,044 [WARN] IntegrityCheckThread:84 - waiting for thirdparty lock release [integrity check]
2026-02-22 00:20:12,044 [INFO] IntegrityCheckThread:86 - entering critical section [integrity check]
2026-02-22 00:20:12,044 [INFO] PluginManage:359 - Loaded plugin thirdparty (category:base,tabindex:-1)
2026-02-22 00:20:12,044 [INFO] PluginManage:310 - Check plugin tools
2026-02-22 00:20:12,046 [INFO] ThirdPartyUpdaterWithRetryManager:70 - Updater plugin not ready yet. [1/15]
2026-02-22 00:20:12,047 [INFO] PluginManage:359 - Loaded plugin tools (category:base,tabindex:7)
2026-02-22 00:20:12,047 [INFO] PluginManage:310 - Check plugin tutovideos
2026-02-22 00:20:12,235 [INFO] PluginManage:359 - Loaded plugin tutovideos (category:base,tabindex:-1)
2026-02-22 00:20:12,235 [INFO] PluginManage:310 - Check plugin updater
2026-02-22 00:20:12,251 [INFO] PluginManage:359 - Loaded plugin updater (category:base,tabindex:12)
2026-02-22 00:20:12,252 [INFO] PluginManage:310 - Check plugin userauth
2026-02-22 00:20:12,255 [INFO] UserAuth:118 - Init User Auth plugin
2026-02-22 00:20:12,255 [INFO] PluginManage:359 - Loaded plugin userauth (category:base,tabindex:14)
2026-02-22 00:20:12,257 [INFO] PluginManage:283 - PluginManage : Loaded plugins [18]
2026-02-22 00:20:12,476 [INFO] PinOutPanel:1589 - setPackage(No Configuration,No Configuration)
2026-02-22 00:20:12,568 [INFO] CADModel:165 - CPN selected for project level
2026-02-22 00:20:12,568 [INFO] CADModel:114 - Register for checkConnection events
2026-02-22 00:20:12,582 [INFO] IPUIPlugin:80 - create IPUIPlugin
2026-02-22 00:20:12,583 [INFO] PluginManager:220 - loadIPPluginJar : add adc
2026-02-22 00:20:12,584 [INFO] IPUIPlugin:80 - create IPUIPlugin
2026-02-22 00:20:12,584 [INFO] PluginManager:220 - loadIPPluginJar : add aes
2026-02-22 00:20:12,586 [INFO] IPUIPlugin:80 - create IPUIPlugin
2026-02-22 00:20:12,587 [INFO] PluginManager:220 - loadIPPluginJar : add can
2026-02-22 00:20:12,588 [INFO] IPUIPlugin:80 - create IPUIPlugin
2026-02-22 00:20:12,588 [INFO] PluginManager:220 - loadIPPluginJar : add comp
2026-02-22 00:20:12,591 [INFO] IPUIPlugin:80 - create IPUIPlugin
2026-02-22 00:20:12,591 [INFO] PluginManager:220 - loadIPPluginJar : add cryp
2026-02-22 00:20:12,593 [INFO] IPUIPlugin:80 - create IPUIPlugin
2026-02-22 00:20:12,594 [INFO] PluginManager:220 - loadIPPluginJar : add ddr_ctrl_phy
2026-02-22 00:20:12,596 [INFO] IPUIPlugin:80 - create IPUIPlugin
2026-02-22 00:20:12,596 [INFO] PluginManager:220 - loadIPPluginJar : add dfsdm
2026-02-22 00:20:12,601 [INFO] IPUIPlugin:80 - create IPUIPlugin
2026-02-22 00:20:12,601 [INFO] PluginManager:220 - loadIPPluginJar : add dma
2026-02-22 00:20:12,603 [INFO] IPUIPlugin:80 - create IPUIPlugin
2026-02-22 00:20:12,603 [INFO] PluginManager:220 - loadIPPluginJar : add dma3
2026-02-22 00:20:12,607 [INFO] IPUIPlugin:80 - create IPUIPlugin
2026-02-22 00:20:12,607 [INFO] PluginManager:220 - loadIPPluginJar : add extmemmanager
2026-02-22 00:20:12,608 [INFO] IPUIPlugin:80 - create IPUIPlugin
2026-02-22 00:20:12,608 [INFO] PluginManager:220 - loadIPPluginJar : add fatfs
2026-02-22 00:20:12,613 [INFO] IPUIPlugin:80 - create IPUIPlugin
2026-02-22 00:20:12,613 [INFO] PluginManager:220 - loadIPPluginJar : add fmc
2026-02-22 00:20:12,618 [INFO] IPUIPlugin:80 - create IPUIPlugin
2026-02-22 00:20:12,619 [INFO] PluginManager:220 - loadIPPluginJar : add freertos
2026-02-22 00:20:12,620 [INFO] IPUIPlugin:80 - create IPUIPlugin
2026-02-22 00:20:12,620 [INFO] PluginManager:220 - loadIPPluginJar : add genericplugin
2026-02-22 00:20:12,621 [INFO] IPUIPlugin:80 - create IPUIPlugin
2026-02-22 00:20:12,622 [INFO] PluginManager:220 - loadIPPluginJar : add gfxmmu
2026-02-22 00:20:12,626 [INFO] IPUIPlugin:80 - create IPUIPlugin
2026-02-22 00:20:12,626 [INFO] PluginManager:220 - loadIPPluginJar : add gic
2026-02-22 00:20:12,629 [INFO] IPUIPlugin:80 - create IPUIPlugin
2026-02-22 00:20:12,630 [INFO] PluginManager:220 - loadIPPluginJar : add gpio
2026-02-22 00:20:12,633 [INFO] IPUIPlugin:80 - create IPUIPlugin
2026-02-22 00:20:12,633 [INFO] PluginManager:220 - loadIPPluginJar : add gtzc
2026-02-22 00:20:12,635 [INFO] IPUIPlugin:80 - create IPUIPlugin
2026-02-22 00:20:12,635 [INFO] PluginManager:220 - loadIPPluginJar : add hash
2026-02-22 00:20:12,637 [INFO] IPUIPlugin:80 - create IPUIPlugin
2026-02-22 00:20:12,637 [INFO] PluginManager:220 - loadIPPluginJar : add i2c
2026-02-22 00:20:12,638 [INFO] IPUIPlugin:80 - create IPUIPlugin
2026-02-22 00:20:12,639 [INFO] PluginManager:220 - loadIPPluginJar : add i2s
2026-02-22 00:20:12,641 [INFO] IPUIPlugin:80 - create IPUIPlugin
2026-02-22 00:20:12,641 [INFO] PluginManager:220 - loadIPPluginJar : add i3c
2026-02-22 00:20:12,643 [INFO] IPUIPlugin:80 - create IPUIPlugin
2026-02-22 00:20:12,643 [INFO] PluginManager:220 - loadIPPluginJar : add ipddr
2026-02-22 00:20:12,649 [INFO] IPUIPlugin:80 - create IPUIPlugin
2026-02-22 00:20:12,649 [INFO] PluginManager:220 - loadIPPluginJar : add linkedlist
2026-02-22 00:20:12,651 [INFO] IPUIPlugin:80 - create IPUIPlugin
2026-02-22 00:20:12,651 [INFO] PluginManager:220 - loadIPPluginJar : add lorawan
2026-02-22 00:20:12,652 [INFO] IPUIPlugin:80 - create IPUIPlugin
2026-02-22 00:20:12,652 [INFO] PluginManager:220 - loadIPPluginJar : add ltdc
2026-02-22 00:20:12,659 [INFO] IPUIPlugin:80 - create IPUIPlugin
2026-02-22 00:20:12,659 [INFO] PluginManager:220 - loadIPPluginJar : add mdma
2026-02-22 00:20:12,662 [INFO] IPUIPlugin:80 - create IPUIPlugin
2026-02-22 00:20:12,663 [INFO] PluginManager:220 - loadIPPluginJar : add nvic
2026-02-22 00:20:12,665 [INFO] IPUIPlugin:80 - create IPUIPlugin
2026-02-22 00:20:12,665 [INFO] PluginManager:220 - loadIPPluginJar : add opamp
2026-02-22 00:20:12,668 [INFO] IPUIPlugin:80 - create IPUIPlugin
2026-02-22 00:20:12,668 [INFO] PluginManager:220 - loadIPPluginJar : add openamp
2026-02-22 00:20:12,670 [INFO] IPUIPlugin:80 - create IPUIPlugin
2026-02-22 00:20:12,670 [INFO] PluginManager:220 - loadIPPluginJar : add pdm2pcm
2026-02-22 00:20:12,676 [INFO] IPUIPlugin:80 - create IPUIPlugin
2026-02-22 00:20:12,679 [INFO] PluginManager:220 - loadIPPluginJar : add plateformsettings
2026-02-22 00:20:12,680 [INFO] IPUIPlugin:80 - create IPUIPlugin
2026-02-22 00:20:12,680 [INFO] PluginManager:220 - loadIPPluginJar : add quadspi
2026-02-22 00:20:12,682 [INFO] IPUIPlugin:80 - create IPUIPlugin
2026-02-22 00:20:12,683 [INFO] PluginManager:220 - loadIPPluginJar : add radio
2026-02-22 00:20:12,685 [INFO] IPUIPlugin:80 - create IPUIPlugin
2026-02-22 00:20:12,685 [INFO] PluginManager:220 - loadIPPluginJar : add resmgrutility
2026-02-22 00:20:12,688 [INFO] IPUIPlugin:80 - create IPUIPlugin
2026-02-22 00:20:12,688 [INFO] PluginManager:220 - loadIPPluginJar : add sai
2026-02-22 00:20:12,691 [INFO] IPUIPlugin:80 - create IPUIPlugin
2026-02-22 00:20:12,691 [INFO] PluginManager:220 - loadIPPluginJar : add spi
2026-02-22 00:20:12,697 [INFO] IPUIPlugin:80 - create IPUIPlugin
2026-02-22 00:20:12,697 [INFO] PluginManager:220 - loadIPPluginJar : add stm32_wpan
2026-02-22 00:20:12,698 [INFO] IPUIPlugin:80 - create IPUIPlugin
2026-02-22 00:20:12,698 [INFO] PluginManager:220 - loadIPPluginJar : add tim
2026-02-22 00:20:12,700 [INFO] IPUIPlugin:80 - create IPUIPlugin
2026-02-22 00:20:12,702 [INFO] PluginManager:220 - loadIPPluginJar : add touchsensing
2026-02-22 00:20:12,703 [INFO] IPUIPlugin:80 - create IPUIPlugin
2026-02-22 00:20:12,703 [INFO] PluginManager:220 - loadIPPluginJar : add tracer_emb
2026-02-22 00:20:12,705 [INFO] IPUIPlugin:80 - create IPUIPlugin
2026-02-22 00:20:12,705 [INFO] PluginManager:220 - loadIPPluginJar : add ts
2026-02-22 00:20:12,706 [INFO] IPUIPlugin:80 - create IPUIPlugin
2026-02-22 00:20:12,706 [INFO] PluginManager:220 - loadIPPluginJar : add tsc
2026-02-22 00:20:12,708 [INFO] IPUIPlugin:80 - create IPUIPlugin
2026-02-22 00:20:12,709 [INFO] PluginManager:220 - loadIPPluginJar : add ucpd
2026-02-22 00:20:12,712 [INFO] IPUIPlugin:80 - create IPUIPlugin
2026-02-22 00:20:12,712 [INFO] PluginManager:220 - loadIPPluginJar : add usart
2026-02-22 00:20:12,714 [INFO] IPUIPlugin:80 - create IPUIPlugin
2026-02-22 00:20:12,715 [INFO] PluginManager:220 - loadIPPluginJar : add usbx
2026-02-22 00:20:12,828 [FATAL] Updater:351 - Updater called before beeing initialized
2026-02-22 00:20:12,849 [INFO] RulesReader:64 - Compatibility file has been processed (317 Rules)
2026-02-22 00:20:12,856 [INFO] RulesReader:64 - Compatibility file has been processed (317 Rules)
2026-02-22 00:20:12,862 [INFO] CADModel:165 - CPN selected for project level
2026-02-22 00:20:12,862 [INFO] CADModel:114 - Register for checkConnection events
2026-02-22 00:20:12,862 [FATAL] Updater:351 - Updater called before beeing initialized
2026-02-22 00:20:12,862 [ERROR] CADModel:125 - Updater not yet initialized, retry later 
2026-02-22 00:21:09,888 [INFO] Activator:176 - 


2026-02-22 00:21:09,890 [INFO] Activator:177 - !SESSION log4j initialized
2026-02-22 00:21:14,173 [INFO] LogOutputStream:77 - [STDOUT_REDIRECT] 
2026-02-22 00:21:15,109 [INFO] ApplicationProperties:184 - Using Application install path: C:\ST\STM32CubeIDE_1.19.0\STM32CubeIDE\plugins\com.st.stm32cube.common.mx_6.15.0.202507011659
2026-02-22 00:21:15,123 [INFO] DbMcusXml:78 - Set database path to: C:\ST\STM32CubeIDE_1.19.0\STM32CubeIDE\plugins\com.st.stm32cube.common.mx_6.15.0.202507011659\\db\/mcu/
2026-02-22 00:21:15,123 [INFO] ApiDb:274 - Set plugin database path to: C:\ST\STM32CubeIDE_1.19.0\STM32CubeIDE\plugins\com.st.stm32cube.common.mx_6.15.0.202507011659\\db\/plugins/boardmanager/
2026-02-22 00:21:15,123 [WARN] ApiDb:259 - Overriding images path with different value:  => C:\ST\STM32CubeIDE_1.19.0\STM32CubeIDE\plugins\com.st.stm32cube.common.mx_6.15.0.202507011659\\db\/plugins/mcufinder/images/
2026-02-22 00:21:15,126 [INFO] ApiDb:250 - Set database path to: C:\Users\USER\.stmcufinder\plugins\mcufinder//mcu/
2026-02-22 00:21:15,127 [INFO] DbMcusAds:125 - Set database path to: C:\Users\USER\.stmcufinder\plugins\mcufinder//mcu/
2026-02-22 00:21:15,128 [INFO] CrossReferenceDbSqlite:203 - Set database path to: C:\Users\USER\.stmcufinder\plugins\mcufinder//mcu/cs/
2026-02-22 00:21:15,210 [INFO] RulesReader:64 - Compatibility file has been processed (317 Rules)
2026-02-22 00:21:15,263 [INFO] DbMcusXml:78 - Set database path to: C:\ST\STM32CubeIDE_1.19.0\STM32CubeIDE\plugins\com.st.stm32cube.common.mx_6.15.0.202507011659\\db\/mcu/
2026-02-22 00:21:15,263 [INFO] ApiDb:274 - Set plugin database path to: C:\ST\STM32CubeIDE_1.19.0\STM32CubeIDE\plugins\com.st.stm32cube.common.mx_6.15.0.202507011659\\db\/plugins/boardmanager/
2026-02-22 00:21:15,263 [INFO] ApiDb:261 - Set plugin images path to: C:\ST\STM32CubeIDE_1.19.0\STM32CubeIDE\plugins\com.st.stm32cube.common.mx_6.15.0.202507011659\\db\/plugins/mcufinder/images/
2026-02-22 00:21:15,263 [WARN] DbFile:41 - Overriding database path with different value: C:\Users\USER\.stmcufinder\plugins\mcufinder/ => C:\Users\USER\.stmcufinder\plugins\mcufinder
2026-02-22 00:21:15,263 [INFO] ApiDb:250 - Set database path to: C:\Users\USER\.stmcufinder\plugins\mcufinder//mcu/
2026-02-22 00:21:15,263 [WARN] DbFile:41 - Overriding database path with different value: C:\Users\USER\.stmcufinder\plugins\mcufinder/ => C:\Users\USER\.stmcufinder\plugins\mcufinder
2026-02-22 00:21:15,263 [INFO] DbMcusAds:125 - Set database path to: C:\Users\USER\.stmcufinder\plugins\mcufinder//mcu/
2026-02-22 00:21:15,263 [WARN] DbFile:41 - Overriding database path with different value: C:\Users\USER\.stmcufinder\plugins\mcufinder/ => C:\Users\USER\.stmcufinder\plugins\mcufinder
2026-02-22 00:21:15,263 [WARN] DbFile:41 - Overriding database path with different value: C:\Users\USER\.stmcufinder\plugins\mcufinder/ => C:\Users\USER\.stmcufinder\plugins\mcufinder
2026-02-22 00:21:15,263 [INFO] CrossReferenceDbSqlite:203 - Set database path to: C:\Users\USER\.stmcufinder\plugins\mcufinder//mcu/cs/
2026-02-22 00:21:15,309 [INFO] MainPanel:274 - HeapMemory: 268435456
2026-02-22 00:21:15,371 [INFO] DbMcusXml:78 - Set database path to: C:\ST\STM32CubeIDE_1.19.0\STM32CubeIDE\plugins\com.st.stm32cube.common.mx_6.15.0.202507011659\\db\/mcu/
2026-02-22 00:21:15,371 [INFO] ApiDb:274 - Set plugin database path to: C:\ST\STM32CubeIDE_1.19.0\STM32CubeIDE\plugins\com.st.stm32cube.common.mx_6.15.0.202507011659\\db\/plugins/boardmanager/
2026-02-22 00:21:15,371 [INFO] ApiDb:261 - Set plugin images path to: C:\ST\STM32CubeIDE_1.19.0\STM32CubeIDE\plugins\com.st.stm32cube.common.mx_6.15.0.202507011659\\db\/plugins/mcufinder/images/
2026-02-22 00:21:15,371 [WARN] DbFile:41 - Overriding database path with different value: C:\Users\USER\.stmcufinder\plugins\mcufinder/ => C:\Users\USER\.stmcufinder\plugins\mcufinder
2026-02-22 00:21:15,371 [INFO] ApiDb:250 - Set database path to: C:\Users\USER\.stmcufinder\plugins\mcufinder//mcu/
2026-02-22 00:21:15,371 [WARN] DbFile:41 - Overriding database path with different value: C:\Users\USER\.stmcufinder\plugins\mcufinder/ => C:\Users\USER\.stmcufinder\plugins\mcufinder
2026-02-22 00:21:15,371 [INFO] DbMcusAds:125 - Set database path to: C:\Users\USER\.stmcufinder\plugins\mcufinder//mcu/
2026-02-22 00:21:15,371 [WARN] DbFile:41 - Overriding database path with different value: C:\Users\USER\.stmcufinder\plugins\mcufinder/ => C:\Users\USER\.stmcufinder\plugins\mcufinder
2026-02-22 00:21:15,371 [WARN] DbFile:41 - Overriding database path with different value: C:\Users\USER\.stmcufinder\plugins\mcufinder/ => C:\Users\USER\.stmcufinder\plugins\mcufinder
2026-02-22 00:21:15,372 [INFO] CrossReferenceDbSqlite:203 - Set database path to: C:\Users\USER\.stmcufinder\plugins\mcufinder//mcu/cs/
2026-02-22 00:21:15,384 [INFO] ApplicationProperties:184 - Using Application install path: C:\ST\STM32CubeIDE_1.19.0\STM32CubeIDE\plugins\com.st.stm32cube.common.mx_6.15.0.202507011659
2026-02-22 00:21:15,386 [INFO] PluginManage:196 - Search for loadable plugins [exclusion list=, ]
2026-02-22 00:21:15,386 [INFO] PluginManage:310 - Check plugin analytics
2026-02-22 00:21:15,533 [INFO] AnalyticsPlugin:253 - Accepted Software Licenses: 
2026-02-22 00:21:15,533 [INFO] AnalyticsPlugin:255 - Accepted CMSIS Pack Licenses: 
2026-02-22 00:21:15,533 [INFO] AnalyticsPlugin:257 - Accepted Firmware Licenses: FW.F4.1.28.0
2026-02-22 00:21:15,535 [INFO] PluginManage:359 - Loaded plugin analytics (category:tool,tabindex:-1)
2026-02-22 00:21:15,536 [INFO] PluginManage:310 - Check plugin cadmodel
2026-02-22 00:21:15,538 [INFO] CADModel:105 - Init CAD model plugin
2026-02-22 00:21:15,539 [INFO] PluginManage:359 - Loaded plugin cadmodel (category:power,tabindex:5)
2026-02-22 00:21:15,539 [INFO] PluginManage:310 - Check plugin clock
2026-02-22 00:21:15,545 [INFO] PluginManage:359 - Loaded plugin clock (category:base,tabindex:2)
2026-02-22 00:21:15,545 [INFO] PluginManage:310 - Check plugin ddr
2026-02-22 00:21:15,547 [INFO] PluginManage:359 - Loaded plugin ddr (category:tool,tabindex:6)
2026-02-22 00:21:15,547 [INFO] PluginManage:310 - Check plugin filemanager
2026-02-22 00:21:15,661 [INFO] PluginManage:359 - Loaded plugin filemanager (category:base,tabindex:10)
2026-02-22 00:21:15,661 [INFO] PluginManage:310 - Check plugin ipmanager
2026-02-22 00:21:15,665 [INFO] PluginManage:359 - Loaded plugin ipmanager (category:base,tabindex:5)
2026-02-22 00:21:15,665 [INFO] PluginManage:310 - Check plugin lpbam
2026-02-22 00:21:15,671 [INFO] PluginManage:359 - Loaded plugin lpbam (category:base,tabindex:0)
2026-02-22 00:21:15,671 [INFO] PluginManage:310 - Check plugin memorymap
2026-02-22 00:21:15,680 [INFO] PluginManage:359 - Loaded plugin memorymap (category:base,tabindex:4)
2026-02-22 00:21:15,680 [INFO] PluginManage:310 - Check plugin pinoutandconfiguration
2026-02-22 00:21:15,685 [INFO] PluginManage:359 - Loaded plugin pinoutandconfiguration (category:base,tabindex:1)
2026-02-22 00:21:15,685 [INFO] PluginManage:310 - Check plugin pinoutconfig
2026-02-22 00:21:15,753 [WARN] SupportedApi:132 - Cannot load RTOS API schema: s4s-elt-must-match.1: The content of 'definitions' must match (annotation?, (simpleType | complexType)?, (unique | key | keyref)*)). A problem was found starting at: attribute.
2026-02-22 00:21:15,854 [INFO] PluginManage:359 - Loaded plugin pinoutconfig (category:base,tabindex:0)
2026-02-22 00:21:15,854 [INFO] PluginManage:310 - Check plugin power
2026-02-22 00:21:15,860 [INFO] PluginManage:359 - Loaded plugin power (category:power,tabindex:4)
2026-02-22 00:21:15,860 [INFO] PluginManage:310 - Check plugin projectmanager
2026-02-22 00:21:15,872 [INFO] PluginManage:359 - Loaded plugin projectmanager (category:projectmanager,tabindex:4)
2026-02-22 00:21:15,872 [INFO] PluginManage:310 - Check plugin rif
2026-02-22 00:21:15,877 [INFO] PluginManage:359 - Loaded plugin rif (category:base,tabindex:3)
2026-02-22 00:21:15,877 [INFO] PluginManage:310 - Check plugin thirdparty
2026-02-22 00:21:15,977 [INFO] PluginManage:359 - Loaded plugin thirdparty (category:base,tabindex:-1)
2026-02-22 00:21:15,977 [INFO] PluginManage:310 - Check plugin tools
2026-02-22 00:21:15,977 [WARN] IntegrityCheckThread:84 - waiting for thirdparty lock release [integrity check]
2026-02-22 00:21:15,977 [INFO] IntegrityCheckThread:86 - entering critical section [integrity check]
2026-02-22 00:21:15,977 [INFO] ThirdPartyUpdaterWithRetryManager:70 - Updater plugin not ready yet. [1/15]
2026-02-22 00:21:15,979 [INFO] PluginManage:359 - Loaded plugin tools (category:base,tabindex:7)
2026-02-22 00:21:15,979 [INFO] PluginManage:310 - Check plugin tutovideos
2026-02-22 00:21:16,151 [INFO] PluginManage:359 - Loaded plugin tutovideos (category:base,tabindex:-1)
2026-02-22 00:21:16,151 [INFO] PluginManage:310 - Check plugin updater
2026-02-22 00:21:16,166 [INFO] PluginManage:359 - Loaded plugin updater (category:base,tabindex:12)
2026-02-22 00:21:16,166 [INFO] PluginManage:310 - Check plugin userauth
2026-02-22 00:21:16,170 [INFO] UserAuth:118 - Init User Auth plugin
2026-02-22 00:21:16,170 [INFO] PluginManage:359 - Loaded plugin userauth (category:base,tabindex:14)
2026-02-22 00:21:16,171 [INFO] PluginManage:283 - PluginManage : Loaded plugins [18]
2026-02-22 00:21:16,324 [INFO] PinOutPanel:1589 - setPackage(No Configuration,No Configuration)
2026-02-22 00:21:16,390 [INFO] CADModel:165 - CPN selected for project level
2026-02-22 00:21:16,390 [INFO] CADModel:114 - Register for checkConnection events
2026-02-22 00:21:16,402 [INFO] IPUIPlugin:80 - create IPUIPlugin
2026-02-22 00:21:16,402 [INFO] PluginManager:220 - loadIPPluginJar : add adc
2026-02-22 00:21:16,405 [INFO] IPUIPlugin:80 - create IPUIPlugin
2026-02-22 00:21:16,405 [INFO] PluginManager:220 - loadIPPluginJar : add aes
2026-02-22 00:21:16,407 [INFO] IPUIPlugin:80 - create IPUIPlugin
2026-02-22 00:21:16,407 [INFO] PluginManager:220 - loadIPPluginJar : add can
2026-02-22 00:21:16,408 [INFO] IPUIPlugin:80 - create IPUIPlugin
2026-02-22 00:21:16,409 [INFO] PluginManager:220 - loadIPPluginJar : add comp
2026-02-22 00:21:16,410 [INFO] IPUIPlugin:80 - create IPUIPlugin
2026-02-22 00:21:16,410 [INFO] PluginManager:220 - loadIPPluginJar : add cryp
2026-02-22 00:21:16,413 [INFO] IPUIPlugin:80 - create IPUIPlugin
2026-02-22 00:21:16,413 [INFO] PluginManager:220 - loadIPPluginJar : add ddr_ctrl_phy
2026-02-22 00:21:16,414 [INFO] IPUIPlugin:80 - create IPUIPlugin
2026-02-22 00:21:16,414 [INFO] PluginManager:220 - loadIPPluginJar : add dfsdm
2026-02-22 00:21:16,418 [INFO] IPUIPlugin:80 - create IPUIPlugin
2026-02-22 00:21:16,418 [INFO] PluginManager:220 - loadIPPluginJar : add dma
2026-02-22 00:21:16,421 [INFO] IPUIPlugin:80 - create IPUIPlugin
2026-02-22 00:21:16,421 [INFO] PluginManager:220 - loadIPPluginJar : add dma3
2026-02-22 00:21:16,423 [INFO] IPUIPlugin:80 - create IPUIPlugin
2026-02-22 00:21:16,423 [INFO] PluginManager:220 - loadIPPluginJar : add extmemmanager
2026-02-22 00:21:16,424 [INFO] IPUIPlugin:80 - create IPUIPlugin
2026-02-22 00:21:16,424 [INFO] PluginManager:220 - loadIPPluginJar : add fatfs
2026-02-22 00:21:16,427 [INFO] IPUIPlugin:80 - create IPUIPlugin
2026-02-22 00:21:16,427 [INFO] PluginManager:220 - loadIPPluginJar : add fmc
2026-02-22 00:21:16,431 [INFO] IPUIPlugin:80 - create IPUIPlugin
2026-02-22 00:21:16,431 [INFO] PluginManager:220 - loadIPPluginJar : add freertos
2026-02-22 00:21:16,432 [INFO] IPUIPlugin:80 - create IPUIPlugin
2026-02-22 00:21:16,432 [INFO] PluginManager:220 - loadIPPluginJar : add genericplugin
2026-02-22 00:21:16,433 [INFO] IPUIPlugin:80 - create IPUIPlugin
2026-02-22 00:21:16,433 [INFO] PluginManager:220 - loadIPPluginJar : add gfxmmu
2026-02-22 00:21:16,436 [INFO] IPUIPlugin:80 - create IPUIPlugin
2026-02-22 00:21:16,436 [INFO] PluginManager:220 - loadIPPluginJar : add gic
2026-02-22 00:21:16,438 [INFO] IPUIPlugin:80 - create IPUIPlugin
2026-02-22 00:21:16,439 [INFO] PluginManager:220 - loadIPPluginJar : add gpio
2026-02-22 00:21:16,440 [INFO] IPUIPlugin:80 - create IPUIPlugin
2026-02-22 00:21:16,440 [INFO] PluginManager:220 - loadIPPluginJar : add gtzc
2026-02-22 00:21:16,443 [INFO] IPUIPlugin:80 - create IPUIPlugin
2026-02-22 00:21:16,443 [INFO] PluginManager:220 - loadIPPluginJar : add hash
2026-02-22 00:21:16,444 [INFO] IPUIPlugin:80 - create IPUIPlugin
2026-02-22 00:21:16,444 [INFO] PluginManager:220 - loadIPPluginJar : add i2c
2026-02-22 00:21:16,446 [INFO] IPUIPlugin:80 - create IPUIPlugin
2026-02-22 00:21:16,446 [INFO] PluginManager:220 - loadIPPluginJar : add i2s
2026-02-22 00:21:16,448 [INFO] IPUIPlugin:80 - create IPUIPlugin
2026-02-22 00:21:16,448 [INFO] PluginManager:220 - loadIPPluginJar : add i3c
2026-02-22 00:21:16,450 [INFO] IPUIPlugin:80 - create IPUIPlugin
2026-02-22 00:21:16,450 [INFO] PluginManager:220 - loadIPPluginJar : add ipddr
2026-02-22 00:21:16,454 [INFO] IPUIPlugin:80 - create IPUIPlugin
2026-02-22 00:21:16,454 [INFO] PluginManager:220 - loadIPPluginJar : add linkedlist
2026-02-22 00:21:16,456 [INFO] IPUIPlugin:80 - create IPUIPlugin
2026-02-22 00:21:16,456 [INFO] PluginManager:220 - loadIPPluginJar : add lorawan
2026-02-22 00:21:16,457 [INFO] IPUIPlugin:80 - create IPUIPlugin
2026-02-22 00:21:16,457 [INFO] PluginManager:220 - loadIPPluginJar : add ltdc
2026-02-22 00:21:16,462 [INFO] IPUIPlugin:80 - create IPUIPlugin
2026-02-22 00:21:16,462 [INFO] PluginManager:220 - loadIPPluginJar : add mdma
2026-02-22 00:21:16,464 [INFO] IPUIPlugin:80 - create IPUIPlugin
2026-02-22 00:21:16,464 [INFO] PluginManager:220 - loadIPPluginJar : add nvic
2026-02-22 00:21:16,466 [INFO] IPUIPlugin:80 - create IPUIPlugin
2026-02-22 00:21:16,467 [INFO] PluginManager:220 - loadIPPluginJar : add opamp
2026-02-22 00:21:16,468 [INFO] IPUIPlugin:80 - create IPUIPlugin
2026-02-22 00:21:16,469 [INFO] PluginManager:220 - loadIPPluginJar : add openamp
2026-02-22 00:21:16,471 [INFO] IPUIPlugin:80 - create IPUIPlugin
2026-02-22 00:21:16,471 [INFO] PluginManager:220 - loadIPPluginJar : add pdm2pcm
2026-02-22 00:21:16,475 [INFO] IPUIPlugin:80 - create IPUIPlugin
2026-02-22 00:21:16,477 [INFO] PluginManager:220 - loadIPPluginJar : add plateformsettings
2026-02-22 00:21:16,479 [INFO] IPUIPlugin:80 - create IPUIPlugin
2026-02-22 00:21:16,479 [INFO] PluginManager:220 - loadIPPluginJar : add quadspi
2026-02-22 00:21:16,480 [INFO] IPUIPlugin:80 - create IPUIPlugin
2026-02-22 00:21:16,481 [INFO] PluginManager:220 - loadIPPluginJar : add radio
2026-02-22 00:21:16,483 [INFO] IPUIPlugin:80 - create IPUIPlugin
2026-02-22 00:21:16,483 [INFO] PluginManager:220 - loadIPPluginJar : add resmgrutility
2026-02-22 00:21:16,485 [INFO] IPUIPlugin:80 - create IPUIPlugin
2026-02-22 00:21:16,485 [INFO] PluginManager:220 - loadIPPluginJar : add sai
2026-02-22 00:21:16,486 [INFO] IPUIPlugin:80 - create IPUIPlugin
2026-02-22 00:21:16,486 [INFO] PluginManager:220 - loadIPPluginJar : add spi
2026-02-22 00:21:16,491 [INFO] IPUIPlugin:80 - create IPUIPlugin
2026-02-22 00:21:16,491 [INFO] PluginManager:220 - loadIPPluginJar : add stm32_wpan
2026-02-22 00:21:16,493 [INFO] IPUIPlugin:80 - create IPUIPlugin
2026-02-22 00:21:16,493 [INFO] PluginManager:220 - loadIPPluginJar : add tim
2026-02-22 00:21:16,496 [INFO] IPUIPlugin:80 - create IPUIPlugin
2026-02-22 00:21:16,496 [INFO] PluginManager:220 - loadIPPluginJar : add touchsensing
2026-02-22 00:21:16,498 [INFO] IPUIPlugin:80 - create IPUIPlugin
2026-02-22 00:21:16,498 [INFO] PluginManager:220 - loadIPPluginJar : add tracer_emb
2026-02-22 00:21:16,500 [INFO] IPUIPlugin:80 - create IPUIPlugin
2026-02-22 00:21:16,500 [INFO] PluginManager:220 - loadIPPluginJar : add ts
2026-02-22 00:21:16,501 [INFO] IPUIPlugin:80 - create IPUIPlugin
2026-02-22 00:21:16,501 [INFO] PluginManager:220 - loadIPPluginJar : add tsc
2026-02-22 00:21:16,502 [INFO] IPUIPlugin:80 - create IPUIPlugin
2026-02-22 00:21:16,502 [INFO] PluginManager:220 - loadIPPluginJar : add ucpd
2026-02-22 00:21:16,505 [INFO] IPUIPlugin:80 - create IPUIPlugin
2026-02-22 00:21:16,505 [INFO] PluginManager:220 - loadIPPluginJar : add usart
2026-02-22 00:21:16,507 [INFO] IPUIPlugin:80 - create IPUIPlugin
2026-02-22 00:21:16,507 [INFO] PluginManager:220 - loadIPPluginJar : add usbx
2026-02-22 00:21:16,620 [FATAL] Updater:351 - Updater called before beeing initialized
2026-02-22 00:21:16,642 [INFO] RulesReader:64 - Compatibility file has been processed (317 Rules)
2026-02-22 00:21:16,650 [INFO] RulesReader:64 - Compatibility file has been processed (317 Rules)
2026-02-22 00:21:16,656 [INFO] CADModel:165 - CPN selected for project level
2026-02-22 00:21:16,656 [INFO] CADModel:114 - Register for checkConnection events
2026-02-22 00:21:16,656 [FATAL] Updater:351 - Updater called before beeing initialized
2026-02-22 00:21:16,656 [ERROR] CADModel:125 - Updater not yet initialized, retry later 
2026-02-22 00:21:16,784 [FATAL] Updater:351 - Updater called before beeing initialized
2026-02-22 00:21:16,786 [INFO] CADModel:165 - CPN selected for project level
2026-02-22 00:21:16,786 [INFO] CADModel:114 - Register for checkConnection events
2026-02-22 00:21:16,786 [FATAL] Updater:351 - Updater called before beeing initialized
2026-02-22 00:21:16,786 [ERROR] CADModel:125 - Updater not yet initialized, retry later 
2026-02-22 00:21:16,790 [FATAL] Updater:351 - Updater called before beeing initialized
2026-02-22 00:21:16,900 [FATAL] Updater:351 - Updater called before beeing initialized
2026-02-22 00:21:16,904 [INFO] DbMcusAds:53 - JSON generation date=Tue Feb 10 21:16:36 KST 2026 (1770725796209)
2026-02-22 00:21:16,904 [FATAL] Updater:351 - Updater called before beeing initialized
2026-02-22 00:21:16,932 [WARN] DetailPanel:346 - Failed to get advertising image, set to default
2026-02-22 00:21:17,002 [FATAL] Updater:351 - Updater called before beeing initialized
2026-02-22 00:21:17,003 [FATAL] Updater:351 - Updater called before beeing initialized
2026-02-22 00:21:17,003 [FATAL] Updater:351 - Updater called before beeing initialized
2026-02-22 00:21:17,003 [WARN] DetailPanel:346 - Failed to get advertising image, set to default
2026-02-22 00:21:17,003 [FATAL] Updater:351 - Updater called before beeing initialized
2026-02-22 00:21:17,036 [ERROR] Updater:1198 - MainUpdater not yet initialized. External WinMGr cannot be set.
2026-02-22 00:21:17,037 [INFO] Updater:1134 - Updater Version found : 6.15.0
2026-02-22 00:21:17,049 [INFO] ApplicationProperties:184 - Using Application install path: C:\ST\STM32CubeIDE_1.19.0\STM32CubeIDE\plugins\com.st.stm32cube.common.mx_6.15.0.202507011659
2026-02-22 00:21:18,615 [ERROR] LogOutputStream:75 - [STDERR_REDIRECT] Feb 22, 2026 12:21:18 AM java.util.prefs.WindowsPreferences <init>
2026-02-22 00:21:18,617 [ERROR] LogOutputStream:75 - [STDERR_REDIRECT] WARNING: Could not open/create prefs root node Software\JavaSoft\Prefs at root 0xffffffff80000002. Windows RegCreateKeyEx(...) returned error code 5.
2026-02-22 00:21:18,617 [ERROR] LogOutputStream:75 - [STDERR_REDIRECT] 
2026-02-22 00:21:18,978 [INFO] ThirdPartyUpdaterWithRetryManager:70 - Updater plugin not ready yet. [2/15]
2026-02-22 00:21:19,672 [INFO] MainUpdater:2872 - connection check result : 10
2026-02-22 00:21:19,673 [INFO] MainUpdater:3604 - Updater definition file requires update
2026-02-22 00:21:19,673 [INFO] MainUpdater:289 - Updater Check For Update Now.
2026-02-22 00:21:19,673 [INFO] MicroXplorer:498 - Change Database Version : DB.6.0.150
2026-02-22 00:21:19,678 [INFO] McuFinderGlobals:63 - Set McuFinder mode to 2 (CubeIDE integrated)
2026-02-22 00:21:19,678 [INFO] UserAuth:487 - Internet connection configuration mode: 1
2026-02-22 00:21:19,688 [INFO] JxBrowserEngine:152 - Initiate JxBrowser Engine with user profile folder
2026-02-22 00:21:20,104 [INFO] ServerAccessManage:452 - Complete download http(s) 200
2026-02-22 00:21:20,104 [INFO] ServerAccessManage:509 - Download File updaters.zip
2026-02-22 00:21:20,105 [INFO] WebApp:169 - Instantiating new browser for Auth
2026-02-22 00:21:20,602 [INFO] WebApp:463 - Apply proxy settings
2026-02-22 00:21:20,604 [INFO] WebApp:548 - Chromium requires no authentication
2026-02-22 00:21:20,610 [INFO] WebApp:491 - Direct internet connection detected
2026-02-22 00:21:20,629 [INFO] WebApp:900 - Register for checkConnection events
2026-02-22 00:21:20,629 [INFO] WebApp:463 - Apply proxy settings
2026-02-22 00:21:20,629 [INFO] WebApp:548 - Chromium requires no authentication
2026-02-22 00:21:20,629 [INFO] WebApp:491 - Direct internet connection detected
2026-02-22 00:21:20,762 [INFO] WebApp:225 - Starting web application
2026-02-22 00:21:20,762 [INFO] WebApp:593 - Web application path used C:\ST\STM32CubeIDE_1.19.0\STM32CubeIDE\plugins\com.st.stm32cube.common.mx_6.15.0.202507011659\db\plugins\mcufinder\reactClient1\index.html
2026-02-22 00:21:20,838 [INFO] UserAuth:487 - Internet connection configuration mode: 1
2026-02-22 00:21:20,890 [ERROR] LogOutputStream:75 - [STDERR_REDIRECT] [Fatal Error] :1:1: Premature end of file.
2026-02-22 00:21:20,891 [ERROR] LogOutputStream:75 - [STDERR_REDIRECT] 
2026-02-22 00:21:21,053 [INFO] FileExtend:248 - Unzip File : updaters.zip
2026-02-22 00:21:21,053 [INFO] FileExtend:263 - Standard Zip Deflate
2026-02-22 00:21:21,337 [INFO] WebApp:191 - Connection restablished
2026-02-22 00:21:21,638 [INFO] ServerAccessManage:452 - Complete download http(s) 200
2026-02-22 00:21:21,638 [INFO] ServerAccessManage:509 - Download File PacksControlFlags.xml
2026-02-22 00:21:21,880 [ERROR] LogOutputStream:75 - [STDERR_REDIRECT] [Fatal Error] :1:1: Premature end of file.
2026-02-22 00:21:21,881 [ERROR] LogOutputStream:75 - [STDERR_REDIRECT] 
2026-02-22 00:21:21,961 [INFO] ServerAccessManage:452 - Complete download http(s) 200
2026-02-22 00:21:21,961 [INFO] ServerAccessManage:509 - Download File cubemx.pidx
2026-02-22 00:21:21,979 [WARN] MainUpdater:1193 - Updater busy. Cannot search thirdparties
2026-02-22 00:21:21,979 [INFO] ThirdPartyUpdaterWithRetryManager:96 - Updater plugin is busy. [1/15]
2026-02-22 00:21:22,049 [INFO] LoadServerUpdatesThread:375 - End of LoadServerUpdate Thread
2026-02-22 00:21:22,214 [INFO] CheckServerUpdateThread:120 - End of CheckServer Thread
2026-02-22 00:21:22,876 [ERROR] LogOutputStream:75 - [STDERR_REDIRECT] [Fatal Error] :1:1: Premature end of file.
2026-02-22 00:21:22,877 [ERROR] LogOutputStream:75 - [STDERR_REDIRECT] 
2026-02-22 00:21:23,881 [ERROR] LogOutputStream:75 - [STDERR_REDIRECT] [Fatal Error] :1:1: Premature end of file.
2026-02-22 00:21:23,881 [ERROR] LogOutputStream:75 - [STDERR_REDIRECT] 
2026-02-22 00:21:24,890 [ERROR] LogOutputStream:75 - [STDERR_REDIRECT] [Fatal Error] :1:1: Premature end of file.
2026-02-22 00:21:24,890 [ERROR] LogOutputStream:75 - [STDERR_REDIRECT] 
2026-02-22 00:21:25,156 [WARN] PackLoader:240 - Cannot read IP mode file for STMicroelectronics.FP-SNS-MOTENVWB1.1.4.0
2026-02-22 00:21:25,163 [WARN] PackLoader:240 - Cannot read IP mode file for STMicroelectronics.FP-ATR-ASTRA1.2.0.2
2026-02-22 00:21:25,169 [WARN] PackLoader:240 - Cannot read IP mode file for STMicroelectronics.X-CUBE-SMBUS.2.1.0
2026-02-22 00:21:25,193 [WARN] PackLoader:240 - Cannot read IP mode file for STMicroelectronics.X-CUBE-AZRTOS-F7.1.1.0
2026-02-22 00:21:25,201 [WARN] PackLoader:240 - Cannot read IP mode file for STMicroelectronics.FP-SNS-MOTENV1.5.1.0
2026-02-22 00:21:25,209 [WARN] PackLoader:240 - Cannot read IP mode file for WES.I-CUBE-Cesium.1.4.0
2026-02-22 00:21:25,229 [WARN] PackLoader:240 - Cannot read IP mode file for STMicroelectronics.X-CUBE-AZRTOS-H7.3.4.0
2026-02-22 00:21:25,239 [WARN] PackLoader:240 - Cannot read IP mode file for STMicroelectronics.X-CUBE-DISPLAY.3.0.0
2026-02-22 00:21:25,248 [WARN] PackLoader:240 - Cannot read IP mode file for STMicroelectronics.X-CUBE-NFC10.1.0.0
2026-02-22 00:21:25,255 [WARN] PackLoader:240 - Cannot read IP mode file for STMicroelectronics.X-CUBE-ST60.1.1.0
2026-02-22 00:21:25,260 [WARN] PackLoader:240 - Cannot read IP mode file for emotas.I-CUBE-CANOPEN.1.3.0
2026-02-22 00:21:25,265 [WARN] PackLoader:240 - Cannot read IP mode file for STMicroelectronics.X-CUBE-GNSS1.7.1.0
2026-02-22 00:21:25,272 [WARN] PackLoader:240 - Cannot read IP mode file for STMicroelectronics.FP-SNS-STBOX1.2.1.0
2026-02-22 00:21:25,278 [WARN] PackLoader:240 - Cannot read IP mode file for STMicroelectronics.FP-SNS-SMARTAG2.1.2.0
2026-02-22 00:21:25,281 [WARN] PackLoader:240 - Cannot read IP mode file for STMicroelectronics.FP-SNS-FLIGHT1.5.1.0
2026-02-22 00:21:25,288 [INFO] LogOutputStream:77 - [STDOUT_REDIRECT] 1 : Invalid condition id : UX_CORESTACK_Condition cause : null
2026-02-22 00:21:25,288 [INFO] LogOutputStream:77 - [STDOUT_REDIRECT] 1 : Invalid condition id : UX_CORESTACK_Condition cause : null
2026-02-22 00:21:25,289 [INFO] LogOutputStream:77 - [STDOUT_REDIRECT] 1 : Invalid condition id : UX_CORESTACK_Condition cause : null
2026-02-22 00:21:25,290 [INFO] LogOutputStream:77 - [STDOUT_REDIRECT] 1 : Invalid condition id : UX_CORESTACK_Condition cause : null
2026-02-22 00:21:25,290 [INFO] LogOutputStream:77 - [STDOUT_REDIRECT] 1 : Invalid condition id : UX_CORESTACK_Condition cause : null
2026-02-22 00:21:25,293 [WARN] PackLoader:240 - Cannot read IP mode file for STMicroelectronics.X-CUBE-AZRTOS-WL.2.0.0
2026-02-22 00:21:25,308 [WARN] PackLoader:240 - Cannot read IP mode file for STMicroelectronics.X-CUBE-AZRTOS-H7RS.1.2.0
2026-02-22 00:21:25,314 [WARN] PackLoader:240 - Cannot read IP mode file for STMicroelectronics.X-CUBE-BLE2.3.3.0
2026-02-22 00:21:25,339 [WARN] PackLoader:240 - Cannot read IP mode file for Infineon.AIROC-Wi-Fi-Bluetooth-STM32.1.8.0
2026-02-22 00:21:25,348 [WARN] PackLoader:240 - Cannot read IP mode file for STMicroelectronics.X-CUBE-NFC9.1.0.0
2026-02-22 00:21:25,352 [WARN] PackLoader:240 - Cannot read IP mode file for STMicroelectronics.X-CUBE-BLE1.7.1.0
2026-02-22 00:21:25,356 [WARN] PackLoader:240 - Cannot read IP mode file for wolfSSL.I-CUBE-wolfMQTT.1.19.2
2026-02-22 00:21:25,360 [WARN] PackLoader:240 - Cannot read IP mode file for STMicroelectronics.X-CUBE-FREERTOS.1.4.0
2026-02-22 00:21:25,364 [WARN] PackLoader:240 - Cannot read IP mode file for STMicroelectronics.X-CUBE-EEPRMA1.5.2.0
2026-02-22 00:21:25,369 [WARN] PackLoader:240 - Cannot read IP mode file for wolfSSL.I-CUBE-wolfSSL.5.8.4
2026-02-22 00:21:25,373 [WARN] PackLoader:240 - Cannot read IP mode file for Cesanta.I-CUBE-Mongoose.7.20.0
2026-02-22 00:21:25,404 [WARN] PackLoader:240 - Cannot read IP mode file for STMicroelectronics.X-CUBE-MEMS1.12.0.0
2026-02-22 00:21:25,479 [WARN] PackLoader:240 - Cannot read IP mode file for STMicroelectronics.X-CUBE-AZRTOS-G0.1.1.0
2026-02-22 00:21:25,484 [WARN] PackLoader:240 - Cannot read IP mode file for STMicroelectronics.X-CUBE-NFC4.3.0.0
2026-02-22 00:21:25,491 [WARN] PackLoader:240 - Cannot read IP mode file for EmbeddedOffice.I-CUBE-FS-RTOS.1.0.1
2026-02-22 00:21:25,495 [WARN] PackLoader:240 - Cannot read IP mode file for STMicroelectronics.X-CUBE-WB05N.2.0.0
2026-02-22 00:21:25,498 [WARN] PackLoader:240 - Cannot read IP mode file for wolfSSL.I-CUBE-wolfTPM.3.8.0
2026-02-22 00:21:25,502 [WARN] PackLoader:240 - Cannot read IP mode file for STMicroelectronics.X-CUBE-TCPP.4.2.0
2026-02-22 00:21:25,506 [WARN] PackLoader:240 - Cannot read IP mode file for RealThread.X-CUBE-RT-Thread_Nano.4.1.1
2026-02-22 00:21:25,510 [WARN] PackLoader:240 - Cannot read IP mode file for STMicroelectronics.FP-ATR-SIGFOX1.3.2.0
2026-02-22 00:21:25,513 [WARN] PackLoader:240 - Cannot read IP mode file for ITTIA_DB.I-CUBE-ITTIADB.8.9.0
2026-02-22 00:21:25,519 [WARN] PackLoader:240 - Cannot read IP mode file for STMicroelectronics.X-CUBE-NFC6.3.2.0
2026-02-22 00:21:25,524 [WARN] PackLoader:240 - Cannot read IP mode file for STMicroelectronics.X-CUBE-AI.10.2.0
2026-02-22 00:21:25,543 [WARN] PackLoader:240 - Cannot read IP mode file for SEGGER.I-CUBE-embOS.1.3.1
2026-02-22 00:21:25,567 [WARN] PackLoader:240 - Cannot read IP mode file for STMicroelectronics.X-CUBE-ALGOBUILD.1.4.0
2026-02-22 00:21:25,570 [WARN] PackLoader:240 - Cannot read IP mode file for STMicroelectronics.X-CUBE-PM33A1.1.0.0
2026-02-22 00:21:25,578 [WARN] PackLoader:240 - Cannot read IP mode file for STMicroelectronics.X-CUBE-AZRTOS-F4.1.1.0
2026-02-22 00:21:25,584 [WARN] PackLoader:240 - Cannot read IP mode file for STMicroelectronics.X-CUBE-ISPU.2.1.0
2026-02-22 00:21:25,592 [WARN] PackLoader:240 - Cannot read IP mode file for STMicroelectronics.X-CUBE-IPS.3.2.0
2026-02-22 00:21:25,600 [WARN] PackLoader:240 - Cannot read IP mode file for STMicroelectronics.X-CUBE-NFC12.1.0.0
2026-02-22 00:21:25,610 [WARN] PackLoader:240 - Cannot read IP mode file for STMicroelectronics.X-CUBE-AZRTOS-L5.2.0.0
2026-02-22 00:21:25,617 [WARN] PackLoader:240 - Cannot read IP mode file for STMicroelectronics.X-CUBE-TOUCHGFX.4.26.0
2026-02-22 00:21:25,620 [WARN] PackLoader:240 - Cannot read IP mode file for STMicroelectronics.FP-SNS-STAIOTCFT.1.0.0
2026-02-22 00:21:25,624 [WARN] PackLoader:240 - Cannot read IP mode file for STMicroelectronics.X-CUBE-DPower.1.3.0
2026-02-22 00:21:25,634 [WARN] ConditionMgr:438 - getConditionDescription Invalid condition id : LAN8742 Phy interface Condition cause : null
2026-02-22 00:21:25,635 [WARN] PackLoader:240 - Cannot read IP mode file for STMicroelectronics.X-CUBE-AZRTOS-L4.2.0.0
2026-02-22 00:21:25,635 [WARN] ConditionMgr:1044 - genDependencies : Invalid condition id : LAN8742 Phy interface Condition cause : null
2026-02-22 00:21:25,636 [WARN] ConditionMgr:1044 - genDependencies : Invalid condition id : LAN8742 Phy interface Condition cause : null
2026-02-22 00:21:25,636 [WARN] ConditionMgr:1044 - genDependencies : Invalid condition id : LAN8742 Phy interface Condition cause : null
2026-02-22 00:21:25,642 [WARN] PackLoader:240 - Cannot read IP mode file for STMicroelectronics.X-CUBE-SFXS2LP1.4.0.0
2026-02-22 00:21:25,652 [WARN] PackLoader:240 - Cannot read IP mode file for STMicroelectronics.X-CUBE-ST67W61.1.2.0
2026-02-22 00:21:25,659 [WARN] PackLoader:240 - Cannot read IP mode file for STMicroelectronics.X-CUBE-BLEMGR.4.1.0
2026-02-22 00:21:25,668 [WARN] ConditionMgr:438 - getConditionDescription Invalid condition id : UX DEVICE CLASS RTOS Condition cause : null
2026-02-22 00:21:25,668 [WARN] ConditionMgr:438 - getConditionDescription Invalid condition id : UX DEVICE CLASS RTOS Condition cause : null
2026-02-22 00:21:25,669 [WARN] PackLoader:240 - Cannot read IP mode file for STMicroelectronics.X-CUBE-AZRTOS-WB.2.0.0
2026-02-22 00:21:25,670 [WARN] ConditionMgr:1044 - genDependencies : Invalid condition id : UX DEVICE CLASS RTOS Condition cause : null
2026-02-22 00:21:25,670 [WARN] ConditionMgr:1044 - genDependencies : Invalid condition id : UX DEVICE CLASS RTOS Condition cause : null
2026-02-22 00:21:25,670 [WARN] ConditionMgr:1044 - genDependencies : Invalid condition id : UX DEVICE CLASS RTOS Condition cause : null
2026-02-22 00:21:25,670 [WARN] ConditionMgr:1044 - genDependencies : Invalid condition id : UX DEVICE CLASS RTOS Condition cause : null
2026-02-22 00:21:25,670 [WARN] ConditionMgr:1044 - genDependencies : Invalid condition id : UX DEVICE CLASS RTOS Condition cause : null
2026-02-22 00:21:25,673 [WARN] ConditionMgr:438 - getConditionDescription Invalid condition id : Cortex-A Device cause : null
2026-02-22 00:21:25,678 [WARN] ConditionMgr:1044 - genDependencies : Invalid condition id : Cortex-A Device cause : null
2026-02-22 00:21:25,678 [WARN] ConditionMgr:1044 - genDependencies : Invalid condition id : Cortex-A Device cause : null
2026-02-22 00:21:25,678 [WARN] ConditionMgr:1044 - genDependencies : Invalid condition id : Cortex-A Device cause : null
2026-02-22 00:21:25,684 [WARN] PackLoader:240 - Cannot read IP mode file for STMicroelectronics.X-CUBE-STSE01.2.0.0
2026-02-22 00:21:25,693 [WARN] PackLoader:240 - Cannot read IP mode file for STMicroelectronics.X-CUBE-SUBG2.5.0.0
2026-02-22 00:21:25,706 [WARN] PackLoader:240 - Cannot read IP mode file for STMicroelectronics.X-CUBE-AZRTOS-G4.2.0.0
2026-02-22 00:21:25,709 [WARN] PackLoader:240 - Cannot read IP mode file for wolfSSL.I-CUBE-wolfSSH.1.4.20
2026-02-22 00:21:25,712 [WARN] PackLoader:240 - Cannot read IP mode file for STMicroelectronics.X-CUBE-NFC7.2.0.0
2026-02-22 00:21:25,716 [WARN] PackLoader:240 - Cannot read IP mode file for STMicroelectronics.X-CUBE-ALS.1.0.2
2026-02-22 00:21:25,723 [WARN] PackLoader:240 - Cannot read IP mode file for STMicroelectronics.X-CUBE-TOF1.3.4.3
2026-02-22 00:21:25,729 [INFO] ThirdParty:978 - Integrity check success = true
2026-02-22 00:21:25,729 [INFO] IntegrityCheckThread:100 - exiting critical section [integrity check]
2026-02-22 00:21:25,729 [INFO] IntegrityCheckThread:103 - End integrity checks thread
2026-02-22 00:21:25,880 [ERROR] LogOutputStream:75 - [STDERR_REDIRECT] [Fatal Error] :1:1: Premature end of file.
2026-02-22 00:21:25,880 [ERROR] LogOutputStream:75 - [STDERR_REDIRECT] 
2026-02-22 00:21:26,878 [ERROR] LogOutputStream:75 - [STDERR_REDIRECT] [Fatal Error] :1:1: Premature end of file.
2026-02-22 00:21:26,878 [ERROR] LogOutputStream:75 - [STDERR_REDIRECT] 
2026-02-22 00:21:27,877 [ERROR] LogOutputStream:75 - [STDERR_REDIRECT] [Fatal Error] :1:1: Premature end of file.
2026-02-22 00:21:27,877 [ERROR] LogOutputStream:75 - [STDERR_REDIRECT] 
2026-02-22 00:21:28,877 [ERROR] LogOutputStream:75 - [STDERR_REDIRECT] [Fatal Error] :1:1: Premature end of file.
2026-02-22 00:21:28,877 [ERROR] LogOutputStream:75 - [STDERR_REDIRECT] 
2026-02-22 00:21:29,876 [ERROR] LogOutputStream:75 - [STDERR_REDIRECT] [Fatal Error] :1:1: Premature end of file.
2026-02-22 00:21:29,876 [ERROR] LogOutputStream:75 - [STDERR_REDIRECT] 
2026-02-22 00:21:30,878 [ERROR] LogOutputStream:75 - [STDERR_REDIRECT] [Fatal Error] :1:1: Premature end of file.
2026-02-22 00:21:30,878 [ERROR] LogOutputStream:75 - [STDERR_REDIRECT] 
2026-02-22 00:21:31,876 [ERROR] LogOutputStream:75 - [STDERR_REDIRECT] [Fatal Error] :1:1: Premature end of file.
2026-02-22 00:21:31,876 [ERROR] LogOutputStream:75 - [STDERR_REDIRECT] 
2026-02-22 00:21:32,878 [ERROR] LogOutputStream:75 - [STDERR_REDIRECT] [Fatal Error] :1:1: Premature end of file.
2026-02-22 00:21:32,878 [ERROR] LogOutputStream:75 - [STDERR_REDIRECT] 
2026-02-22 00:21:33,891 [ERROR] LogOutputStream:75 - [STDERR_REDIRECT] [Fatal Error] :1:1: Premature end of file.
2026-02-22 00:21:33,891 [ERROR] LogOutputStream:75 - [STDERR_REDIRECT] 
2026-02-22 00:21:34,862 [ERROR] LogOutputStream:75 - [STDERR_REDIRECT] 
2026-02-22 00:21:56,314 [INFO] Activator:176 - 


2026-02-22 00:21:56,317 [INFO] Activator:177 - !SESSION log4j initialized
2026-02-22 00:22:00,418 [INFO] LogOutputStream:77 - [STDOUT_REDIRECT] 
2026-02-22 00:22:01,545 [INFO] ApplicationProperties:184 - Using Application install path: C:\ST\STM32CubeIDE_1.19.0\STM32CubeIDE\plugins\com.st.stm32cube.common.mx_6.15.0.202507011659
2026-02-22 00:22:01,556 [INFO] DbMcusXml:78 - Set database path to: C:\ST\STM32CubeIDE_1.19.0\STM32CubeIDE\plugins\com.st.stm32cube.common.mx_6.15.0.202507011659\\db\/mcu/
2026-02-22 00:22:01,556 [INFO] ApiDb:274 - Set plugin database path to: C:\ST\STM32CubeIDE_1.19.0\STM32CubeIDE\plugins\com.st.stm32cube.common.mx_6.15.0.202507011659\\db\/plugins/boardmanager/
2026-02-22 00:22:01,557 [WARN] ApiDb:259 - Overriding images path with different value:  => C:\ST\STM32CubeIDE_1.19.0\STM32CubeIDE\plugins\com.st.stm32cube.common.mx_6.15.0.202507011659\\db\/plugins/mcufinder/images/
2026-02-22 00:22:01,559 [INFO] ApiDb:250 - Set database path to: C:\Users\USER\.stmcufinder\plugins\mcufinder//mcu/
2026-02-22 00:22:01,562 [INFO] DbMcusAds:125 - Set database path to: C:\Users\USER\.stmcufinder\plugins\mcufinder//mcu/
2026-02-22 00:22:01,563 [INFO] CrossReferenceDbSqlite:203 - Set database path to: C:\Users\USER\.stmcufinder\plugins\mcufinder//mcu/cs/
2026-02-22 00:22:01,659 [INFO] RulesReader:64 - Compatibility file has been processed (317 Rules)
2026-02-22 00:22:01,721 [INFO] DbMcusXml:78 - Set database path to: C:\ST\STM32CubeIDE_1.19.0\STM32CubeIDE\plugins\com.st.stm32cube.common.mx_6.15.0.202507011659\\db\/mcu/
2026-02-22 00:22:01,721 [INFO] ApiDb:274 - Set plugin database path to: C:\ST\STM32CubeIDE_1.19.0\STM32CubeIDE\plugins\com.st.stm32cube.common.mx_6.15.0.202507011659\\db\/plugins/boardmanager/
2026-02-22 00:22:01,721 [INFO] ApiDb:261 - Set plugin images path to: C:\ST\STM32CubeIDE_1.19.0\STM32CubeIDE\plugins\com.st.stm32cube.common.mx_6.15.0.202507011659\\db\/plugins/mcufinder/images/
2026-02-22 00:22:01,723 [WARN] DbFile:41 - Overriding database path with different value: C:\Users\USER\.stmcufinder\plugins\mcufinder/ => C:\Users\USER\.stmcufinder\plugins\mcufinder
2026-02-22 00:22:01,723 [INFO] ApiDb:250 - Set database path to: C:\Users\USER\.stmcufinder\plugins\mcufinder//mcu/
2026-02-22 00:22:01,723 [WARN] DbFile:41 - Overriding database path with different value: C:\Users\USER\.stmcufinder\plugins\mcufinder/ => C:\Users\USER\.stmcufinder\plugins\mcufinder
2026-02-22 00:22:01,723 [INFO] DbMcusAds:125 - Set database path to: C:\Users\USER\.stmcufinder\plugins\mcufinder//mcu/
2026-02-22 00:22:01,723 [WARN] DbFile:41 - Overriding database path with different value: C:\Users\USER\.stmcufinder\plugins\mcufinder/ => C:\Users\USER\.stmcufinder\plugins\mcufinder
2026-02-22 00:22:01,723 [WARN] DbFile:41 - Overriding database path with different value: C:\Users\USER\.stmcufinder\plugins\mcufinder/ => C:\Users\USER\.stmcufinder\plugins\mcufinder
2026-02-22 00:22:01,723 [INFO] CrossReferenceDbSqlite:203 - Set database path to: C:\Users\USER\.stmcufinder\plugins\mcufinder//mcu/cs/
2026-02-22 00:22:01,769 [INFO] MainPanel:274 - HeapMemory: 268435456
2026-02-22 00:22:01,833 [INFO] DbMcusXml:78 - Set database path to: C:\ST\STM32CubeIDE_1.19.0\STM32CubeIDE\plugins\com.st.stm32cube.common.mx_6.15.0.202507011659\\db\/mcu/
2026-02-22 00:22:01,833 [INFO] ApiDb:274 - Set plugin database path to: C:\ST\STM32CubeIDE_1.19.0\STM32CubeIDE\plugins\com.st.stm32cube.common.mx_6.15.0.202507011659\\db\/plugins/boardmanager/
2026-02-22 00:22:01,833 [INFO] ApiDb:261 - Set plugin images path to: C:\ST\STM32CubeIDE_1.19.0\STM32CubeIDE\plugins\com.st.stm32cube.common.mx_6.15.0.202507011659\\db\/plugins/mcufinder/images/
2026-02-22 00:22:01,833 [WARN] DbFile:41 - Overriding database path with different value: C:\Users\USER\.stmcufinder\plugins\mcufinder/ => C:\Users\USER\.stmcufinder\plugins\mcufinder
2026-02-22 00:22:01,833 [INFO] ApiDb:250 - Set database path to: C:\Users\USER\.stmcufinder\plugins\mcufinder//mcu/
2026-02-22 00:22:01,833 [WARN] DbFile:41 - Overriding database path with different value: C:\Users\USER\.stmcufinder\plugins\mcufinder/ => C:\Users\USER\.stmcufinder\plugins\mcufinder
2026-02-22 00:22:01,833 [INFO] DbMcusAds:125 - Set database path to: C:\Users\USER\.stmcufinder\plugins\mcufinder//mcu/
2026-02-22 00:22:01,833 [WARN] DbFile:41 - Overriding database path with different value: C:\Users\USER\.stmcufinder\plugins\mcufinder/ => C:\Users\USER\.stmcufinder\plugins\mcufinder
2026-02-22 00:22:01,833 [WARN] DbFile:41 - Overriding database path with different value: C:\Users\USER\.stmcufinder\plugins\mcufinder/ => C:\Users\USER\.stmcufinder\plugins\mcufinder
2026-02-22 00:22:01,833 [INFO] CrossReferenceDbSqlite:203 - Set database path to: C:\Users\USER\.stmcufinder\plugins\mcufinder//mcu/cs/
2026-02-22 00:22:01,847 [INFO] ApplicationProperties:184 - Using Application install path: C:\ST\STM32CubeIDE_1.19.0\STM32CubeIDE\plugins\com.st.stm32cube.common.mx_6.15.0.202507011659
2026-02-22 00:22:01,848 [INFO] PluginManage:196 - Search for loadable plugins [exclusion list=, ]
2026-02-22 00:22:01,849 [INFO] PluginManage:310 - Check plugin analytics
2026-02-22 00:22:01,987 [INFO] AnalyticsPlugin:253 - Accepted Software Licenses: 
2026-02-22 00:22:01,987 [INFO] AnalyticsPlugin:255 - Accepted CMSIS Pack Licenses: 
2026-02-22 00:22:01,987 [INFO] AnalyticsPlugin:257 - Accepted Firmware Licenses: FW.F4.1.28.0
2026-02-22 00:22:01,989 [INFO] PluginManage:359 - Loaded plugin analytics (category:tool,tabindex:-1)
2026-02-22 00:22:01,989 [INFO] PluginManage:310 - Check plugin cadmodel
2026-02-22 00:22:01,993 [INFO] CADModel:105 - Init CAD model plugin
2026-02-22 00:22:01,993 [INFO] PluginManage:359 - Loaded plugin cadmodel (category:power,tabindex:5)
2026-02-22 00:22:01,993 [INFO] PluginManage:310 - Check plugin clock
2026-02-22 00:22:01,999 [INFO] PluginManage:359 - Loaded plugin clock (category:base,tabindex:2)
2026-02-22 00:22:01,999 [INFO] PluginManage:310 - Check plugin ddr
2026-02-22 00:22:02,001 [INFO] PluginManage:359 - Loaded plugin ddr (category:tool,tabindex:6)
2026-02-22 00:22:02,002 [INFO] PluginManage:310 - Check plugin filemanager
2026-02-22 00:22:02,104 [INFO] PluginManage:359 - Loaded plugin filemanager (category:base,tabindex:10)
2026-02-22 00:22:02,104 [INFO] PluginManage:310 - Check plugin ipmanager
2026-02-22 00:22:02,109 [INFO] PluginManage:359 - Loaded plugin ipmanager (category:base,tabindex:5)
2026-02-22 00:22:02,109 [INFO] PluginManage:310 - Check plugin lpbam
2026-02-22 00:22:02,115 [INFO] PluginManage:359 - Loaded plugin lpbam (category:base,tabindex:0)
2026-02-22 00:22:02,115 [INFO] PluginManage:310 - Check plugin memorymap
2026-02-22 00:22:02,124 [INFO] PluginManage:359 - Loaded plugin memorymap (category:base,tabindex:4)
2026-02-22 00:22:02,124 [INFO] PluginManage:310 - Check plugin pinoutandconfiguration
2026-02-22 00:22:02,129 [INFO] PluginManage:359 - Loaded plugin pinoutandconfiguration (category:base,tabindex:1)
2026-02-22 00:22:02,129 [INFO] PluginManage:310 - Check plugin pinoutconfig
2026-02-22 00:22:02,198 [WARN] SupportedApi:132 - Cannot load RTOS API schema: s4s-elt-must-match.1: The content of 'definitions' must match (annotation?, (simpleType | complexType)?, (unique | key | keyref)*)). A problem was found starting at: attribute.
2026-02-22 00:22:02,301 [INFO] PluginManage:359 - Loaded plugin pinoutconfig (category:base,tabindex:0)
2026-02-22 00:22:02,301 [INFO] PluginManage:310 - Check plugin power
2026-02-22 00:22:02,308 [INFO] PluginManage:359 - Loaded plugin power (category:power,tabindex:4)
2026-02-22 00:22:02,308 [INFO] PluginManage:310 - Check plugin projectmanager
2026-02-22 00:22:02,320 [INFO] PluginManage:359 - Loaded plugin projectmanager (category:projectmanager,tabindex:4)
2026-02-22 00:22:02,320 [INFO] PluginManage:310 - Check plugin rif
2026-02-22 00:22:02,327 [INFO] PluginManage:359 - Loaded plugin rif (category:base,tabindex:3)
2026-02-22 00:22:02,327 [INFO] PluginManage:310 - Check plugin thirdparty
2026-02-22 00:22:02,441 [INFO] PluginManage:359 - Loaded plugin thirdparty (category:base,tabindex:-1)
2026-02-22 00:22:02,441 [WARN] IntegrityCheckThread:84 - waiting for thirdparty lock release [integrity check]
2026-02-22 00:22:02,441 [INFO] PluginManage:310 - Check plugin tools
2026-02-22 00:22:02,441 [INFO] IntegrityCheckThread:86 - entering critical section [integrity check]
2026-02-22 00:22:02,441 [INFO] ThirdPartyUpdaterWithRetryManager:70 - Updater plugin not ready yet. [1/15]
2026-02-22 00:22:02,447 [INFO] PluginManage:359 - Loaded plugin tools (category:base,tabindex:7)
2026-02-22 00:22:02,447 [INFO] PluginManage:310 - Check plugin tutovideos
2026-02-22 00:22:02,602 [INFO] PluginManage:359 - Loaded plugin tutovideos (category:base,tabindex:-1)
2026-02-22 00:22:02,602 [INFO] PluginManage:310 - Check plugin updater
2026-02-22 00:22:02,617 [INFO] PluginManage:359 - Loaded plugin updater (category:base,tabindex:12)
2026-02-22 00:22:02,617 [INFO] PluginManage:310 - Check plugin userauth
2026-02-22 00:22:02,621 [INFO] UserAuth:118 - Init User Auth plugin
2026-02-22 00:22:02,622 [INFO] PluginManage:359 - Loaded plugin userauth (category:base,tabindex:14)
2026-02-22 00:22:02,622 [INFO] PluginManage:283 - PluginManage : Loaded plugins [18]
2026-02-22 00:22:02,772 [INFO] PinOutPanel:1589 - setPackage(No Configuration,No Configuration)
2026-02-22 00:22:02,838 [INFO] CADModel:165 - CPN selected for project level
2026-02-22 00:22:02,838 [INFO] CADModel:114 - Register for checkConnection events
2026-02-22 00:22:02,851 [INFO] IPUIPlugin:80 - create IPUIPlugin
2026-02-22 00:22:02,852 [INFO] PluginManager:220 - loadIPPluginJar : add adc
2026-02-22 00:22:02,854 [INFO] IPUIPlugin:80 - create IPUIPlugin
2026-02-22 00:22:02,854 [INFO] PluginManager:220 - loadIPPluginJar : add aes
2026-02-22 00:22:02,855 [INFO] IPUIPlugin:80 - create IPUIPlugin
2026-02-22 00:22:02,855 [INFO] PluginManager:220 - loadIPPluginJar : add can
2026-02-22 00:22:02,857 [INFO] IPUIPlugin:80 - create IPUIPlugin
2026-02-22 00:22:02,857 [INFO] PluginManager:220 - loadIPPluginJar : add comp
2026-02-22 00:22:02,858 [INFO] IPUIPlugin:80 - create IPUIPlugin
2026-02-22 00:22:02,858 [INFO] PluginManager:220 - loadIPPluginJar : add cryp
2026-02-22 00:22:02,860 [INFO] IPUIPlugin:80 - create IPUIPlugin
2026-02-22 00:22:02,860 [INFO] PluginManager:220 - loadIPPluginJar : add ddr_ctrl_phy
2026-02-22 00:22:02,862 [INFO] IPUIPlugin:80 - create IPUIPlugin
2026-02-22 00:22:02,862 [INFO] PluginManager:220 - loadIPPluginJar : add dfsdm
2026-02-22 00:22:02,866 [INFO] IPUIPlugin:80 - create IPUIPlugin
2026-02-22 00:22:02,866 [INFO] PluginManager:220 - loadIPPluginJar : add dma
2026-02-22 00:22:02,868 [INFO] IPUIPlugin:80 - create IPUIPlugin
2026-02-22 00:22:02,868 [INFO] PluginManager:220 - loadIPPluginJar : add dma3
2026-02-22 00:22:02,870 [INFO] IPUIPlugin:80 - create IPUIPlugin
2026-02-22 00:22:02,870 [INFO] PluginManager:220 - loadIPPluginJar : add extmemmanager
2026-02-22 00:22:02,871 [INFO] IPUIPlugin:80 - create IPUIPlugin
2026-02-22 00:22:02,871 [INFO] PluginManager:220 - loadIPPluginJar : add fatfs
2026-02-22 00:22:02,874 [INFO] IPUIPlugin:80 - create IPUIPlugin
2026-02-22 00:22:02,874 [INFO] PluginManager:220 - loadIPPluginJar : add fmc
2026-02-22 00:22:02,878 [INFO] IPUIPlugin:80 - create IPUIPlugin
2026-02-22 00:22:02,878 [INFO] PluginManager:220 - loadIPPluginJar : add freertos
2026-02-22 00:22:02,879 [INFO] IPUIPlugin:80 - create IPUIPlugin
2026-02-22 00:22:02,879 [INFO] PluginManager:220 - loadIPPluginJar : add genericplugin
2026-02-22 00:22:02,880 [INFO] IPUIPlugin:80 - create IPUIPlugin
2026-02-22 00:22:02,880 [INFO] PluginManager:220 - loadIPPluginJar : add gfxmmu
2026-02-22 00:22:02,884 [INFO] IPUIPlugin:80 - create IPUIPlugin
2026-02-22 00:22:02,885 [INFO] PluginManager:220 - loadIPPluginJar : add gic
2026-02-22 00:22:02,887 [INFO] IPUIPlugin:80 - create IPUIPlugin
2026-02-22 00:22:02,887 [INFO] PluginManager:220 - loadIPPluginJar : add gpio
2026-02-22 00:22:02,891 [INFO] IPUIPlugin:80 - create IPUIPlugin
2026-02-22 00:22:02,891 [INFO] PluginManager:220 - loadIPPluginJar : add gtzc
2026-02-22 00:22:02,892 [INFO] IPUIPlugin:80 - create IPUIPlugin
2026-02-22 00:22:02,892 [INFO] PluginManager:220 - loadIPPluginJar : add hash
2026-02-22 00:22:02,894 [INFO] IPUIPlugin:80 - create IPUIPlugin
2026-02-22 00:22:02,894 [INFO] PluginManager:220 - loadIPPluginJar : add i2c
2026-02-22 00:22:02,895 [INFO] IPUIPlugin:80 - create IPUIPlugin
2026-02-22 00:22:02,895 [INFO] PluginManager:220 - loadIPPluginJar : add i2s
2026-02-22 00:22:02,898 [INFO] IPUIPlugin:80 - create IPUIPlugin
2026-02-22 00:22:02,898 [INFO] PluginManager:220 - loadIPPluginJar : add i3c
2026-02-22 00:22:02,900 [INFO] IPUIPlugin:80 - create IPUIPlugin
2026-02-22 00:22:02,901 [INFO] PluginManager:220 - loadIPPluginJar : add ipddr
2026-02-22 00:22:02,907 [INFO] IPUIPlugin:80 - create IPUIPlugin
2026-02-22 00:22:02,907 [INFO] PluginManager:220 - loadIPPluginJar : add linkedlist
2026-02-22 00:22:02,910 [INFO] IPUIPlugin:80 - create IPUIPlugin
2026-02-22 00:22:02,910 [INFO] PluginManager:220 - loadIPPluginJar : add lorawan
2026-02-22 00:22:02,911 [INFO] IPUIPlugin:80 - create IPUIPlugin
2026-02-22 00:22:02,911 [INFO] PluginManager:220 - loadIPPluginJar : add ltdc
2026-02-22 00:22:02,916 [INFO] IPUIPlugin:80 - create IPUIPlugin
2026-02-22 00:22:02,916 [INFO] PluginManager:220 - loadIPPluginJar : add mdma
2026-02-22 00:22:02,920 [INFO] IPUIPlugin:80 - create IPUIPlugin
2026-02-22 00:22:02,920 [INFO] PluginManager:220 - loadIPPluginJar : add nvic
2026-02-22 00:22:02,922 [INFO] IPUIPlugin:80 - create IPUIPlugin
2026-02-22 00:22:02,922 [INFO] PluginManager:220 - loadIPPluginJar : add opamp
2026-02-22 00:22:02,924 [INFO] IPUIPlugin:80 - create IPUIPlugin
2026-02-22 00:22:02,924 [INFO] PluginManager:220 - loadIPPluginJar : add openamp
2026-02-22 00:22:02,926 [INFO] IPUIPlugin:80 - create IPUIPlugin
2026-02-22 00:22:02,926 [INFO] PluginManager:220 - loadIPPluginJar : add pdm2pcm
2026-02-22 00:22:02,930 [INFO] IPUIPlugin:80 - create IPUIPlugin
2026-02-22 00:22:02,932 [INFO] PluginManager:220 - loadIPPluginJar : add plateformsettings
2026-02-22 00:22:02,933 [INFO] IPUIPlugin:80 - create IPUIPlugin
2026-02-22 00:22:02,933 [INFO] PluginManager:220 - loadIPPluginJar : add quadspi
2026-02-22 00:22:02,935 [INFO] IPUIPlugin:80 - create IPUIPlugin
2026-02-22 00:22:02,936 [INFO] PluginManager:220 - loadIPPluginJar : add radio
2026-02-22 00:22:02,938 [INFO] IPUIPlugin:80 - create IPUIPlugin
2026-02-22 00:22:02,938 [INFO] PluginManager:220 - loadIPPluginJar : add resmgrutility
2026-02-22 00:22:02,940 [INFO] IPUIPlugin:80 - create IPUIPlugin
2026-02-22 00:22:02,940 [INFO] PluginManager:220 - loadIPPluginJar : add sai
2026-02-22 00:22:02,941 [INFO] IPUIPlugin:80 - create IPUIPlugin
2026-02-22 00:22:02,942 [INFO] PluginManager:220 - loadIPPluginJar : add spi
2026-02-22 00:22:02,946 [INFO] IPUIPlugin:80 - create IPUIPlugin
2026-02-22 00:22:02,946 [INFO] PluginManager:220 - loadIPPluginJar : add stm32_wpan
2026-02-22 00:22:02,947 [INFO] IPUIPlugin:80 - create IPUIPlugin
2026-02-22 00:22:02,947 [INFO] PluginManager:220 - loadIPPluginJar : add tim
2026-02-22 00:22:02,949 [INFO] IPUIPlugin:80 - create IPUIPlugin
2026-02-22 00:22:02,949 [INFO] PluginManager:220 - loadIPPluginJar : add touchsensing
2026-02-22 00:22:02,952 [INFO] IPUIPlugin:80 - create IPUIPlugin
2026-02-22 00:22:02,952 [INFO] PluginManager:220 - loadIPPluginJar : add tracer_emb
2026-02-22 00:22:02,953 [INFO] IPUIPlugin:80 - create IPUIPlugin
2026-02-22 00:22:02,953 [INFO] PluginManager:220 - loadIPPluginJar : add ts
2026-02-22 00:22:02,954 [INFO] IPUIPlugin:80 - create IPUIPlugin
2026-02-22 00:22:02,954 [INFO] PluginManager:220 - loadIPPluginJar : add tsc
2026-02-22 00:22:02,955 [INFO] IPUIPlugin:80 - create IPUIPlugin
2026-02-22 00:22:02,957 [INFO] PluginManager:220 - loadIPPluginJar : add ucpd
2026-02-22 00:22:02,959 [INFO] IPUIPlugin:80 - create IPUIPlugin
2026-02-22 00:22:02,959 [INFO] PluginManager:220 - loadIPPluginJar : add usart
2026-02-22 00:22:02,961 [INFO] IPUIPlugin:80 - create IPUIPlugin
2026-02-22 00:22:02,961 [INFO] PluginManager:220 - loadIPPluginJar : add usbx
2026-02-22 00:22:03,075 [FATAL] Updater:351 - Updater called before beeing initialized
2026-02-22 00:22:03,101 [INFO] RulesReader:64 - Compatibility file has been processed (317 Rules)
2026-02-22 00:22:03,110 [INFO] RulesReader:64 - Compatibility file has been processed (317 Rules)
2026-02-22 00:22:03,114 [INFO] CADModel:165 - CPN selected for project level
2026-02-22 00:22:03,114 [INFO] CADModel:114 - Register for checkConnection events
2026-02-22 00:22:03,114 [FATAL] Updater:351 - Updater called before beeing initialized
2026-02-22 00:22:03,115 [ERROR] CADModel:125 - Updater not yet initialized, retry later 
2026-02-22 00:22:03,228 [FATAL] Updater:351 - Updater called before beeing initialized
2026-02-22 00:22:03,229 [INFO] CADModel:165 - CPN selected for project level
2026-02-22 00:22:03,229 [INFO] CADModel:114 - Register for checkConnection events
2026-02-22 00:22:03,229 [FATAL] Updater:351 - Updater called before beeing initialized
2026-02-22 00:22:03,230 [ERROR] CADModel:125 - Updater not yet initialized, retry later 
2026-02-22 00:22:03,232 [FATAL] Updater:351 - Updater called before beeing initialized
2026-02-22 00:22:03,320 [FATAL] Updater:351 - Updater called before beeing initialized
2026-02-22 00:22:03,324 [INFO] DbMcusAds:53 - JSON generation date=Tue Feb 10 21:16:36 KST 2026 (1770725796209)
2026-02-22 00:22:03,324 [FATAL] Updater:351 - Updater called before beeing initialized
2026-02-22 00:22:03,354 [WARN] DetailPanel:346 - Failed to get advertising image, set to default
2026-02-22 00:22:03,427 [FATAL] Updater:351 - Updater called before beeing initialized
2026-02-22 00:22:03,429 [FATAL] Updater:351 - Updater called before beeing initialized
2026-02-22 00:22:03,429 [FATAL] Updater:351 - Updater called before beeing initialized
2026-02-22 00:22:03,429 [WARN] DetailPanel:346 - Failed to get advertising image, set to default
2026-02-22 00:22:03,429 [FATAL] Updater:351 - Updater called before beeing initialized
2026-02-22 00:22:03,469 [ERROR] Updater:1198 - MainUpdater not yet initialized. External WinMGr cannot be set.
2026-02-22 00:22:03,470 [INFO] Updater:1134 - Updater Version found : 6.15.0
2026-02-22 00:22:03,484 [INFO] ApplicationProperties:184 - Using Application install path: C:\ST\STM32CubeIDE_1.19.0\STM32CubeIDE\plugins\com.st.stm32cube.common.mx_6.15.0.202507011659
2026-02-22 00:22:05,050 [ERROR] LogOutputStream:75 - [STDERR_REDIRECT] Feb 22, 2026 12:22:05 AM java.util.prefs.WindowsPreferences <init>
2026-02-22 00:22:05,052 [ERROR] LogOutputStream:75 - [STDERR_REDIRECT] WARNING: Could not open/create prefs root node Software\JavaSoft\Prefs at root 0xffffffff80000002. Windows RegCreateKeyEx(...) returned error code 5.
2026-02-22 00:22:05,052 [ERROR] LogOutputStream:75 - [STDERR_REDIRECT] 
2026-02-22 00:22:05,443 [INFO] ThirdPartyUpdaterWithRetryManager:70 - Updater plugin not ready yet. [2/15]
2026-02-22 00:22:05,851 [INFO] MainUpdater:2872 - connection check result : 10
2026-02-22 00:22:05,852 [INFO] MainUpdater:289 - Updater Check For Update Now.
2026-02-22 00:22:05,852 [INFO] MicroXplorer:498 - Change Database Version : DB.6.0.150
2026-02-22 00:22:05,855 [INFO] McuFinderGlobals:63 - Set McuFinder mode to 2 (CubeIDE integrated)
2026-02-22 00:22:05,856 [INFO] UserAuth:487 - Internet connection configuration mode: 1
2026-02-22 00:22:05,870 [INFO] JxBrowserEngine:152 - Initiate JxBrowser Engine with user profile folder
2026-02-22 00:22:06,023 [INFO] CheckServerUpdateThread:120 - End of CheckServer Thread
2026-02-22 00:22:06,425 [INFO] WebApp:169 - Instantiating new browser for Auth
2026-02-22 00:22:06,948 [INFO] WebApp:463 - Apply proxy settings
2026-02-22 00:22:06,949 [INFO] WebApp:548 - Chromium requires no authentication
2026-02-22 00:22:06,954 [INFO] WebApp:491 - Direct internet connection detected
2026-02-22 00:22:06,981 [INFO] WebApp:900 - Register for checkConnection events
2026-02-22 00:22:06,981 [INFO] WebApp:463 - Apply proxy settings
2026-02-22 00:22:06,982 [INFO] WebApp:548 - Chromium requires no authentication
2026-02-22 00:22:06,982 [INFO] WebApp:491 - Direct internet connection detected
2026-02-22 00:22:07,133 [INFO] WebApp:225 - Starting web application
2026-02-22 00:22:07,133 [INFO] WebApp:593 - Web application path used C:\ST\STM32CubeIDE_1.19.0\STM32CubeIDE\plugins\com.st.stm32cube.common.mx_6.15.0.202507011659\db\plugins\mcufinder\reactClient1\index.html
2026-02-22 00:22:07,208 [INFO] UserAuth:487 - Internet connection configuration mode: 1
2026-02-22 00:22:07,262 [ERROR] LogOutputStream:75 - [STDERR_REDIRECT] [Fatal Error] :1:1: Premature end of file.
2026-02-22 00:22:07,263 [ERROR] LogOutputStream:75 - [STDERR_REDIRECT] 
2026-02-22 00:22:07,525 [INFO] WebApp:191 - Connection restablished
2026-02-22 00:22:08,249 [ERROR] LogOutputStream:75 - [STDERR_REDIRECT] [Fatal Error] :1:1: Premature end of file.
2026-02-22 00:22:08,249 [ERROR] LogOutputStream:75 - [STDERR_REDIRECT] 
2026-02-22 00:22:08,619 [WARN] PackLoader:240 - Cannot read IP mode file for STMicroelectronics.FP-SNS-MOTENVWB1.1.4.0
2026-02-22 00:22:08,626 [WARN] PackLoader:240 - Cannot read IP mode file for STMicroelectronics.FP-ATR-ASTRA1.2.0.2
2026-02-22 00:22:08,633 [WARN] PackLoader:240 - Cannot read IP mode file for STMicroelectronics.X-CUBE-SMBUS.2.1.0
2026-02-22 00:22:08,656 [WARN] PackLoader:240 - Cannot read IP mode file for STMicroelectronics.X-CUBE-AZRTOS-F7.1.1.0
2026-02-22 00:22:08,664 [WARN] PackLoader:240 - Cannot read IP mode file for STMicroelectronics.FP-SNS-MOTENV1.5.1.0
2026-02-22 00:22:08,672 [WARN] PackLoader:240 - Cannot read IP mode file for WES.I-CUBE-Cesium.1.4.0
2026-02-22 00:22:08,699 [WARN] PackLoader:240 - Cannot read IP mode file for STMicroelectronics.X-CUBE-AZRTOS-H7.3.4.0
2026-02-22 00:22:08,707 [WARN] PackLoader:240 - Cannot read IP mode file for STMicroelectronics.X-CUBE-DISPLAY.3.0.0
2026-02-22 00:22:08,717 [WARN] PackLoader:240 - Cannot read IP mode file for STMicroelectronics.X-CUBE-NFC10.1.0.0
2026-02-22 00:22:08,724 [WARN] PackLoader:240 - Cannot read IP mode file for STMicroelectronics.X-CUBE-ST60.1.1.0
2026-02-22 00:22:08,731 [WARN] PackLoader:240 - Cannot read IP mode file for emotas.I-CUBE-CANOPEN.1.3.0
2026-02-22 00:22:08,737 [WARN] PackLoader:240 - Cannot read IP mode file for STMicroelectronics.X-CUBE-GNSS1.7.1.0
2026-02-22 00:22:08,747 [WARN] PackLoader:240 - Cannot read IP mode file for STMicroelectronics.FP-SNS-STBOX1.2.1.0
2026-02-22 00:22:08,753 [WARN] PackLoader:240 - Cannot read IP mode file for STMicroelectronics.FP-SNS-SMARTAG2.1.2.0
2026-02-22 00:22:08,756 [WARN] PackLoader:240 - Cannot read IP mode file for STMicroelectronics.FP-SNS-FLIGHT1.5.1.0
2026-02-22 00:22:08,767 [INFO] LogOutputStream:77 - [STDOUT_REDIRECT] 1 : Invalid condition id : UX_CORESTACK_Condition cause : null
2026-02-22 00:22:08,767 [INFO] LogOutputStream:77 - [STDOUT_REDIRECT] 1 : Invalid condition id : UX_CORESTACK_Condition cause : null
2026-02-22 00:22:08,769 [INFO] LogOutputStream:77 - [STDOUT_REDIRECT] 1 : Invalid condition id : UX_CORESTACK_Condition cause : null
2026-02-22 00:22:08,770 [INFO] LogOutputStream:77 - [STDOUT_REDIRECT] 1 : Invalid condition id : UX_CORESTACK_Condition cause : null
2026-02-22 00:22:08,773 [INFO] LogOutputStream:77 - [STDOUT_REDIRECT] 1 : Invalid condition id : UX_CORESTACK_Condition cause : null
2026-02-22 00:22:08,776 [WARN] PackLoader:240 - Cannot read IP mode file for STMicroelectronics.X-CUBE-AZRTOS-WL.2.0.0
2026-02-22 00:22:08,797 [WARN] PackLoader:240 - Cannot read IP mode file for STMicroelectronics.X-CUBE-AZRTOS-H7RS.1.2.0
2026-02-22 00:22:08,807 [WARN] PackLoader:240 - Cannot read IP mode file for STMicroelectronics.X-CUBE-BLE2.3.3.0
2026-02-22 00:22:08,848 [WARN] PackLoader:240 - Cannot read IP mode file for Infineon.AIROC-Wi-Fi-Bluetooth-STM32.1.8.0
2026-02-22 00:22:08,859 [WARN] PackLoader:240 - Cannot read IP mode file for STMicroelectronics.X-CUBE-NFC9.1.0.0
2026-02-22 00:22:08,864 [WARN] PackLoader:240 - Cannot read IP mode file for STMicroelectronics.X-CUBE-BLE1.7.1.0
2026-02-22 00:22:08,870 [WARN] PackLoader:240 - Cannot read IP mode file for wolfSSL.I-CUBE-wolfMQTT.1.19.2
2026-02-22 00:22:08,875 [WARN] PackLoader:240 - Cannot read IP mode file for STMicroelectronics.X-CUBE-FREERTOS.1.4.0
2026-02-22 00:22:08,880 [WARN] PackLoader:240 - Cannot read IP mode file for STMicroelectronics.X-CUBE-EEPRMA1.5.2.0
2026-02-22 00:22:08,885 [WARN] PackLoader:240 - Cannot read IP mode file for wolfSSL.I-CUBE-wolfSSL.5.8.4
2026-02-22 00:22:08,888 [WARN] PackLoader:240 - Cannot read IP mode file for Cesanta.I-CUBE-Mongoose.7.20.0
2026-02-22 00:22:08,921 [WARN] PackLoader:240 - Cannot read IP mode file for STMicroelectronics.X-CUBE-MEMS1.12.0.0
2026-02-22 00:22:09,008 [WARN] PackLoader:240 - Cannot read IP mode file for STMicroelectronics.X-CUBE-AZRTOS-G0.1.1.0
2026-02-22 00:22:09,014 [WARN] PackLoader:240 - Cannot read IP mode file for STMicroelectronics.X-CUBE-NFC4.3.0.0
2026-02-22 00:22:09,020 [WARN] PackLoader:240 - Cannot read IP mode file for EmbeddedOffice.I-CUBE-FS-RTOS.1.0.1
2026-02-22 00:22:09,023 [WARN] PackLoader:240 - Cannot read IP mode file for STMicroelectronics.X-CUBE-WB05N.2.0.0
2026-02-22 00:22:09,027 [WARN] PackLoader:240 - Cannot read IP mode file for wolfSSL.I-CUBE-wolfTPM.3.8.0
2026-02-22 00:22:09,031 [WARN] PackLoader:240 - Cannot read IP mode file for STMicroelectronics.X-CUBE-TCPP.4.2.0
2026-02-22 00:22:09,036 [WARN] PackLoader:240 - Cannot read IP mode file for RealThread.X-CUBE-RT-Thread_Nano.4.1.1
2026-02-22 00:22:09,040 [WARN] PackLoader:240 - Cannot read IP mode file for STMicroelectronics.FP-ATR-SIGFOX1.3.2.0
2026-02-22 00:22:09,046 [WARN] PackLoader:240 - Cannot read IP mode file for ITTIA_DB.I-CUBE-ITTIADB.8.9.0
2026-02-22 00:22:09,052 [WARN] PackLoader:240 - Cannot read IP mode file for STMicroelectronics.X-CUBE-NFC6.3.2.0
2026-02-22 00:22:09,057 [WARN] PackLoader:240 - Cannot read IP mode file for STMicroelectronics.X-CUBE-AI.10.2.0
2026-02-22 00:22:09,079 [WARN] PackLoader:240 - Cannot read IP mode file for SEGGER.I-CUBE-embOS.1.3.1
2026-02-22 00:22:09,113 [WARN] PackLoader:240 - Cannot read IP mode file for STMicroelectronics.X-CUBE-ALGOBUILD.1.4.0
2026-02-22 00:22:09,116 [WARN] PackLoader:240 - Cannot read IP mode file for STMicroelectronics.X-CUBE-PM33A1.1.0.0
2026-02-22 00:22:09,126 [WARN] PackLoader:240 - Cannot read IP mode file for STMicroelectronics.X-CUBE-AZRTOS-F4.1.1.0
2026-02-22 00:22:09,133 [WARN] PackLoader:240 - Cannot read IP mode file for STMicroelectronics.X-CUBE-ISPU.2.1.0
2026-02-22 00:22:09,140 [WARN] PackLoader:240 - Cannot read IP mode file for STMicroelectronics.X-CUBE-IPS.3.2.0
2026-02-22 00:22:09,150 [WARN] PackLoader:240 - Cannot read IP mode file for STMicroelectronics.X-CUBE-NFC12.1.0.0
2026-02-22 00:22:09,170 [WARN] PackLoader:240 - Cannot read IP mode file for STMicroelectronics.X-CUBE-AZRTOS-L5.2.0.0
2026-02-22 00:22:09,176 [WARN] PackLoader:240 - Cannot read IP mode file for STMicroelectronics.X-CUBE-TOUCHGFX.4.26.0
2026-02-22 00:22:09,209 [WARN] PackLoader:240 - Cannot read IP mode file for STMicroelectronics.FP-SNS-STAIOTCFT.1.0.0
2026-02-22 00:22:09,215 [WARN] PackLoader:240 - Cannot read IP mode file for STMicroelectronics.X-CUBE-DPower.1.3.0
2026-02-22 00:22:09,250 [WARN] ConditionMgr:438 - getConditionDescription Invalid condition id : LAN8742 Phy interface Condition cause : null
2026-02-22 00:22:09,250 [WARN] PackLoader:240 - Cannot read IP mode file for STMicroelectronics.X-CUBE-AZRTOS-L4.2.0.0
2026-02-22 00:22:09,252 [WARN] ConditionMgr:1044 - genDependencies : Invalid condition id : LAN8742 Phy interface Condition cause : null
2026-02-22 00:22:09,252 [WARN] ConditionMgr:1044 - genDependencies : Invalid condition id : LAN8742 Phy interface Condition cause : null
2026-02-22 00:22:09,253 [WARN] ConditionMgr:1044 - genDependencies : Invalid condition id : LAN8742 Phy interface Condition cause : null
2026-02-22 00:22:09,263 [WARN] PackLoader:240 - Cannot read IP mode file for STMicroelectronics.X-CUBE-SFXS2LP1.4.0.0
2026-02-22 00:22:09,270 [WARN] PackLoader:240 - Cannot read IP mode file for STMicroelectronics.X-CUBE-ST67W61.1.2.0
2026-02-22 00:22:09,280 [ERROR] LogOutputStream:75 - [STDERR_REDIRECT] [Fatal Error] :1:1: Premature end of file.
2026-02-22 00:22:09,280 [ERROR] LogOutputStream:75 - [STDERR_REDIRECT] 
2026-02-22 00:22:09,283 [WARN] PackLoader:240 - Cannot read IP mode file for STMicroelectronics.X-CUBE-BLEMGR.4.1.0
2026-02-22 00:22:09,296 [WARN] ConditionMgr:438 - getConditionDescription Invalid condition id : UX DEVICE CLASS RTOS Condition cause : null
2026-02-22 00:22:09,296 [WARN] ConditionMgr:438 - getConditionDescription Invalid condition id : UX DEVICE CLASS RTOS Condition cause : null
2026-02-22 00:22:09,297 [WARN] PackLoader:240 - Cannot read IP mode file for STMicroelectronics.X-CUBE-AZRTOS-WB.2.0.0
2026-02-22 00:22:09,297 [WARN] ConditionMgr:1044 - genDependencies : Invalid condition id : UX DEVICE CLASS RTOS Condition cause : null
2026-02-22 00:22:09,297 [WARN] ConditionMgr:1044 - genDependencies : Invalid condition id : UX DEVICE CLASS RTOS Condition cause : null
2026-02-22 00:22:09,297 [WARN] ConditionMgr:1044 - genDependencies : Invalid condition id : UX DEVICE CLASS RTOS Condition cause : null
2026-02-22 00:22:09,298 [WARN] ConditionMgr:1044 - genDependencies : Invalid condition id : UX DEVICE CLASS RTOS Condition cause : null
2026-02-22 00:22:09,298 [WARN] ConditionMgr:1044 - genDependencies : Invalid condition id : UX DEVICE CLASS RTOS Condition cause : null
2026-02-22 00:22:09,301 [WARN] ConditionMgr:438 - getConditionDescription Invalid condition id : Cortex-A Device cause : null
2026-02-22 00:22:09,306 [WARN] ConditionMgr:1044 - genDependencies : Invalid condition id : Cortex-A Device cause : null
2026-02-22 00:22:09,306 [WARN] ConditionMgr:1044 - genDependencies : Invalid condition id : Cortex-A Device cause : null
2026-02-22 00:22:09,306 [WARN] ConditionMgr:1044 - genDependencies : Invalid condition id : Cortex-A Device cause : null
2026-02-22 00:22:09,311 [WARN] PackLoader:240 - Cannot read IP mode file for STMicroelectronics.X-CUBE-STSE01.2.0.0
2026-02-22 00:22:09,318 [WARN] PackLoader:240 - Cannot read IP mode file for STMicroelectronics.X-CUBE-SUBG2.5.0.0
2026-02-22 00:22:09,329 [WARN] PackLoader:240 - Cannot read IP mode file for STMicroelectronics.X-CUBE-AZRTOS-G4.2.0.0
2026-02-22 00:22:09,333 [WARN] PackLoader:240 - Cannot read IP mode file for wolfSSL.I-CUBE-wolfSSH.1.4.20
2026-02-22 00:22:09,335 [WARN] PackLoader:240 - Cannot read IP mode file for STMicroelectronics.X-CUBE-NFC7.2.0.0
2026-02-22 00:22:09,338 [WARN] PackLoader:240 - Cannot read IP mode file for STMicroelectronics.X-CUBE-ALS.1.0.2
2026-02-22 00:22:09,345 [WARN] PackLoader:240 - Cannot read IP mode file for STMicroelectronics.X-CUBE-TOF1.3.4.3
2026-02-22 00:22:09,352 [INFO] ThirdParty:978 - Integrity check success = true
2026-02-22 00:22:09,352 [INFO] IntegrityCheckThread:100 - exiting critical section [integrity check]
2026-02-22 00:22:09,352 [INFO] IntegrityCheckThread:103 - End integrity checks thread
2026-02-22 00:22:10,258 [ERROR] LogOutputStream:75 - [STDERR_REDIRECT] [Fatal Error] :1:1: Premature end of file.
2026-02-22 00:22:10,258 [ERROR] LogOutputStream:75 - [STDERR_REDIRECT] 
2026-02-22 00:22:11,250 [ERROR] LogOutputStream:75 - [STDERR_REDIRECT] [Fatal Error] :1:1: Premature end of file.
2026-02-22 00:22:11,250 [ERROR] LogOutputStream:75 - [STDERR_REDIRECT] 
2026-02-22 00:22:11,792 [ERROR] LogOutputStream:75 - [STDERR_REDIRECT] 
2026-02-22 00:22:19,104 [INFO] Activator:176 - 


2026-02-22 00:22:19,106 [INFO] Activator:177 - !SESSION log4j initialized
2026-02-22 00:22:23,207 [INFO] LogOutputStream:77 - [STDOUT_REDIRECT] 
2026-02-22 00:22:24,458 [INFO] ApplicationProperties:184 - Using Application install path: C:\ST\STM32CubeIDE_1.19.0\STM32CubeIDE\plugins\com.st.stm32cube.common.mx_6.15.0.202507011659
2026-02-22 00:22:24,470 [INFO] DbMcusXml:78 - Set database path to: C:\ST\STM32CubeIDE_1.19.0\STM32CubeIDE\plugins\com.st.stm32cube.common.mx_6.15.0.202507011659\\db\/mcu/
2026-02-22 00:22:24,470 [INFO] ApiDb:274 - Set plugin database path to: C:\ST\STM32CubeIDE_1.19.0\STM32CubeIDE\plugins\com.st.stm32cube.common.mx_6.15.0.202507011659\\db\/plugins/boardmanager/
2026-02-22 00:22:24,470 [WARN] ApiDb:259 - Overriding images path with different value:  => C:\ST\STM32CubeIDE_1.19.0\STM32CubeIDE\plugins\com.st.stm32cube.common.mx_6.15.0.202507011659\\db\/plugins/mcufinder/images/
2026-02-22 00:22:24,474 [INFO] ApiDb:250 - Set database path to: C:\Users\USER\.stmcufinder\plugins\mcufinder//mcu/
2026-02-22 00:22:24,474 [INFO] DbMcusAds:125 - Set database path to: C:\Users\USER\.stmcufinder\plugins\mcufinder//mcu/
2026-02-22 00:22:24,476 [INFO] CrossReferenceDbSqlite:203 - Set database path to: C:\Users\USER\.stmcufinder\plugins\mcufinder//mcu/cs/
2026-02-22 00:22:24,563 [INFO] RulesReader:64 - Compatibility file has been processed (317 Rules)
2026-02-22 00:22:24,617 [INFO] DbMcusXml:78 - Set database path to: C:\ST\STM32CubeIDE_1.19.0\STM32CubeIDE\plugins\com.st.stm32cube.common.mx_6.15.0.202507011659\\db\/mcu/
2026-02-22 00:22:24,617 [INFO] ApiDb:274 - Set plugin database path to: C:\ST\STM32CubeIDE_1.19.0\STM32CubeIDE\plugins\com.st.stm32cube.common.mx_6.15.0.202507011659\\db\/plugins/boardmanager/
2026-02-22 00:22:24,617 [INFO] ApiDb:261 - Set plugin images path to: C:\ST\STM32CubeIDE_1.19.0\STM32CubeIDE\plugins\com.st.stm32cube.common.mx_6.15.0.202507011659\\db\/plugins/mcufinder/images/
2026-02-22 00:22:24,617 [WARN] DbFile:41 - Overriding database path with different value: C:\Users\USER\.stmcufinder\plugins\mcufinder/ => C:\Users\USER\.stmcufinder\plugins\mcufinder
2026-02-22 00:22:24,618 [INFO] ApiDb:250 - Set database path to: C:\Users\USER\.stmcufinder\plugins\mcufinder//mcu/
2026-02-22 00:22:24,618 [WARN] DbFile:41 - Overriding database path with different value: C:\Users\USER\.stmcufinder\plugins\mcufinder/ => C:\Users\USER\.stmcufinder\plugins\mcufinder
2026-02-22 00:22:24,618 [INFO] DbMcusAds:125 - Set database path to: C:\Users\USER\.stmcufinder\plugins\mcufinder//mcu/
2026-02-22 00:22:24,618 [WARN] DbFile:41 - Overriding database path with different value: C:\Users\USER\.stmcufinder\plugins\mcufinder/ => C:\Users\USER\.stmcufinder\plugins\mcufinder
2026-02-22 00:22:24,618 [WARN] DbFile:41 - Overriding database path with different value: C:\Users\USER\.stmcufinder\plugins\mcufinder/ => C:\Users\USER\.stmcufinder\plugins\mcufinder
2026-02-22 00:22:24,618 [INFO] CrossReferenceDbSqlite:203 - Set database path to: C:\Users\USER\.stmcufinder\plugins\mcufinder//mcu/cs/
2026-02-22 00:22:24,668 [INFO] MainPanel:274 - HeapMemory: 268435456
2026-02-22 00:22:24,732 [INFO] DbMcusXml:78 - Set database path to: C:\ST\STM32CubeIDE_1.19.0\STM32CubeIDE\plugins\com.st.stm32cube.common.mx_6.15.0.202507011659\\db\/mcu/
2026-02-22 00:22:24,732 [INFO] ApiDb:274 - Set plugin database path to: C:\ST\STM32CubeIDE_1.19.0\STM32CubeIDE\plugins\com.st.stm32cube.common.mx_6.15.0.202507011659\\db\/plugins/boardmanager/
2026-02-22 00:22:24,732 [INFO] ApiDb:261 - Set plugin images path to: C:\ST\STM32CubeIDE_1.19.0\STM32CubeIDE\plugins\com.st.stm32cube.common.mx_6.15.0.202507011659\\db\/plugins/mcufinder/images/
2026-02-22 00:22:24,733 [WARN] DbFile:41 - Overriding database path with different value: C:\Users\USER\.stmcufinder\plugins\mcufinder/ => C:\Users\USER\.stmcufinder\plugins\mcufinder
2026-02-22 00:22:24,733 [INFO] ApiDb:250 - Set database path to: C:\Users\USER\.stmcufinder\plugins\mcufinder//mcu/
2026-02-22 00:22:24,733 [WARN] DbFile:41 - Overriding database path with different value: C:\Users\USER\.stmcufinder\plugins\mcufinder/ => C:\Users\USER\.stmcufinder\plugins\mcufinder
2026-02-22 00:22:24,733 [INFO] DbMcusAds:125 - Set database path to: C:\Users\USER\.stmcufinder\plugins\mcufinder//mcu/
2026-02-22 00:22:24,733 [WARN] DbFile:41 - Overriding database path with different value: C:\Users\USER\.stmcufinder\plugins\mcufinder/ => C:\Users\USER\.stmcufinder\plugins\mcufinder
2026-02-22 00:22:24,733 [WARN] DbFile:41 - Overriding database path with different value: C:\Users\USER\.stmcufinder\plugins\mcufinder/ => C:\Users\USER\.stmcufinder\plugins\mcufinder
2026-02-22 00:22:24,733 [INFO] CrossReferenceDbSqlite:203 - Set database path to: C:\Users\USER\.stmcufinder\plugins\mcufinder//mcu/cs/
2026-02-22 00:22:24,747 [INFO] ApplicationProperties:184 - Using Application install path: C:\ST\STM32CubeIDE_1.19.0\STM32CubeIDE\plugins\com.st.stm32cube.common.mx_6.15.0.202507011659
2026-02-22 00:22:24,748 [INFO] PluginManage:196 - Search for loadable plugins [exclusion list=, ]
2026-02-22 00:22:24,749 [INFO] PluginManage:310 - Check plugin analytics
2026-02-22 00:22:24,897 [INFO] AnalyticsPlugin:253 - Accepted Software Licenses: 
2026-02-22 00:22:24,897 [INFO] AnalyticsPlugin:255 - Accepted CMSIS Pack Licenses: 
2026-02-22 00:22:24,897 [INFO] AnalyticsPlugin:257 - Accepted Firmware Licenses: FW.F4.1.28.0
2026-02-22 00:22:24,900 [INFO] PluginManage:359 - Loaded plugin analytics (category:tool,tabindex:-1)
2026-02-22 00:22:24,901 [INFO] PluginManage:310 - Check plugin cadmodel
2026-02-22 00:22:24,905 [INFO] CADModel:105 - Init CAD model plugin
2026-02-22 00:22:24,905 [INFO] PluginManage:359 - Loaded plugin cadmodel (category:power,tabindex:5)
2026-02-22 00:22:24,905 [INFO] PluginManage:310 - Check plugin clock
2026-02-22 00:22:24,915 [INFO] PluginManage:359 - Loaded plugin clock (category:base,tabindex:2)
2026-02-22 00:22:24,915 [INFO] PluginManage:310 - Check plugin ddr
2026-02-22 00:22:24,916 [INFO] PluginManage:359 - Loaded plugin ddr (category:tool,tabindex:6)
2026-02-22 00:22:24,917 [INFO] PluginManage:310 - Check plugin filemanager
2026-02-22 00:22:25,022 [INFO] PluginManage:359 - Loaded plugin filemanager (category:base,tabindex:10)
2026-02-22 00:22:25,022 [INFO] PluginManage:310 - Check plugin ipmanager
2026-02-22 00:22:25,026 [INFO] PluginManage:359 - Loaded plugin ipmanager (category:base,tabindex:5)
2026-02-22 00:22:25,026 [INFO] PluginManage:310 - Check plugin lpbam
2026-02-22 00:22:25,032 [INFO] PluginManage:359 - Loaded plugin lpbam (category:base,tabindex:0)
2026-02-22 00:22:25,032 [INFO] PluginManage:310 - Check plugin memorymap
2026-02-22 00:22:25,040 [INFO] PluginManage:359 - Loaded plugin memorymap (category:base,tabindex:4)
2026-02-22 00:22:25,040 [INFO] PluginManage:310 - Check plugin pinoutandconfiguration
2026-02-22 00:22:25,045 [INFO] PluginManage:359 - Loaded plugin pinoutandconfiguration (category:base,tabindex:1)
2026-02-22 00:22:25,045 [INFO] PluginManage:310 - Check plugin pinoutconfig
2026-02-22 00:22:25,122 [WARN] SupportedApi:132 - Cannot load RTOS API schema: s4s-elt-must-match.1: The content of 'definitions' must match (annotation?, (simpleType | complexType)?, (unique | key | keyref)*)). A problem was found starting at: attribute.
2026-02-22 00:22:25,243 [INFO] PluginManage:359 - Loaded plugin pinoutconfig (category:base,tabindex:0)
2026-02-22 00:22:25,243 [INFO] PluginManage:310 - Check plugin power
2026-02-22 00:22:25,249 [INFO] PluginManage:359 - Loaded plugin power (category:power,tabindex:4)
2026-02-22 00:22:25,249 [INFO] PluginManage:310 - Check plugin projectmanager
2026-02-22 00:22:25,260 [INFO] PluginManage:359 - Loaded plugin projectmanager (category:projectmanager,tabindex:4)
2026-02-22 00:22:25,260 [INFO] PluginManage:310 - Check plugin rif
2026-02-22 00:22:25,267 [INFO] PluginManage:359 - Loaded plugin rif (category:base,tabindex:3)
2026-02-22 00:22:25,267 [INFO] PluginManage:310 - Check plugin thirdparty
2026-02-22 00:22:25,370 [INFO] PluginManage:359 - Loaded plugin thirdparty (category:base,tabindex:-1)
2026-02-22 00:22:25,369 [WARN] IntegrityCheckThread:84 - waiting for thirdparty lock release [integrity check]
2026-02-22 00:22:25,370 [INFO] PluginManage:310 - Check plugin tools
2026-02-22 00:22:25,370 [INFO] IntegrityCheckThread:86 - entering critical section [integrity check]
2026-02-22 00:22:25,370 [INFO] ThirdPartyUpdaterWithRetryManager:70 - Updater plugin not ready yet. [1/15]
2026-02-22 00:22:25,372 [INFO] PluginManage:359 - Loaded plugin tools (category:base,tabindex:7)
2026-02-22 00:22:25,372 [INFO] PluginManage:310 - Check plugin tutovideos
2026-02-22 00:22:25,542 [INFO] PluginManage:359 - Loaded plugin tutovideos (category:base,tabindex:-1)
2026-02-22 00:22:25,542 [INFO] PluginManage:310 - Check plugin updater
2026-02-22 00:22:25,557 [INFO] PluginManage:359 - Loaded plugin updater (category:base,tabindex:12)
2026-02-22 00:22:25,557 [INFO] PluginManage:310 - Check plugin userauth
2026-02-22 00:22:25,560 [INFO] UserAuth:118 - Init User Auth plugin
2026-02-22 00:22:25,560 [INFO] PluginManage:359 - Loaded plugin userauth (category:base,tabindex:14)
2026-02-22 00:22:25,560 [INFO] PluginManage:283 - PluginManage : Loaded plugins [18]
2026-02-22 00:22:25,713 [INFO] PinOutPanel:1589 - setPackage(No Configuration,No Configuration)
2026-02-22 00:22:25,777 [INFO] CADModel:165 - CPN selected for project level
2026-02-22 00:22:25,778 [INFO] CADModel:114 - Register for checkConnection events
2026-02-22 00:22:25,790 [INFO] IPUIPlugin:80 - create IPUIPlugin
2026-02-22 00:22:25,791 [INFO] PluginManager:220 - loadIPPluginJar : add adc
2026-02-22 00:22:25,792 [INFO] IPUIPlugin:80 - create IPUIPlugin
2026-02-22 00:22:25,792 [INFO] PluginManager:220 - loadIPPluginJar : add aes
2026-02-22 00:22:25,795 [INFO] IPUIPlugin:80 - create IPUIPlugin
2026-02-22 00:22:25,795 [INFO] PluginManager:220 - loadIPPluginJar : add can
2026-02-22 00:22:25,796 [INFO] IPUIPlugin:80 - create IPUIPlugin
2026-02-22 00:22:25,796 [INFO] PluginManager:220 - loadIPPluginJar : add comp
2026-02-22 00:22:25,798 [INFO] IPUIPlugin:80 - create IPUIPlugin
2026-02-22 00:22:25,798 [INFO] PluginManager:220 - loadIPPluginJar : add cryp
2026-02-22 00:22:25,799 [INFO] IPUIPlugin:80 - create IPUIPlugin
2026-02-22 00:22:25,799 [INFO] PluginManager:220 - loadIPPluginJar : add ddr_ctrl_phy
2026-02-22 00:22:25,801 [INFO] IPUIPlugin:80 - create IPUIPlugin
2026-02-22 00:22:25,801 [INFO] PluginManager:220 - loadIPPluginJar : add dfsdm
2026-02-22 00:22:25,806 [INFO] IPUIPlugin:80 - create IPUIPlugin
2026-02-22 00:22:25,807 [INFO] PluginManager:220 - loadIPPluginJar : add dma
2026-02-22 00:22:25,808 [INFO] IPUIPlugin:80 - create IPUIPlugin
2026-02-22 00:22:25,808 [INFO] PluginManager:220 - loadIPPluginJar : add dma3
2026-02-22 00:22:25,810 [INFO] IPUIPlugin:80 - create IPUIPlugin
2026-02-22 00:22:25,810 [INFO] PluginManager:220 - loadIPPluginJar : add extmemmanager
2026-02-22 00:22:25,811 [INFO] IPUIPlugin:80 - create IPUIPlugin
2026-02-22 00:22:25,811 [INFO] PluginManager:220 - loadIPPluginJar : add fatfs
2026-02-22 00:22:25,814 [INFO] IPUIPlugin:80 - create IPUIPlugin
2026-02-22 00:22:25,814 [INFO] PluginManager:220 - loadIPPluginJar : add fmc
2026-02-22 00:22:25,818 [INFO] IPUIPlugin:80 - create IPUIPlugin
2026-02-22 00:22:25,818 [INFO] PluginManager:220 - loadIPPluginJar : add freertos
2026-02-22 00:22:25,819 [INFO] IPUIPlugin:80 - create IPUIPlugin
2026-02-22 00:22:25,819 [INFO] PluginManager:220 - loadIPPluginJar : add genericplugin
2026-02-22 00:22:25,820 [INFO] IPUIPlugin:80 - create IPUIPlugin
2026-02-22 00:22:25,820 [INFO] PluginManager:220 - loadIPPluginJar : add gfxmmu
2026-02-22 00:22:25,823 [INFO] IPUIPlugin:80 - create IPUIPlugin
2026-02-22 00:22:25,824 [INFO] PluginManager:220 - loadIPPluginJar : add gic
2026-02-22 00:22:25,826 [INFO] IPUIPlugin:80 - create IPUIPlugin
2026-02-22 00:22:25,826 [INFO] PluginManager:220 - loadIPPluginJar : add gpio
2026-02-22 00:22:25,828 [INFO] IPUIPlugin:80 - create IPUIPlugin
2026-02-22 00:22:25,828 [INFO] PluginManager:220 - loadIPPluginJar : add gtzc
2026-02-22 00:22:25,829 [INFO] IPUIPlugin:80 - create IPUIPlugin
2026-02-22 00:22:25,829 [INFO] PluginManager:220 - loadIPPluginJar : add hash
2026-02-22 00:22:25,831 [INFO] IPUIPlugin:80 - create IPUIPlugin
2026-02-22 00:22:25,831 [INFO] PluginManager:220 - loadIPPluginJar : add i2c
2026-02-22 00:22:25,833 [INFO] IPUIPlugin:80 - create IPUIPlugin
2026-02-22 00:22:25,833 [INFO] PluginManager:220 - loadIPPluginJar : add i2s
2026-02-22 00:22:25,835 [INFO] IPUIPlugin:80 - create IPUIPlugin
2026-02-22 00:22:25,836 [INFO] PluginManager:220 - loadIPPluginJar : add i3c
2026-02-22 00:22:25,838 [INFO] IPUIPlugin:80 - create IPUIPlugin
2026-02-22 00:22:25,838 [INFO] PluginManager:220 - loadIPPluginJar : add ipddr
2026-02-22 00:22:25,842 [INFO] IPUIPlugin:80 - create IPUIPlugin
2026-02-22 00:22:25,842 [INFO] PluginManager:220 - loadIPPluginJar : add linkedlist
2026-02-22 00:22:25,845 [INFO] IPUIPlugin:80 - create IPUIPlugin
2026-02-22 00:22:25,845 [INFO] PluginManager:220 - loadIPPluginJar : add lorawan
2026-02-22 00:22:25,845 [INFO] IPUIPlugin:80 - create IPUIPlugin
2026-02-22 00:22:25,845 [INFO] PluginManager:220 - loadIPPluginJar : add ltdc
2026-02-22 00:22:25,849 [INFO] IPUIPlugin:80 - create IPUIPlugin
2026-02-22 00:22:25,849 [INFO] PluginManager:220 - loadIPPluginJar : add mdma
2026-02-22 00:22:25,851 [INFO] IPUIPlugin:80 - create IPUIPlugin
2026-02-22 00:22:25,851 [INFO] PluginManager:220 - loadIPPluginJar : add nvic
2026-02-22 00:22:25,854 [INFO] IPUIPlugin:80 - create IPUIPlugin
2026-02-22 00:22:25,854 [INFO] PluginManager:220 - loadIPPluginJar : add opamp
2026-02-22 00:22:25,856 [INFO] IPUIPlugin:80 - create IPUIPlugin
2026-02-22 00:22:25,856 [INFO] PluginManager:220 - loadIPPluginJar : add openamp
2026-02-22 00:22:25,858 [INFO] IPUIPlugin:80 - create IPUIPlugin
2026-02-22 00:22:25,858 [INFO] PluginManager:220 - loadIPPluginJar : add pdm2pcm
2026-02-22 00:22:25,862 [INFO] IPUIPlugin:80 - create IPUIPlugin
2026-02-22 00:22:25,864 [INFO] PluginManager:220 - loadIPPluginJar : add plateformsettings
2026-02-22 00:22:25,865 [INFO] IPUIPlugin:80 - create IPUIPlugin
2026-02-22 00:22:25,865 [INFO] PluginManager:220 - loadIPPluginJar : add quadspi
2026-02-22 00:22:25,866 [INFO] IPUIPlugin:80 - create IPUIPlugin
2026-02-22 00:22:25,867 [INFO] PluginManager:220 - loadIPPluginJar : add radio
2026-02-22 00:22:25,870 [INFO] IPUIPlugin:80 - create IPUIPlugin
2026-02-22 00:22:25,870 [INFO] PluginManager:220 - loadIPPluginJar : add resmgrutility
2026-02-22 00:22:25,872 [INFO] IPUIPlugin:80 - create IPUIPlugin
2026-02-22 00:22:25,872 [INFO] PluginManager:220 - loadIPPluginJar : add sai
2026-02-22 00:22:25,873 [INFO] IPUIPlugin:80 - create IPUIPlugin
2026-02-22 00:22:25,873 [INFO] PluginManager:220 - loadIPPluginJar : add spi
2026-02-22 00:22:25,877 [INFO] IPUIPlugin:80 - create IPUIPlugin
2026-02-22 00:22:25,877 [INFO] PluginManager:220 - loadIPPluginJar : add stm32_wpan
2026-02-22 00:22:25,878 [INFO] IPUIPlugin:80 - create IPUIPlugin
2026-02-22 00:22:25,878 [INFO] PluginManager:220 - loadIPPluginJar : add tim
2026-02-22 00:22:25,881 [INFO] IPUIPlugin:80 - create IPUIPlugin
2026-02-22 00:22:25,881 [INFO] PluginManager:220 - loadIPPluginJar : add touchsensing
2026-02-22 00:22:25,882 [INFO] IPUIPlugin:80 - create IPUIPlugin
2026-02-22 00:22:25,882 [INFO] PluginManager:220 - loadIPPluginJar : add tracer_emb
2026-02-22 00:22:25,884 [INFO] IPUIPlugin:80 - create IPUIPlugin
2026-02-22 00:22:25,884 [INFO] PluginManager:220 - loadIPPluginJar : add ts
2026-02-22 00:22:25,884 [INFO] IPUIPlugin:80 - create IPUIPlugin
2026-02-22 00:22:25,884 [INFO] PluginManager:220 - loadIPPluginJar : add tsc
2026-02-22 00:22:25,885 [INFO] IPUIPlugin:80 - create IPUIPlugin
2026-02-22 00:22:25,885 [INFO] PluginManager:220 - loadIPPluginJar : add ucpd
2026-02-22 00:22:25,887 [INFO] IPUIPlugin:80 - create IPUIPlugin
2026-02-22 00:22:25,887 [INFO] PluginManager:220 - loadIPPluginJar : add usart
2026-02-22 00:22:25,889 [INFO] IPUIPlugin:80 - create IPUIPlugin
2026-02-22 00:22:25,889 [INFO] PluginManager:220 - loadIPPluginJar : add usbx
2026-02-22 00:22:26,001 [FATAL] Updater:351 - Updater called before beeing initialized
2026-02-22 00:22:26,028 [INFO] RulesReader:64 - Compatibility file has been processed (317 Rules)
2026-02-22 00:22:26,037 [INFO] RulesReader:64 - Compatibility file has been processed (317 Rules)
2026-02-22 00:22:26,042 [INFO] CADModel:165 - CPN selected for project level
2026-02-22 00:22:26,043 [INFO] CADModel:114 - Register for checkConnection events
2026-02-22 00:22:26,043 [FATAL] Updater:351 - Updater called before beeing initialized
2026-02-22 00:22:26,043 [ERROR] CADModel:125 - Updater not yet initialized, retry later 
2026-02-22 00:22:26,146 [FATAL] Updater:351 - Updater called before beeing initialized
2026-02-22 00:22:26,148 [INFO] CADModel:165 - CPN selected for project level
2026-02-22 00:22:26,148 [INFO] CADModel:114 - Register for checkConnection events
2026-02-22 00:22:26,148 [FATAL] Updater:351 - Updater called before beeing initialized
2026-02-22 00:22:26,148 [ERROR] CADModel:125 - Updater not yet initialized, retry later 
2026-02-22 00:22:26,150 [FATAL] Updater:351 - Updater called before beeing initialized
2026-02-22 00:22:26,223 [FATAL] Updater:351 - Updater called before beeing initialized
2026-02-22 00:22:26,225 [INFO] DbMcusAds:53 - JSON generation date=Tue Feb 10 21:16:36 KST 2026 (1770725796209)
2026-02-22 00:22:26,226 [FATAL] Updater:351 - Updater called before beeing initialized
2026-02-22 00:22:26,252 [WARN] DetailPanel:346 - Failed to get advertising image, set to default
2026-02-22 00:22:26,321 [FATAL] Updater:351 - Updater called before beeing initialized
2026-02-22 00:22:26,322 [FATAL] Updater:351 - Updater called before beeing initialized
2026-02-22 00:22:26,322 [FATAL] Updater:351 - Updater called before beeing initialized
2026-02-22 00:22:26,322 [WARN] DetailPanel:346 - Failed to get advertising image, set to default
2026-02-22 00:22:26,323 [FATAL] Updater:351 - Updater called before beeing initialized
2026-02-22 00:22:26,356 [ERROR] Updater:1198 - MainUpdater not yet initialized. External WinMGr cannot be set.
2026-02-22 00:22:26,359 [INFO] Updater:1134 - Updater Version found : 6.15.0
2026-02-22 00:22:26,374 [INFO] ApplicationProperties:184 - Using Application install path: C:\ST\STM32CubeIDE_1.19.0\STM32CubeIDE\plugins\com.st.stm32cube.common.mx_6.15.0.202507011659
2026-02-22 00:23:01,011 [INFO] Activator:176 - 


2026-02-22 00:23:01,013 [INFO] Activator:177 - !SESSION log4j initialized
2026-02-22 00:23:05,604 [INFO] LogOutputStream:77 - [STDOUT_REDIRECT] 
2026-02-22 00:23:06,844 [INFO] ApplicationProperties:184 - Using Application install path: C:\ST\STM32CubeIDE_1.19.0\STM32CubeIDE\plugins\com.st.stm32cube.common.mx_6.15.0.202507011659
2026-02-22 00:23:06,858 [INFO] DbMcusXml:78 - Set database path to: C:\ST\STM32CubeIDE_1.19.0\STM32CubeIDE\plugins\com.st.stm32cube.common.mx_6.15.0.202507011659\\db\/mcu/
2026-02-22 00:23:06,858 [INFO] ApiDb:274 - Set plugin database path to: C:\ST\STM32CubeIDE_1.19.0\STM32CubeIDE\plugins\com.st.stm32cube.common.mx_6.15.0.202507011659\\db\/plugins/boardmanager/
2026-02-22 00:23:06,858 [WARN] ApiDb:259 - Overriding images path with different value:  => C:\ST\STM32CubeIDE_1.19.0\STM32CubeIDE\plugins\com.st.stm32cube.common.mx_6.15.0.202507011659\\db\/plugins/mcufinder/images/
2026-02-22 00:23:06,862 [INFO] ApiDb:250 - Set database path to: C:\Users\USER\.stmcufinder\plugins\mcufinder//mcu/
2026-02-22 00:23:06,863 [INFO] DbMcusAds:125 - Set database path to: C:\Users\USER\.stmcufinder\plugins\mcufinder//mcu/
2026-02-22 00:23:06,865 [INFO] CrossReferenceDbSqlite:203 - Set database path to: C:\Users\USER\.stmcufinder\plugins\mcufinder//mcu/cs/
2026-02-22 00:23:06,994 [INFO] RulesReader:64 - Compatibility file has been processed (317 Rules)
2026-02-22 00:23:07,056 [INFO] DbMcusXml:78 - Set database path to: C:\ST\STM32CubeIDE_1.19.0\STM32CubeIDE\plugins\com.st.stm32cube.common.mx_6.15.0.202507011659\\db\/mcu/
2026-02-22 00:23:07,057 [INFO] ApiDb:274 - Set plugin database path to: C:\ST\STM32CubeIDE_1.19.0\STM32CubeIDE\plugins\com.st.stm32cube.common.mx_6.15.0.202507011659\\db\/plugins/boardmanager/
2026-02-22 00:23:07,057 [INFO] ApiDb:261 - Set plugin images path to: C:\ST\STM32CubeIDE_1.19.0\STM32CubeIDE\plugins\com.st.stm32cube.common.mx_6.15.0.202507011659\\db\/plugins/mcufinder/images/
2026-02-22 00:23:07,057 [WARN] DbFile:41 - Overriding database path with different value: C:\Users\USER\.stmcufinder\plugins\mcufinder/ => C:\Users\USER\.stmcufinder\plugins\mcufinder
2026-02-22 00:23:07,057 [INFO] ApiDb:250 - Set database path to: C:\Users\USER\.stmcufinder\plugins\mcufinder//mcu/
2026-02-22 00:23:07,057 [WARN] DbFile:41 - Overriding database path with different value: C:\Users\USER\.stmcufinder\plugins\mcufinder/ => C:\Users\USER\.stmcufinder\plugins\mcufinder
2026-02-22 00:23:07,057 [INFO] DbMcusAds:125 - Set database path to: C:\Users\USER\.stmcufinder\plugins\mcufinder//mcu/
2026-02-22 00:23:07,057 [WARN] DbFile:41 - Overriding database path with different value: C:\Users\USER\.stmcufinder\plugins\mcufinder/ => C:\Users\USER\.stmcufinder\plugins\mcufinder
2026-02-22 00:23:07,057 [WARN] DbFile:41 - Overriding database path with different value: C:\Users\USER\.stmcufinder\plugins\mcufinder/ => C:\Users\USER\.stmcufinder\plugins\mcufinder
2026-02-22 00:23:07,057 [INFO] CrossReferenceDbSqlite:203 - Set database path to: C:\Users\USER\.stmcufinder\plugins\mcufinder//mcu/cs/
2026-02-22 00:23:07,127 [INFO] MainPanel:274 - HeapMemory: 274726912
2026-02-22 00:23:07,211 [INFO] DbMcusXml:78 - Set database path to: C:\ST\STM32CubeIDE_1.19.0\STM32CubeIDE\plugins\com.st.stm32cube.common.mx_6.15.0.202507011659\\db\/mcu/
2026-02-22 00:23:07,211 [INFO] ApiDb:274 - Set plugin database path to: C:\ST\STM32CubeIDE_1.19.0\STM32CubeIDE\plugins\com.st.stm32cube.common.mx_6.15.0.202507011659\\db\/plugins/boardmanager/
2026-02-22 00:23:07,211 [INFO] ApiDb:261 - Set plugin images path to: C:\ST\STM32CubeIDE_1.19.0\STM32CubeIDE\plugins\com.st.stm32cube.common.mx_6.15.0.202507011659\\db\/plugins/mcufinder/images/
2026-02-22 00:23:07,211 [WARN] DbFile:41 - Overriding database path with different value: C:\Users\USER\.stmcufinder\plugins\mcufinder/ => C:\Users\USER\.stmcufinder\plugins\mcufinder
2026-02-22 00:23:07,211 [INFO] ApiDb:250 - Set database path to: C:\Users\USER\.stmcufinder\plugins\mcufinder//mcu/
2026-02-22 00:23:07,213 [WARN] DbFile:41 - Overriding database path with different value: C:\Users\USER\.stmcufinder\plugins\mcufinder/ => C:\Users\USER\.stmcufinder\plugins\mcufinder
2026-02-22 00:23:07,213 [INFO] DbMcusAds:125 - Set database path to: C:\Users\USER\.stmcufinder\plugins\mcufinder//mcu/
2026-02-22 00:23:07,213 [WARN] DbFile:41 - Overriding database path with different value: C:\Users\USER\.stmcufinder\plugins\mcufinder/ => C:\Users\USER\.stmcufinder\plugins\mcufinder
2026-02-22 00:23:07,213 [WARN] DbFile:41 - Overriding database path with different value: C:\Users\USER\.stmcufinder\plugins\mcufinder/ => C:\Users\USER\.stmcufinder\plugins\mcufinder
2026-02-22 00:23:07,213 [INFO] CrossReferenceDbSqlite:203 - Set database path to: C:\Users\USER\.stmcufinder\plugins\mcufinder//mcu/cs/
2026-02-22 00:23:07,232 [INFO] ApplicationProperties:184 - Using Application install path: C:\ST\STM32CubeIDE_1.19.0\STM32CubeIDE\plugins\com.st.stm32cube.common.mx_6.15.0.202507011659
2026-02-22 00:23:07,233 [INFO] PluginManage:196 - Search for loadable plugins [exclusion list=, ]
2026-02-22 00:23:07,235 [INFO] PluginManage:310 - Check plugin analytics
2026-02-22 00:23:07,466 [INFO] AnalyticsPlugin:253 - Accepted Software Licenses: 
2026-02-22 00:23:07,466 [INFO] AnalyticsPlugin:255 - Accepted CMSIS Pack Licenses: 
2026-02-22 00:23:07,466 [INFO] AnalyticsPlugin:257 - Accepted Firmware Licenses: FW.F4.1.28.0
2026-02-22 00:23:07,469 [INFO] PluginManage:359 - Loaded plugin analytics (category:tool,tabindex:-1)
2026-02-22 00:23:07,469 [INFO] PluginManage:310 - Check plugin cadmodel
2026-02-22 00:23:07,472 [INFO] CADModel:105 - Init CAD model plugin
2026-02-22 00:23:07,472 [INFO] PluginManage:359 - Loaded plugin cadmodel (category:power,tabindex:5)
2026-02-22 00:23:07,472 [INFO] PluginManage:310 - Check plugin clock
2026-02-22 00:23:07,479 [INFO] PluginManage:359 - Loaded plugin clock (category:base,tabindex:2)
2026-02-22 00:23:07,479 [INFO] PluginManage:310 - Check plugin ddr
2026-02-22 00:23:07,481 [INFO] PluginManage:359 - Loaded plugin ddr (category:tool,tabindex:6)
2026-02-22 00:23:07,481 [INFO] PluginManage:310 - Check plugin filemanager
2026-02-22 00:23:07,611 [INFO] PluginManage:359 - Loaded plugin filemanager (category:base,tabindex:10)
2026-02-22 00:23:07,611 [INFO] PluginManage:310 - Check plugin ipmanager
2026-02-22 00:23:07,616 [INFO] PluginManage:359 - Loaded plugin ipmanager (category:base,tabindex:5)
2026-02-22 00:23:07,618 [INFO] PluginManage:310 - Check plugin lpbam
2026-02-22 00:23:07,624 [INFO] PluginManage:359 - Loaded plugin lpbam (category:base,tabindex:0)
2026-02-22 00:23:07,624 [INFO] PluginManage:310 - Check plugin memorymap
2026-02-22 00:23:07,634 [INFO] PluginManage:359 - Loaded plugin memorymap (category:base,tabindex:4)
2026-02-22 00:23:07,634 [INFO] PluginManage:310 - Check plugin pinoutandconfiguration
2026-02-22 00:23:07,641 [INFO] PluginManage:359 - Loaded plugin pinoutandconfiguration (category:base,tabindex:1)
2026-02-22 00:23:07,642 [INFO] PluginManage:310 - Check plugin pinoutconfig
2026-02-22 00:23:07,729 [WARN] SupportedApi:132 - Cannot load RTOS API schema: s4s-elt-must-match.1: The content of 'definitions' must match (annotation?, (simpleType | complexType)?, (unique | key | keyref)*)). A problem was found starting at: attribute.
2026-02-22 00:23:07,867 [INFO] PluginManage:359 - Loaded plugin pinoutconfig (category:base,tabindex:0)
2026-02-22 00:23:07,867 [INFO] PluginManage:310 - Check plugin power
2026-02-22 00:23:07,876 [INFO] PluginManage:359 - Loaded plugin power (category:power,tabindex:4)
2026-02-22 00:23:07,876 [INFO] PluginManage:310 - Check plugin projectmanager
2026-02-22 00:23:07,895 [INFO] PluginManage:359 - Loaded plugin projectmanager (category:projectmanager,tabindex:4)
2026-02-22 00:23:07,895 [INFO] PluginManage:310 - Check plugin rif
2026-02-22 00:23:07,903 [INFO] PluginManage:359 - Loaded plugin rif (category:base,tabindex:3)
2026-02-22 00:23:07,904 [INFO] PluginManage:310 - Check plugin thirdparty
2026-02-22 00:23:08,036 [WARN] IntegrityCheckThread:84 - waiting for thirdparty lock release [integrity check]
2026-02-22 00:23:08,036 [INFO] PluginManage:359 - Loaded plugin thirdparty (category:base,tabindex:-1)
2026-02-22 00:23:08,036 [INFO] IntegrityCheckThread:86 - entering critical section [integrity check]
2026-02-22 00:23:08,036 [INFO] PluginManage:310 - Check plugin tools
2026-02-22 00:23:08,036 [INFO] ThirdPartyUpdaterWithRetryManager:70 - Updater plugin not ready yet. [1/15]
2026-02-22 00:23:08,039 [INFO] PluginManage:359 - Loaded plugin tools (category:base,tabindex:7)
2026-02-22 00:23:08,039 [INFO] PluginManage:310 - Check plugin tutovideos
2026-02-22 00:23:08,218 [INFO] PluginManage:359 - Loaded plugin tutovideos (category:base,tabindex:-1)
2026-02-22 00:23:08,218 [INFO] PluginManage:310 - Check plugin updater
2026-02-22 00:23:08,235 [INFO] PluginManage:359 - Loaded plugin updater (category:base,tabindex:12)
2026-02-22 00:23:08,235 [INFO] PluginManage:310 - Check plugin userauth
2026-02-22 00:23:08,237 [INFO] UserAuth:118 - Init User Auth plugin
2026-02-22 00:23:08,238 [INFO] PluginManage:359 - Loaded plugin userauth (category:base,tabindex:14)
2026-02-22 00:23:08,238 [INFO] PluginManage:283 - PluginManage : Loaded plugins [18]
2026-02-22 00:23:08,411 [INFO] PinOutPanel:1589 - setPackage(No Configuration,No Configuration)
2026-02-22 00:23:08,475 [INFO] CADModel:165 - CPN selected for project level
2026-02-22 00:23:08,475 [INFO] CADModel:114 - Register for checkConnection events
2026-02-22 00:23:08,486 [INFO] IPUIPlugin:80 - create IPUIPlugin
2026-02-22 00:23:08,486 [INFO] PluginManager:220 - loadIPPluginJar : add adc
2026-02-22 00:23:08,489 [INFO] IPUIPlugin:80 - create IPUIPlugin
2026-02-22 00:23:08,489 [INFO] PluginManager:220 - loadIPPluginJar : add aes
2026-02-22 00:23:08,490 [INFO] IPUIPlugin:80 - create IPUIPlugin
2026-02-22 00:23:08,490 [INFO] PluginManager:220 - loadIPPluginJar : add can
2026-02-22 00:23:08,492 [INFO] IPUIPlugin:80 - create IPUIPlugin
2026-02-22 00:23:08,492 [INFO] PluginManager:220 - loadIPPluginJar : add comp
2026-02-22 00:23:08,495 [INFO] IPUIPlugin:80 - create IPUIPlugin
2026-02-22 00:23:08,495 [INFO] PluginManager:220 - loadIPPluginJar : add cryp
2026-02-22 00:23:08,498 [INFO] IPUIPlugin:80 - create IPUIPlugin
2026-02-22 00:23:08,498 [INFO] PluginManager:220 - loadIPPluginJar : add ddr_ctrl_phy
2026-02-22 00:23:08,501 [INFO] IPUIPlugin:80 - create IPUIPlugin
2026-02-22 00:23:08,501 [INFO] PluginManager:220 - loadIPPluginJar : add dfsdm
2026-02-22 00:23:08,505 [INFO] IPUIPlugin:80 - create IPUIPlugin
2026-02-22 00:23:08,505 [INFO] PluginManager:220 - loadIPPluginJar : add dma
2026-02-22 00:23:08,508 [INFO] IPUIPlugin:80 - create IPUIPlugin
2026-02-22 00:23:08,508 [INFO] PluginManager:220 - loadIPPluginJar : add dma3
2026-02-22 00:23:08,511 [INFO] IPUIPlugin:80 - create IPUIPlugin
2026-02-22 00:23:08,511 [INFO] PluginManager:220 - loadIPPluginJar : add extmemmanager
2026-02-22 00:23:08,515 [INFO] IPUIPlugin:80 - create IPUIPlugin
2026-02-22 00:23:08,515 [INFO] PluginManager:220 - loadIPPluginJar : add fatfs
2026-02-22 00:23:08,519 [INFO] IPUIPlugin:80 - create IPUIPlugin
2026-02-22 00:23:08,519 [INFO] PluginManager:220 - loadIPPluginJar : add fmc
2026-02-22 00:23:08,522 [INFO] IPUIPlugin:80 - create IPUIPlugin
2026-02-22 00:23:08,523 [INFO] PluginManager:220 - loadIPPluginJar : add freertos
2026-02-22 00:23:08,523 [INFO] IPUIPlugin:80 - create IPUIPlugin
2026-02-22 00:23:08,523 [INFO] PluginManager:220 - loadIPPluginJar : add genericplugin
2026-02-22 00:23:08,525 [INFO] IPUIPlugin:80 - create IPUIPlugin
2026-02-22 00:23:08,525 [INFO] PluginManager:220 - loadIPPluginJar : add gfxmmu
2026-02-22 00:23:08,530 [INFO] IPUIPlugin:80 - create IPUIPlugin
2026-02-22 00:23:08,530 [INFO] PluginManager:220 - loadIPPluginJar : add gic
2026-02-22 00:23:08,533 [INFO] IPUIPlugin:80 - create IPUIPlugin
2026-02-22 00:23:08,533 [INFO] PluginManager:220 - loadIPPluginJar : add gpio
2026-02-22 00:23:08,534 [INFO] IPUIPlugin:80 - create IPUIPlugin
2026-02-22 00:23:08,534 [INFO] PluginManager:220 - loadIPPluginJar : add gtzc
2026-02-22 00:23:08,536 [INFO] IPUIPlugin:80 - create IPUIPlugin
2026-02-22 00:23:08,536 [INFO] PluginManager:220 - loadIPPluginJar : add hash
2026-02-22 00:23:08,538 [INFO] IPUIPlugin:80 - create IPUIPlugin
2026-02-22 00:23:08,538 [INFO] PluginManager:220 - loadIPPluginJar : add i2c
2026-02-22 00:23:08,539 [INFO] IPUIPlugin:80 - create IPUIPlugin
2026-02-22 00:23:08,539 [INFO] PluginManager:220 - loadIPPluginJar : add i2s
2026-02-22 00:23:08,542 [INFO] IPUIPlugin:80 - create IPUIPlugin
2026-02-22 00:23:08,543 [INFO] PluginManager:220 - loadIPPluginJar : add i3c
2026-02-22 00:23:08,545 [INFO] IPUIPlugin:80 - create IPUIPlugin
2026-02-22 00:23:08,545 [INFO] PluginManager:220 - loadIPPluginJar : add ipddr
2026-02-22 00:23:08,550 [INFO] IPUIPlugin:80 - create IPUIPlugin
2026-02-22 00:23:08,550 [INFO] PluginManager:220 - loadIPPluginJar : add linkedlist
2026-02-22 00:23:08,552 [INFO] IPUIPlugin:80 - create IPUIPlugin
2026-02-22 00:23:08,552 [INFO] PluginManager:220 - loadIPPluginJar : add lorawan
2026-02-22 00:23:08,553 [INFO] IPUIPlugin:80 - create IPUIPlugin
2026-02-22 00:23:08,553 [INFO] PluginManager:220 - loadIPPluginJar : add ltdc
2026-02-22 00:23:08,557 [INFO] IPUIPlugin:80 - create IPUIPlugin
2026-02-22 00:23:08,557 [INFO] PluginManager:220 - loadIPPluginJar : add mdma
2026-02-22 00:23:08,559 [INFO] IPUIPlugin:80 - create IPUIPlugin
2026-02-22 00:23:08,560 [INFO] PluginManager:220 - loadIPPluginJar : add nvic
2026-02-22 00:23:08,562 [INFO] IPUIPlugin:80 - create IPUIPlugin
2026-02-22 00:23:08,562 [INFO] PluginManager:220 - loadIPPluginJar : add opamp
2026-02-22 00:23:08,565 [INFO] IPUIPlugin:80 - create IPUIPlugin
2026-02-22 00:23:08,565 [INFO] PluginManager:220 - loadIPPluginJar : add openamp
2026-02-22 00:23:08,568 [INFO] IPUIPlugin:80 - create IPUIPlugin
2026-02-22 00:23:08,568 [INFO] PluginManager:220 - loadIPPluginJar : add pdm2pcm
2026-02-22 00:23:08,572 [INFO] IPUIPlugin:80 - create IPUIPlugin
2026-02-22 00:23:08,575 [INFO] PluginManager:220 - loadIPPluginJar : add plateformsettings
2026-02-22 00:23:08,576 [INFO] IPUIPlugin:80 - create IPUIPlugin
2026-02-22 00:23:08,576 [INFO] PluginManager:220 - loadIPPluginJar : add quadspi
2026-02-22 00:23:08,579 [INFO] IPUIPlugin:80 - create IPUIPlugin
2026-02-22 00:23:08,580 [INFO] PluginManager:220 - loadIPPluginJar : add radio
2026-02-22 00:23:08,582 [INFO] IPUIPlugin:80 - create IPUIPlugin
2026-02-22 00:23:08,582 [INFO] PluginManager:220 - loadIPPluginJar : add resmgrutility
2026-02-22 00:23:08,584 [INFO] IPUIPlugin:80 - create IPUIPlugin
2026-02-22 00:23:08,585 [INFO] PluginManager:220 - loadIPPluginJar : add sai
2026-02-22 00:23:08,587 [INFO] IPUIPlugin:80 - create IPUIPlugin
2026-02-22 00:23:08,587 [INFO] PluginManager:220 - loadIPPluginJar : add spi
2026-02-22 00:23:08,593 [INFO] IPUIPlugin:80 - create IPUIPlugin
2026-02-22 00:23:08,593 [INFO] PluginManager:220 - loadIPPluginJar : add stm32_wpan
2026-02-22 00:23:08,594 [INFO] IPUIPlugin:80 - create IPUIPlugin
2026-02-22 00:23:08,595 [INFO] PluginManager:220 - loadIPPluginJar : add tim
2026-02-22 00:23:08,597 [INFO] IPUIPlugin:80 - create IPUIPlugin
2026-02-22 00:23:08,597 [INFO] PluginManager:220 - loadIPPluginJar : add touchsensing
2026-02-22 00:23:08,599 [INFO] IPUIPlugin:80 - create IPUIPlugin
2026-02-22 00:23:08,599 [INFO] PluginManager:220 - loadIPPluginJar : add tracer_emb
2026-02-22 00:23:08,601 [INFO] IPUIPlugin:80 - create IPUIPlugin
2026-02-22 00:23:08,601 [INFO] PluginManager:220 - loadIPPluginJar : add ts
2026-02-22 00:23:08,602 [INFO] IPUIPlugin:80 - create IPUIPlugin
2026-02-22 00:23:08,602 [INFO] PluginManager:220 - loadIPPluginJar : add tsc
2026-02-22 00:23:08,603 [INFO] IPUIPlugin:80 - create IPUIPlugin
2026-02-22 00:23:08,604 [INFO] PluginManager:220 - loadIPPluginJar : add ucpd
2026-02-22 00:23:08,606 [INFO] IPUIPlugin:80 - create IPUIPlugin
2026-02-22 00:23:08,606 [INFO] PluginManager:220 - loadIPPluginJar : add usart
2026-02-22 00:23:08,608 [INFO] IPUIPlugin:80 - create IPUIPlugin
2026-02-22 00:23:08,608 [INFO] PluginManager:220 - loadIPPluginJar : add usbx
2026-02-22 00:23:08,734 [FATAL] Updater:351 - Updater called before beeing initialized
2026-02-22 00:23:08,774 [INFO] RulesReader:64 - Compatibility file has been processed (317 Rules)
2026-02-22 00:23:08,795 [INFO] RulesReader:64 - Compatibility file has been processed (317 Rules)
2026-02-22 00:23:08,804 [INFO] CADModel:165 - CPN selected for project level
2026-02-22 00:23:08,804 [INFO] CADModel:114 - Register for checkConnection events
2026-02-22 00:23:08,804 [FATAL] Updater:351 - Updater called before beeing initialized
2026-02-22 00:23:08,804 [ERROR] CADModel:125 - Updater not yet initialized, retry later 
2026-02-22 00:23:08,971 [FATAL] Updater:351 - Updater called before beeing initialized
2026-02-22 00:23:08,973 [INFO] CADModel:165 - CPN selected for project level
2026-02-22 00:23:08,973 [INFO] CADModel:114 - Register for checkConnection events
2026-02-22 00:23:08,973 [FATAL] Updater:351 - Updater called before beeing initialized
2026-02-22 00:23:08,973 [ERROR] CADModel:125 - Updater not yet initialized, retry later 
2026-02-22 00:23:08,976 [FATAL] Updater:351 - Updater called before beeing initialized
2026-02-22 00:23:09,109 [FATAL] Updater:351 - Updater called before beeing initialized
2026-02-22 00:23:09,115 [INFO] DbMcusAds:53 - JSON generation date=Tue Feb 10 21:16:36 KST 2026 (1770725796209)
2026-02-22 00:23:09,115 [FATAL] Updater:351 - Updater called before beeing initialized
2026-02-22 00:23:09,164 [WARN] DetailPanel:346 - Failed to get advertising image, set to default
2026-02-22 00:23:09,246 [FATAL] Updater:351 - Updater called before beeing initialized
2026-02-22 00:23:09,247 [FATAL] Updater:351 - Updater called before beeing initialized
2026-02-22 00:23:09,247 [FATAL] Updater:351 - Updater called before beeing initialized
2026-02-22 00:23:09,247 [WARN] DetailPanel:346 - Failed to get advertising image, set to default
2026-02-22 00:23:09,248 [FATAL] Updater:351 - Updater called before beeing initialized
2026-02-22 00:23:09,282 [ERROR] Updater:1198 - MainUpdater not yet initialized. External WinMGr cannot be set.
2026-02-22 00:23:09,284 [INFO] Updater:1134 - Updater Version found : 6.15.0
2026-02-22 00:23:09,295 [INFO] ApplicationProperties:184 - Using Application install path: C:\ST\STM32CubeIDE_1.19.0\STM32CubeIDE\plugins\com.st.stm32cube.common.mx_6.15.0.202507011659
2026-02-22 00:23:10,861 [ERROR] LogOutputStream:75 - [STDERR_REDIRECT] Feb 22, 2026 12:23:10 AM java.util.prefs.WindowsPreferences <init>
2026-02-22 00:23:10,862 [ERROR] LogOutputStream:75 - [STDERR_REDIRECT] WARNING: Could not open/create prefs root node Software\JavaSoft\Prefs at root 0xffffffff80000002. Windows RegCreateKeyEx(...) returned error code 5.
2026-02-22 00:23:10,863 [ERROR] LogOutputStream:75 - [STDERR_REDIRECT] 
2026-02-22 00:23:11,038 [INFO] ThirdPartyUpdaterWithRetryManager:70 - Updater plugin not ready yet. [2/15]
2026-02-22 00:23:11,732 [INFO] MainUpdater:2872 - connection check result : 10
2026-02-22 00:23:11,732 [INFO] MainUpdater:289 - Updater Check For Update Now.
2026-02-22 00:23:11,732 [INFO] MicroXplorer:498 - Change Database Version : DB.6.0.150
2026-02-22 00:23:11,738 [INFO] McuFinderGlobals:63 - Set McuFinder mode to 2 (CubeIDE integrated)
2026-02-22 00:23:11,738 [INFO] UserAuth:487 - Internet connection configuration mode: 1
2026-02-22 00:23:11,751 [INFO] JxBrowserEngine:152 - Initiate JxBrowser Engine with user profile folder
2026-02-22 00:23:11,901 [INFO] CheckServerUpdateThread:120 - End of CheckServer Thread
2026-02-22 00:23:12,202 [INFO] WebApp:169 - Instantiating new browser for Auth
2026-02-22 00:23:12,728 [INFO] WebApp:463 - Apply proxy settings
2026-02-22 00:23:12,728 [INFO] WebApp:548 - Chromium requires no authentication
2026-02-22 00:23:12,737 [INFO] WebApp:491 - Direct internet connection detected
2026-02-22 00:23:12,759 [INFO] WebApp:900 - Register for checkConnection events
2026-02-22 00:23:12,759 [INFO] WebApp:463 - Apply proxy settings
2026-02-22 00:23:12,759 [INFO] WebApp:548 - Chromium requires no authentication
2026-02-22 00:23:12,759 [INFO] WebApp:491 - Direct internet connection detected
2026-02-22 00:23:12,914 [INFO] WebApp:225 - Starting web application
2026-02-22 00:23:12,915 [INFO] WebApp:593 - Web application path used C:\ST\STM32CubeIDE_1.19.0\STM32CubeIDE\plugins\com.st.stm32cube.common.mx_6.15.0.202507011659\db\plugins\mcufinder\reactClient1\index.html
2026-02-22 00:23:13,026 [INFO] UserAuth:487 - Internet connection configuration mode: 1
2026-02-22 00:23:13,085 [ERROR] LogOutputStream:75 - [STDERR_REDIRECT] [Fatal Error] :1:1: Premature end of file.
2026-02-22 00:23:13,085 [ERROR] LogOutputStream:75 - [STDERR_REDIRECT] 
2026-02-22 00:23:13,793 [INFO] WebApp:191 - Connection restablished
2026-02-22 00:23:14,072 [ERROR] LogOutputStream:75 - [STDERR_REDIRECT] [Fatal Error] :1:1: Premature end of file.
2026-02-22 00:23:14,072 [ERROR] LogOutputStream:75 - [STDERR_REDIRECT] 
2026-02-22 00:23:14,222 [WARN] PackLoader:240 - Cannot read IP mode file for STMicroelectronics.FP-SNS-MOTENVWB1.1.4.0
2026-02-22 00:23:14,232 [WARN] PackLoader:240 - Cannot read IP mode file for STMicroelectronics.FP-ATR-ASTRA1.2.0.2
2026-02-22 00:23:14,242 [WARN] PackLoader:240 - Cannot read IP mode file for STMicroelectronics.X-CUBE-SMBUS.2.1.0
2026-02-22 00:23:14,269 [WARN] PackLoader:240 - Cannot read IP mode file for STMicroelectronics.X-CUBE-AZRTOS-F7.1.1.0
2026-02-22 00:23:14,278 [WARN] PackLoader:240 - Cannot read IP mode file for STMicroelectronics.FP-SNS-MOTENV1.5.1.0
2026-02-22 00:23:14,287 [WARN] PackLoader:240 - Cannot read IP mode file for WES.I-CUBE-Cesium.1.4.0
2026-02-22 00:23:14,316 [WARN] PackLoader:240 - Cannot read IP mode file for STMicroelectronics.X-CUBE-AZRTOS-H7.3.4.0
2026-02-22 00:23:14,327 [WARN] PackLoader:240 - Cannot read IP mode file for STMicroelectronics.X-CUBE-DISPLAY.3.0.0
2026-02-22 00:23:14,348 [WARN] PackLoader:240 - Cannot read IP mode file for STMicroelectronics.X-CUBE-NFC10.1.0.0
2026-02-22 00:23:14,353 [WARN] PackLoader:240 - Cannot read IP mode file for STMicroelectronics.X-CUBE-ST60.1.1.0
2026-02-22 00:23:14,361 [WARN] PackLoader:240 - Cannot read IP mode file for emotas.I-CUBE-CANOPEN.1.3.0
2026-02-22 00:23:14,365 [WARN] PackLoader:240 - Cannot read IP mode file for STMicroelectronics.X-CUBE-GNSS1.7.1.0
2026-02-22 00:23:14,372 [WARN] PackLoader:240 - Cannot read IP mode file for STMicroelectronics.FP-SNS-STBOX1.2.1.0
2026-02-22 00:23:14,379 [WARN] PackLoader:240 - Cannot read IP mode file for STMicroelectronics.FP-SNS-SMARTAG2.1.2.0
2026-02-22 00:23:14,384 [WARN] PackLoader:240 - Cannot read IP mode file for STMicroelectronics.FP-SNS-FLIGHT1.5.1.0
2026-02-22 00:23:14,392 [INFO] LogOutputStream:77 - [STDOUT_REDIRECT] 1 : Invalid condition id : UX_CORESTACK_Condition cause : null
2026-02-22 00:23:14,393 [INFO] LogOutputStream:77 - [STDOUT_REDIRECT] 1 : Invalid condition id : UX_CORESTACK_Condition cause : null
2026-02-22 00:23:14,394 [INFO] LogOutputStream:77 - [STDOUT_REDIRECT] 1 : Invalid condition id : UX_CORESTACK_Condition cause : null
2026-02-22 00:23:14,395 [INFO] LogOutputStream:77 - [STDOUT_REDIRECT] 1 : Invalid condition id : UX_CORESTACK_Condition cause : null
2026-02-22 00:23:14,396 [INFO] LogOutputStream:77 - [STDOUT_REDIRECT] 1 : Invalid condition id : UX_CORESTACK_Condition cause : null
2026-02-22 00:23:14,400 [WARN] PackLoader:240 - Cannot read IP mode file for STMicroelectronics.X-CUBE-AZRTOS-WL.2.0.0
2026-02-22 00:23:14,418 [WARN] PackLoader:240 - Cannot read IP mode file for STMicroelectronics.X-CUBE-AZRTOS-H7RS.1.2.0
2026-02-22 00:23:14,423 [WARN] PackLoader:240 - Cannot read IP mode file for STMicroelectronics.X-CUBE-BLE2.3.3.0
2026-02-22 00:23:14,451 [WARN] PackLoader:240 - Cannot read IP mode file for Infineon.AIROC-Wi-Fi-Bluetooth-STM32.1.8.0
2026-02-22 00:23:14,459 [WARN] PackLoader:240 - Cannot read IP mode file for STMicroelectronics.X-CUBE-NFC9.1.0.0
2026-02-22 00:23:14,464 [WARN] PackLoader:240 - Cannot read IP mode file for STMicroelectronics.X-CUBE-BLE1.7.1.0
2026-02-22 00:23:14,467 [WARN] PackLoader:240 - Cannot read IP mode file for wolfSSL.I-CUBE-wolfMQTT.1.19.2
2026-02-22 00:23:14,471 [WARN] PackLoader:240 - Cannot read IP mode file for STMicroelectronics.X-CUBE-FREERTOS.1.4.0
2026-02-22 00:23:14,476 [WARN] PackLoader:240 - Cannot read IP mode file for STMicroelectronics.X-CUBE-EEPRMA1.5.2.0
2026-02-22 00:23:14,480 [WARN] PackLoader:240 - Cannot read IP mode file for wolfSSL.I-CUBE-wolfSSL.5.8.4
2026-02-22 00:23:14,483 [WARN] PackLoader:240 - Cannot read IP mode file for Cesanta.I-CUBE-Mongoose.7.20.0
2026-02-22 00:23:14,521 [WARN] PackLoader:240 - Cannot read IP mode file for STMicroelectronics.X-CUBE-MEMS1.12.0.0
2026-02-22 00:23:14,654 [WARN] PackLoader:240 - Cannot read IP mode file for STMicroelectronics.X-CUBE-AZRTOS-G0.1.1.0
2026-02-22 00:23:14,661 [WARN] PackLoader:240 - Cannot read IP mode file for STMicroelectronics.X-CUBE-NFC4.3.0.0
2026-02-22 00:23:14,669 [WARN] PackLoader:240 - Cannot read IP mode file for EmbeddedOffice.I-CUBE-FS-RTOS.1.0.1
2026-02-22 00:23:14,673 [WARN] PackLoader:240 - Cannot read IP mode file for STMicroelectronics.X-CUBE-WB05N.2.0.0
2026-02-22 00:23:14,678 [WARN] PackLoader:240 - Cannot read IP mode file for wolfSSL.I-CUBE-wolfTPM.3.8.0
2026-02-22 00:23:14,682 [WARN] PackLoader:240 - Cannot read IP mode file for STMicroelectronics.X-CUBE-TCPP.4.2.0
2026-02-22 00:23:14,687 [WARN] PackLoader:240 - Cannot read IP mode file for RealThread.X-CUBE-RT-Thread_Nano.4.1.1
2026-02-22 00:23:14,690 [WARN] PackLoader:240 - Cannot read IP mode file for STMicroelectronics.FP-ATR-SIGFOX1.3.2.0
2026-02-22 00:23:14,695 [WARN] PackLoader:240 - Cannot read IP mode file for ITTIA_DB.I-CUBE-ITTIADB.8.9.0
2026-02-22 00:23:14,702 [WARN] PackLoader:240 - Cannot read IP mode file for STMicroelectronics.X-CUBE-NFC6.3.2.0
2026-02-22 00:23:14,707 [WARN] PackLoader:240 - Cannot read IP mode file for STMicroelectronics.X-CUBE-AI.10.2.0
2026-02-22 00:23:14,734 [WARN] PackLoader:240 - Cannot read IP mode file for SEGGER.I-CUBE-embOS.1.3.1
2026-02-22 00:23:14,771 [WARN] PackLoader:240 - Cannot read IP mode file for STMicroelectronics.X-CUBE-ALGOBUILD.1.4.0
2026-02-22 00:23:14,775 [WARN] PackLoader:240 - Cannot read IP mode file for STMicroelectronics.X-CUBE-PM33A1.1.0.0
2026-02-22 00:23:14,787 [WARN] PackLoader:240 - Cannot read IP mode file for STMicroelectronics.X-CUBE-AZRTOS-F4.1.1.0
2026-02-22 00:23:14,792 [WARN] PackLoader:240 - Cannot read IP mode file for STMicroelectronics.X-CUBE-ISPU.2.1.0
2026-02-22 00:23:14,801 [WARN] PackLoader:240 - Cannot read IP mode file for STMicroelectronics.X-CUBE-IPS.3.2.0
2026-02-22 00:23:14,810 [WARN] PackLoader:240 - Cannot read IP mode file for STMicroelectronics.X-CUBE-NFC12.1.0.0
2026-02-22 00:23:14,822 [WARN] PackLoader:240 - Cannot read IP mode file for STMicroelectronics.X-CUBE-AZRTOS-L5.2.0.0
2026-02-22 00:23:14,829 [WARN] PackLoader:240 - Cannot read IP mode file for STMicroelectronics.X-CUBE-TOUCHGFX.4.26.0
2026-02-22 00:23:14,831 [WARN] PackLoader:240 - Cannot read IP mode file for STMicroelectronics.FP-SNS-STAIOTCFT.1.0.0
2026-02-22 00:23:14,835 [WARN] PackLoader:240 - Cannot read IP mode file for STMicroelectronics.X-CUBE-DPower.1.3.0
2026-02-22 00:23:14,847 [WARN] ConditionMgr:438 - getConditionDescription Invalid condition id : LAN8742 Phy interface Condition cause : null
2026-02-22 00:23:14,847 [WARN] PackLoader:240 - Cannot read IP mode file for STMicroelectronics.X-CUBE-AZRTOS-L4.2.0.0
2026-02-22 00:23:14,848 [WARN] ConditionMgr:1044 - genDependencies : Invalid condition id : LAN8742 Phy interface Condition cause : null
2026-02-22 00:23:14,848 [WARN] ConditionMgr:1044 - genDependencies : Invalid condition id : LAN8742 Phy interface Condition cause : null
2026-02-22 00:23:14,849 [WARN] ConditionMgr:1044 - genDependencies : Invalid condition id : LAN8742 Phy interface Condition cause : null
2026-02-22 00:23:14,854 [WARN] PackLoader:240 - Cannot read IP mode file for STMicroelectronics.X-CUBE-SFXS2LP1.4.0.0
2026-02-22 00:23:14,859 [WARN] PackLoader:240 - Cannot read IP mode file for STMicroelectronics.X-CUBE-ST67W61.1.2.0
2026-02-22 00:23:14,865 [WARN] PackLoader:240 - Cannot read IP mode file for STMicroelectronics.X-CUBE-BLEMGR.4.1.0
2026-02-22 00:23:14,876 [WARN] ConditionMgr:438 - getConditionDescription Invalid condition id : UX DEVICE CLASS RTOS Condition cause : null
2026-02-22 00:23:14,876 [WARN] ConditionMgr:438 - getConditionDescription Invalid condition id : UX DEVICE CLASS RTOS Condition cause : null
2026-02-22 00:23:14,878 [WARN] PackLoader:240 - Cannot read IP mode file for STMicroelectronics.X-CUBE-AZRTOS-WB.2.0.0
2026-02-22 00:23:14,879 [WARN] ConditionMgr:1044 - genDependencies : Invalid condition id : UX DEVICE CLASS RTOS Condition cause : null
2026-02-22 00:23:14,879 [WARN] ConditionMgr:1044 - genDependencies : Invalid condition id : UX DEVICE CLASS RTOS Condition cause : null
2026-02-22 00:23:14,879 [WARN] ConditionMgr:1044 - genDependencies : Invalid condition id : UX DEVICE CLASS RTOS Condition cause : null
2026-02-22 00:23:14,879 [WARN] ConditionMgr:1044 - genDependencies : Invalid condition id : UX DEVICE CLASS RTOS Condition cause : null
2026-02-22 00:23:14,879 [WARN] ConditionMgr:1044 - genDependencies : Invalid condition id : UX DEVICE CLASS RTOS Condition cause : null
2026-02-22 00:23:14,882 [WARN] ConditionMgr:438 - getConditionDescription Invalid condition id : Cortex-A Device cause : null
2026-02-22 00:23:14,886 [WARN] ConditionMgr:1044 - genDependencies : Invalid condition id : Cortex-A Device cause : null
2026-02-22 00:23:14,886 [WARN] ConditionMgr:1044 - genDependencies : Invalid condition id : Cortex-A Device cause : null
2026-02-22 00:23:14,886 [WARN] ConditionMgr:1044 - genDependencies : Invalid condition id : Cortex-A Device cause : null
2026-02-22 00:23:14,890 [WARN] PackLoader:240 - Cannot read IP mode file for STMicroelectronics.X-CUBE-STSE01.2.0.0
2026-02-22 00:23:14,897 [WARN] PackLoader:240 - Cannot read IP mode file for STMicroelectronics.X-CUBE-SUBG2.5.0.0
2026-02-22 00:23:14,913 [WARN] PackLoader:240 - Cannot read IP mode file for STMicroelectronics.X-CUBE-AZRTOS-G4.2.0.0
2026-02-22 00:23:14,918 [WARN] PackLoader:240 - Cannot read IP mode file for wolfSSL.I-CUBE-wolfSSH.1.4.20
2026-02-22 00:23:14,920 [WARN] PackLoader:240 - Cannot read IP mode file for STMicroelectronics.X-CUBE-NFC7.2.0.0
2026-02-22 00:23:14,923 [WARN] PackLoader:240 - Cannot read IP mode file for STMicroelectronics.X-CUBE-ALS.1.0.2
2026-02-22 00:23:14,930 [WARN] PackLoader:240 - Cannot read IP mode file for STMicroelectronics.X-CUBE-TOF1.3.4.3
2026-02-22 00:23:14,935 [INFO] ThirdParty:978 - Integrity check success = true
2026-02-22 00:23:14,935 [INFO] IntegrityCheckThread:100 - exiting critical section [integrity check]
2026-02-22 00:23:14,935 [INFO] IntegrityCheckThread:103 - End integrity checks thread
2026-02-22 00:23:15,069 [ERROR] LogOutputStream:75 - [STDERR_REDIRECT] [Fatal Error] :1:1: Premature end of file.
2026-02-22 00:23:15,069 [ERROR] LogOutputStream:75 - [STDERR_REDIRECT] 
2026-02-22 00:23:16,069 [ERROR] LogOutputStream:75 - [STDERR_REDIRECT] [Fatal Error] :1:1: Premature end of file.
2026-02-22 00:23:16,069 [ERROR] LogOutputStream:75 - [STDERR_REDIRECT] 
2026-02-22 00:23:17,069 [ERROR] LogOutputStream:75 - [STDERR_REDIRECT] [Fatal Error] :1:1: Premature end of file.
2026-02-22 00:23:17,069 [ERROR] LogOutputStream:75 - [STDERR_REDIRECT] 
2026-02-22 00:23:18,068 [ERROR] LogOutputStream:75 - [STDERR_REDIRECT] [Fatal Error] :1:1: Premature end of file.
2026-02-22 00:23:18,068 [ERROR] LogOutputStream:75 - [STDERR_REDIRECT] 
2026-02-22 00:23:19,068 [ERROR] LogOutputStream:75 - [STDERR_REDIRECT] [Fatal Error] :1:1: Premature end of file.
2026-02-22 00:23:19,068 [ERROR] LogOutputStream:75 - [STDERR_REDIRECT] 
2026-02-22 00:23:20,076 [ERROR] LogOutputStream:75 - [STDERR_REDIRECT] [Fatal Error] :1:1: Premature end of file.
2026-02-22 00:23:20,076 [ERROR] LogOutputStream:75 - [STDERR_REDIRECT] 
2026-02-22 00:23:21,068 [ERROR] LogOutputStream:75 - [STDERR_REDIRECT] [Fatal Error] :1:1: Premature end of file.
2026-02-22 00:23:21,068 [ERROR] LogOutputStream:75 - [STDERR_REDIRECT] 
2026-02-22 00:23:22,069 [ERROR] LogOutputStream:75 - [STDERR_REDIRECT] [Fatal Error] :1:1: Premature end of file.
2026-02-22 00:23:22,070 [ERROR] LogOutputStream:75 - [STDERR_REDIRECT] 
2026-02-22 00:23:23,071 [ERROR] LogOutputStream:75 - [STDERR_REDIRECT] [Fatal Error] :1:1: Premature end of file.
2026-02-22 00:23:23,071 [ERROR] LogOutputStream:75 - [STDERR_REDIRECT] 
2026-02-22 00:23:24,078 [ERROR] LogOutputStream:75 - [STDERR_REDIRECT] [Fatal Error] :1:1: Premature end of file.
2026-02-22 00:23:24,078 [ERROR] LogOutputStream:75 - [STDERR_REDIRECT] 
2026-02-22 00:23:25,067 [ERROR] LogOutputStream:75 - [STDERR_REDIRECT] [Fatal Error] :1:1: Premature end of file.
2026-02-22 00:23:25,069 [ERROR] LogOutputStream:75 - [STDERR_REDIRECT] 
2026-02-22 00:23:26,069 [ERROR] LogOutputStream:75 - [STDERR_REDIRECT] [Fatal Error] :1:1: Premature end of file.
2026-02-22 00:23:26,069 [ERROR] LogOutputStream:75 - [STDERR_REDIRECT] 
2026-02-22 00:23:27,078 [ERROR] LogOutputStream:75 - [STDERR_REDIRECT] [Fatal Error] :1:1: Premature end of file.
2026-02-22 00:23:27,079 [ERROR] LogOutputStream:75 - [STDERR_REDIRECT] 
2026-02-22 00:23:28,069 [ERROR] LogOutputStream:75 - [STDERR_REDIRECT] [Fatal Error] :1:1: Premature end of file.
2026-02-22 00:23:28,069 [ERROR] LogOutputStream:75 - [STDERR_REDIRECT] 
2026-02-22 00:23:29,069 [ERROR] LogOutputStream:75 - [STDERR_REDIRECT] [Fatal Error] :1:1: Premature end of file.
2026-02-22 00:23:29,070 [ERROR] LogOutputStream:75 - [STDERR_REDIRECT] 
2026-02-22 00:23:30,091 [ERROR] LogOutputStream:75 - [STDERR_REDIRECT] [Fatal Error] :1:1: Premature end of file.
2026-02-22 00:23:30,091 [ERROR] LogOutputStream:75 - [STDERR_REDIRECT] 
2026-02-22 00:23:31,071 [ERROR] LogOutputStream:75 - [STDERR_REDIRECT] [Fatal Error] :1:1: Premature end of file.
2026-02-22 00:23:31,071 [ERROR] LogOutputStream:75 - [STDERR_REDIRECT] 
2026-02-22 00:23:32,081 [ERROR] LogOutputStream:75 - [STDERR_REDIRECT] [Fatal Error] :1:1: Premature end of file.
2026-02-22 00:23:32,082 [ERROR] LogOutputStream:75 - [STDERR_REDIRECT] 
2026-02-22 00:23:33,079 [ERROR] LogOutputStream:75 - [STDERR_REDIRECT] [Fatal Error] :1:1: Premature end of file.
2026-02-22 00:23:33,079 [ERROR] LogOutputStream:75 - [STDERR_REDIRECT] 
2026-02-22 00:23:34,069 [ERROR] LogOutputStream:75 - [STDERR_REDIRECT] [Fatal Error] :1:1: Premature end of file.
2026-02-22 00:23:34,070 [ERROR] LogOutputStream:75 - [STDERR_REDIRECT] 
2026-02-22 00:23:35,081 [ERROR] LogOutputStream:75 - [STDERR_REDIRECT] [Fatal Error] :1:1: Premature end of file.
2026-02-22 00:23:35,081 [ERROR] LogOutputStream:75 - [STDERR_REDIRECT] 
2026-02-22 00:23:36,070 [ERROR] LogOutputStream:75 - [STDERR_REDIRECT] [Fatal Error] :1:1: Premature end of file.
2026-02-22 00:23:36,071 [ERROR] LogOutputStream:75 - [STDERR_REDIRECT] 
2026-02-22 00:23:37,069 [ERROR] LogOutputStream:75 - [STDERR_REDIRECT] [Fatal Error] :1:1: Premature end of file.
2026-02-22 00:23:37,069 [ERROR] LogOutputStream:75 - [STDERR_REDIRECT] 
2026-02-22 00:23:38,081 [ERROR] LogOutputStream:75 - [STDERR_REDIRECT] [Fatal Error] :1:1: Premature end of file.
2026-02-22 00:23:38,082 [ERROR] LogOutputStream:75 - [STDERR_REDIRECT] 
2026-02-22 00:23:39,083 [ERROR] LogOutputStream:75 - [STDERR_REDIRECT] [Fatal Error] :1:1: Premature end of file.
2026-02-22 00:23:39,083 [ERROR] LogOutputStream:75 - [STDERR_REDIRECT] 
2026-02-22 00:23:40,070 [ERROR] LogOutputStream:75 - [STDERR_REDIRECT] [Fatal Error] :1:1: Premature end of file.
2026-02-22 00:23:40,070 [ERROR] LogOutputStream:75 - [STDERR_REDIRECT] 
2026-02-22 00:23:41,077 [ERROR] LogOutputStream:75 - [STDERR_REDIRECT] [Fatal Error] :1:1: Premature end of file.
2026-02-22 00:23:41,079 [ERROR] LogOutputStream:75 - [STDERR_REDIRECT] 
2026-02-22 00:23:42,070 [ERROR] LogOutputStream:75 - [STDERR_REDIRECT] [Fatal Error] :1:1: Premature end of file.
2026-02-22 00:23:42,070 [ERROR] LogOutputStream:75 - [STDERR_REDIRECT] 
2026-02-22 00:23:43,074 [ERROR] LogOutputStream:75 - [STDERR_REDIRECT] [Fatal Error] :1:1: Premature end of file.
2026-02-22 00:23:43,074 [ERROR] LogOutputStream:75 - [STDERR_REDIRECT] 
2026-02-22 00:23:44,083 [ERROR] LogOutputStream:75 - [STDERR_REDIRECT] [Fatal Error] :1:1: Premature end of file.
2026-02-22 00:23:44,083 [ERROR] LogOutputStream:75 - [STDERR_REDIRECT] 
2026-02-22 00:23:45,069 [ERROR] LogOutputStream:75 - [STDERR_REDIRECT] [Fatal Error] :1:1: Premature end of file.
2026-02-22 00:23:45,069 [ERROR] LogOutputStream:75 - [STDERR_REDIRECT] 
2026-02-22 00:23:46,121 [ERROR] LogOutputStream:75 - [STDERR_REDIRECT] 
2026-02-22 00:23:59,049 [INFO] Activator:176 - 


2026-02-22 00:23:59,051 [INFO] Activator:177 - !SESSION log4j initialized
2026-02-22 00:24:03,473 [INFO] LogOutputStream:77 - [STDOUT_REDIRECT] 
2026-02-22 00:24:04,410 [INFO] ApplicationProperties:184 - Using Application install path: C:\ST\STM32CubeIDE_1.19.0\STM32CubeIDE\plugins\com.st.stm32cube.common.mx_6.15.0.202507011659
2026-02-22 00:24:04,422 [INFO] DbMcusXml:78 - Set database path to: C:\ST\STM32CubeIDE_1.19.0\STM32CubeIDE\plugins\com.st.stm32cube.common.mx_6.15.0.202507011659\\db\/mcu/
2026-02-22 00:24:04,423 [INFO] ApiDb:274 - Set plugin database path to: C:\ST\STM32CubeIDE_1.19.0\STM32CubeIDE\plugins\com.st.stm32cube.common.mx_6.15.0.202507011659\\db\/plugins/boardmanager/
2026-02-22 00:24:04,423 [WARN] ApiDb:259 - Overriding images path with different value:  => C:\ST\STM32CubeIDE_1.19.0\STM32CubeIDE\plugins\com.st.stm32cube.common.mx_6.15.0.202507011659\\db\/plugins/mcufinder/images/
2026-02-22 00:24:04,426 [INFO] ApiDb:250 - Set database path to: C:\Users\USER\.stmcufinder\plugins\mcufinder//mcu/
2026-02-22 00:24:04,426 [INFO] DbMcusAds:125 - Set database path to: C:\Users\USER\.stmcufinder\plugins\mcufinder//mcu/
2026-02-22 00:24:04,428 [INFO] CrossReferenceDbSqlite:203 - Set database path to: C:\Users\USER\.stmcufinder\plugins\mcufinder//mcu/cs/
2026-02-22 00:24:04,518 [INFO] RulesReader:64 - Compatibility file has been processed (317 Rules)
2026-02-22 00:24:04,575 [INFO] DbMcusXml:78 - Set database path to: C:\ST\STM32CubeIDE_1.19.0\STM32CubeIDE\plugins\com.st.stm32cube.common.mx_6.15.0.202507011659\\db\/mcu/
2026-02-22 00:24:04,575 [INFO] ApiDb:274 - Set plugin database path to: C:\ST\STM32CubeIDE_1.19.0\STM32CubeIDE\plugins\com.st.stm32cube.common.mx_6.15.0.202507011659\\db\/plugins/boardmanager/
2026-02-22 00:24:04,575 [INFO] ApiDb:261 - Set plugin images path to: C:\ST\STM32CubeIDE_1.19.0\STM32CubeIDE\plugins\com.st.stm32cube.common.mx_6.15.0.202507011659\\db\/plugins/mcufinder/images/
2026-02-22 00:24:04,575 [WARN] DbFile:41 - Overriding database path with different value: C:\Users\USER\.stmcufinder\plugins\mcufinder/ => C:\Users\USER\.stmcufinder\plugins\mcufinder
2026-02-22 00:24:04,575 [INFO] ApiDb:250 - Set database path to: C:\Users\USER\.stmcufinder\plugins\mcufinder//mcu/
2026-02-22 00:24:04,575 [WARN] DbFile:41 - Overriding database path with different value: C:\Users\USER\.stmcufinder\plugins\mcufinder/ => C:\Users\USER\.stmcufinder\plugins\mcufinder
2026-02-22 00:24:04,575 [INFO] DbMcusAds:125 - Set database path to: C:\Users\USER\.stmcufinder\plugins\mcufinder//mcu/
2026-02-22 00:24:04,575 [WARN] DbFile:41 - Overriding database path with different value: C:\Users\USER\.stmcufinder\plugins\mcufinder/ => C:\Users\USER\.stmcufinder\plugins\mcufinder
2026-02-22 00:24:04,576 [WARN] DbFile:41 - Overriding database path with different value: C:\Users\USER\.stmcufinder\plugins\mcufinder/ => C:\Users\USER\.stmcufinder\plugins\mcufinder
2026-02-22 00:24:04,576 [INFO] CrossReferenceDbSqlite:203 - Set database path to: C:\Users\USER\.stmcufinder\plugins\mcufinder//mcu/cs/
2026-02-22 00:24:04,630 [INFO] MainPanel:274 - HeapMemory: 268435456
2026-02-22 00:24:04,707 [INFO] DbMcusXml:78 - Set database path to: C:\ST\STM32CubeIDE_1.19.0\STM32CubeIDE\plugins\com.st.stm32cube.common.mx_6.15.0.202507011659\\db\/mcu/
2026-02-22 00:24:04,707 [INFO] ApiDb:274 - Set plugin database path to: C:\ST\STM32CubeIDE_1.19.0\STM32CubeIDE\plugins\com.st.stm32cube.common.mx_6.15.0.202507011659\\db\/plugins/boardmanager/
2026-02-22 00:24:04,707 [INFO] ApiDb:261 - Set plugin images path to: C:\ST\STM32CubeIDE_1.19.0\STM32CubeIDE\plugins\com.st.stm32cube.common.mx_6.15.0.202507011659\\db\/plugins/mcufinder/images/
2026-02-22 00:24:04,707 [WARN] DbFile:41 - Overriding database path with different value: C:\Users\USER\.stmcufinder\plugins\mcufinder/ => C:\Users\USER\.stmcufinder\plugins\mcufinder
2026-02-22 00:24:04,707 [INFO] ApiDb:250 - Set database path to: C:\Users\USER\.stmcufinder\plugins\mcufinder//mcu/
2026-02-22 00:24:04,707 [WARN] DbFile:41 - Overriding database path with different value: C:\Users\USER\.stmcufinder\plugins\mcufinder/ => C:\Users\USER\.stmcufinder\plugins\mcufinder
2026-02-22 00:24:04,707 [INFO] DbMcusAds:125 - Set database path to: C:\Users\USER\.stmcufinder\plugins\mcufinder//mcu/
2026-02-22 00:24:04,707 [WARN] DbFile:41 - Overriding database path with different value: C:\Users\USER\.stmcufinder\plugins\mcufinder/ => C:\Users\USER\.stmcufinder\plugins\mcufinder
2026-02-22 00:24:04,707 [WARN] DbFile:41 - Overriding database path with different value: C:\Users\USER\.stmcufinder\plugins\mcufinder/ => C:\Users\USER\.stmcufinder\plugins\mcufinder
2026-02-22 00:24:04,707 [INFO] CrossReferenceDbSqlite:203 - Set database path to: C:\Users\USER\.stmcufinder\plugins\mcufinder//mcu/cs/
2026-02-22 00:24:04,721 [INFO] ApplicationProperties:184 - Using Application install path: C:\ST\STM32CubeIDE_1.19.0\STM32CubeIDE\plugins\com.st.stm32cube.common.mx_6.15.0.202507011659
2026-02-22 00:24:04,722 [INFO] PluginManage:196 - Search for loadable plugins [exclusion list=, ]
2026-02-22 00:24:04,723 [INFO] PluginManage:310 - Check plugin analytics
2026-02-22 00:24:04,868 [INFO] AnalyticsPlugin:253 - Accepted Software Licenses: 
2026-02-22 00:24:04,868 [INFO] AnalyticsPlugin:255 - Accepted CMSIS Pack Licenses: 
2026-02-22 00:24:04,869 [INFO] AnalyticsPlugin:257 - Accepted Firmware Licenses: FW.F4.1.28.0
2026-02-22 00:24:04,871 [INFO] PluginManage:359 - Loaded plugin analytics (category:tool,tabindex:-1)
2026-02-22 00:24:04,871 [INFO] PluginManage:310 - Check plugin cadmodel
2026-02-22 00:24:04,874 [INFO] CADModel:105 - Init CAD model plugin
2026-02-22 00:24:04,874 [INFO] PluginManage:359 - Loaded plugin cadmodel (category:power,tabindex:5)
2026-02-22 00:24:04,874 [INFO] PluginManage:310 - Check plugin clock
2026-02-22 00:24:04,880 [INFO] PluginManage:359 - Loaded plugin clock (category:base,tabindex:2)
2026-02-22 00:24:04,880 [INFO] PluginManage:310 - Check plugin ddr
2026-02-22 00:24:04,882 [INFO] PluginManage:359 - Loaded plugin ddr (category:tool,tabindex:6)
2026-02-22 00:24:04,882 [INFO] PluginManage:310 - Check plugin filemanager
2026-02-22 00:24:04,988 [INFO] PluginManage:359 - Loaded plugin filemanager (category:base,tabindex:10)
2026-02-22 00:24:04,988 [INFO] PluginManage:310 - Check plugin ipmanager
2026-02-22 00:24:04,994 [INFO] PluginManage:359 - Loaded plugin ipmanager (category:base,tabindex:5)
2026-02-22 00:24:04,994 [INFO] PluginManage:310 - Check plugin lpbam
2026-02-22 00:24:04,999 [INFO] PluginManage:359 - Loaded plugin lpbam (category:base,tabindex:0)
2026-02-22 00:24:04,999 [INFO] PluginManage:310 - Check plugin memorymap
2026-02-22 00:24:05,009 [INFO] PluginManage:359 - Loaded plugin memorymap (category:base,tabindex:4)
2026-02-22 00:24:05,009 [INFO] PluginManage:310 - Check plugin pinoutandconfiguration
2026-02-22 00:24:05,015 [INFO] PluginManage:359 - Loaded plugin pinoutandconfiguration (category:base,tabindex:1)
2026-02-22 00:24:05,015 [INFO] PluginManage:310 - Check plugin pinoutconfig
2026-02-22 00:24:05,077 [WARN] SupportedApi:132 - Cannot load RTOS API schema: s4s-elt-must-match.1: The content of 'definitions' must match (annotation?, (simpleType | complexType)?, (unique | key | keyref)*)). A problem was found starting at: attribute.
2026-02-22 00:24:05,177 [INFO] PluginManage:359 - Loaded plugin pinoutconfig (category:base,tabindex:0)
2026-02-22 00:24:05,178 [INFO] PluginManage:310 - Check plugin power
2026-02-22 00:24:05,184 [INFO] PluginManage:359 - Loaded plugin power (category:power,tabindex:4)
2026-02-22 00:24:05,184 [INFO] PluginManage:310 - Check plugin projectmanager
2026-02-22 00:24:05,196 [INFO] PluginManage:359 - Loaded plugin projectmanager (category:projectmanager,tabindex:4)
2026-02-22 00:24:05,196 [INFO] PluginManage:310 - Check plugin rif
2026-02-22 00:24:05,202 [INFO] PluginManage:359 - Loaded plugin rif (category:base,tabindex:3)
2026-02-22 00:24:05,202 [INFO] PluginManage:310 - Check plugin thirdparty
2026-02-22 00:24:05,299 [INFO] PluginManage:359 - Loaded plugin thirdparty (category:base,tabindex:-1)
2026-02-22 00:24:05,299 [WARN] IntegrityCheckThread:84 - waiting for thirdparty lock release [integrity check]
2026-02-22 00:24:05,299 [INFO] PluginManage:310 - Check plugin tools
2026-02-22 00:24:05,299 [INFO] IntegrityCheckThread:86 - entering critical section [integrity check]
2026-02-22 00:24:05,299 [INFO] ThirdPartyUpdaterWithRetryManager:70 - Updater plugin not ready yet. [1/15]
2026-02-22 00:24:05,301 [INFO] PluginManage:359 - Loaded plugin tools (category:base,tabindex:7)
2026-02-22 00:24:05,301 [INFO] PluginManage:310 - Check plugin tutovideos
2026-02-22 00:24:05,453 [INFO] PluginManage:359 - Loaded plugin tutovideos (category:base,tabindex:-1)
2026-02-22 00:24:05,453 [INFO] PluginManage:310 - Check plugin updater
2026-02-22 00:24:05,468 [INFO] PluginManage:359 - Loaded plugin updater (category:base,tabindex:12)
2026-02-22 00:24:05,468 [INFO] PluginManage:310 - Check plugin userauth
2026-02-22 00:24:05,472 [INFO] UserAuth:118 - Init User Auth plugin
2026-02-22 00:24:05,473 [INFO] PluginManage:359 - Loaded plugin userauth (category:base,tabindex:14)
2026-02-22 00:24:05,473 [INFO] PluginManage:283 - PluginManage : Loaded plugins [18]
2026-02-22 00:24:05,622 [INFO] PinOutPanel:1589 - setPackage(No Configuration,No Configuration)
2026-02-22 00:24:05,690 [INFO] CADModel:165 - CPN selected for project level
2026-02-22 00:24:05,690 [INFO] CADModel:114 - Register for checkConnection events
2026-02-22 00:24:05,703 [INFO] IPUIPlugin:80 - create IPUIPlugin
2026-02-22 00:24:05,704 [INFO] PluginManager:220 - loadIPPluginJar : add adc
2026-02-22 00:24:05,706 [INFO] IPUIPlugin:80 - create IPUIPlugin
2026-02-22 00:24:05,706 [INFO] PluginManager:220 - loadIPPluginJar : add aes
2026-02-22 00:24:05,708 [INFO] IPUIPlugin:80 - create IPUIPlugin
2026-02-22 00:24:05,708 [INFO] PluginManager:220 - loadIPPluginJar : add can
2026-02-22 00:24:05,708 [INFO] IPUIPlugin:80 - create IPUIPlugin
2026-02-22 00:24:05,710 [INFO] PluginManager:220 - loadIPPluginJar : add comp
2026-02-22 00:24:05,711 [INFO] IPUIPlugin:80 - create IPUIPlugin
2026-02-22 00:24:05,712 [INFO] PluginManager:220 - loadIPPluginJar : add cryp
2026-02-22 00:24:05,713 [INFO] IPUIPlugin:80 - create IPUIPlugin
2026-02-22 00:24:05,713 [INFO] PluginManager:220 - loadIPPluginJar : add ddr_ctrl_phy
2026-02-22 00:24:05,715 [INFO] IPUIPlugin:80 - create IPUIPlugin
2026-02-22 00:24:05,716 [INFO] PluginManager:220 - loadIPPluginJar : add dfsdm
2026-02-22 00:24:05,720 [INFO] IPUIPlugin:80 - create IPUIPlugin
2026-02-22 00:24:05,720 [INFO] PluginManager:220 - loadIPPluginJar : add dma
2026-02-22 00:24:05,722 [INFO] IPUIPlugin:80 - create IPUIPlugin
2026-02-22 00:24:05,722 [INFO] PluginManager:220 - loadIPPluginJar : add dma3
2026-02-22 00:24:05,724 [INFO] IPUIPlugin:80 - create IPUIPlugin
2026-02-22 00:24:05,724 [INFO] PluginManager:220 - loadIPPluginJar : add extmemmanager
2026-02-22 00:24:05,726 [INFO] IPUIPlugin:80 - create IPUIPlugin
2026-02-22 00:24:05,726 [INFO] PluginManager:220 - loadIPPluginJar : add fatfs
2026-02-22 00:24:05,731 [INFO] IPUIPlugin:80 - create IPUIPlugin
2026-02-22 00:24:05,731 [INFO] PluginManager:220 - loadIPPluginJar : add fmc
2026-02-22 00:24:05,735 [INFO] IPUIPlugin:80 - create IPUIPlugin
2026-02-22 00:24:05,735 [INFO] PluginManager:220 - loadIPPluginJar : add freertos
2026-02-22 00:24:05,736 [INFO] IPUIPlugin:80 - create IPUIPlugin
2026-02-22 00:24:05,736 [INFO] PluginManager:220 - loadIPPluginJar : add genericplugin
2026-02-22 00:24:05,737 [INFO] IPUIPlugin:80 - create IPUIPlugin
2026-02-22 00:24:05,739 [INFO] PluginManager:220 - loadIPPluginJar : add gfxmmu
2026-02-22 00:24:05,742 [INFO] IPUIPlugin:80 - create IPUIPlugin
2026-02-22 00:24:05,742 [INFO] PluginManager:220 - loadIPPluginJar : add gic
2026-02-22 00:24:05,746 [INFO] IPUIPlugin:80 - create IPUIPlugin
2026-02-22 00:24:05,746 [INFO] PluginManager:220 - loadIPPluginJar : add gpio
2026-02-22 00:24:05,748 [INFO] IPUIPlugin:80 - create IPUIPlugin
2026-02-22 00:24:05,748 [INFO] PluginManager:220 - loadIPPluginJar : add gtzc
2026-02-22 00:24:05,749 [INFO] IPUIPlugin:80 - create IPUIPlugin
2026-02-22 00:24:05,749 [INFO] PluginManager:220 - loadIPPluginJar : add hash
2026-02-22 00:24:05,752 [INFO] IPUIPlugin:80 - create IPUIPlugin
2026-02-22 00:24:05,752 [INFO] PluginManager:220 - loadIPPluginJar : add i2c
2026-02-22 00:24:05,754 [INFO] IPUIPlugin:80 - create IPUIPlugin
2026-02-22 00:24:05,754 [INFO] PluginManager:220 - loadIPPluginJar : add i2s
2026-02-22 00:24:05,756 [INFO] IPUIPlugin:80 - create IPUIPlugin
2026-02-22 00:24:05,757 [INFO] PluginManager:220 - loadIPPluginJar : add i3c
2026-02-22 00:24:05,759 [INFO] IPUIPlugin:80 - create IPUIPlugin
2026-02-22 00:24:05,759 [INFO] PluginManager:220 - loadIPPluginJar : add ipddr
2026-02-22 00:24:05,765 [INFO] IPUIPlugin:80 - create IPUIPlugin
2026-02-22 00:24:05,765 [INFO] PluginManager:220 - loadIPPluginJar : add linkedlist
2026-02-22 00:24:05,767 [INFO] IPUIPlugin:80 - create IPUIPlugin
2026-02-22 00:24:05,767 [INFO] PluginManager:220 - loadIPPluginJar : add lorawan
2026-02-22 00:24:05,768 [INFO] IPUIPlugin:80 - create IPUIPlugin
2026-02-22 00:24:05,768 [INFO] PluginManager:220 - loadIPPluginJar : add ltdc
2026-02-22 00:24:05,772 [INFO] IPUIPlugin:80 - create IPUIPlugin
2026-02-22 00:24:05,772 [INFO] PluginManager:220 - loadIPPluginJar : add mdma
2026-02-22 00:24:05,774 [INFO] IPUIPlugin:80 - create IPUIPlugin
2026-02-22 00:24:05,775 [INFO] PluginManager:220 - loadIPPluginJar : add nvic
2026-02-22 00:24:05,777 [INFO] IPUIPlugin:80 - create IPUIPlugin
2026-02-22 00:24:05,777 [INFO] PluginManager:220 - loadIPPluginJar : add opamp
2026-02-22 00:24:05,779 [INFO] IPUIPlugin:80 - create IPUIPlugin
2026-02-22 00:24:05,779 [INFO] PluginManager:220 - loadIPPluginJar : add openamp
2026-02-22 00:24:05,782 [INFO] IPUIPlugin:80 - create IPUIPlugin
2026-02-22 00:24:05,782 [INFO] PluginManager:220 - loadIPPluginJar : add pdm2pcm
2026-02-22 00:24:05,787 [INFO] IPUIPlugin:80 - create IPUIPlugin
2026-02-22 00:24:05,789 [INFO] PluginManager:220 - loadIPPluginJar : add plateformsettings
2026-02-22 00:24:05,790 [INFO] IPUIPlugin:80 - create IPUIPlugin
2026-02-22 00:24:05,791 [INFO] PluginManager:220 - loadIPPluginJar : add quadspi
2026-02-22 00:24:05,792 [INFO] IPUIPlugin:80 - create IPUIPlugin
2026-02-22 00:24:05,793 [INFO] PluginManager:220 - loadIPPluginJar : add radio
2026-02-22 00:24:05,797 [INFO] IPUIPlugin:80 - create IPUIPlugin
2026-02-22 00:24:05,797 [INFO] PluginManager:220 - loadIPPluginJar : add resmgrutility
2026-02-22 00:24:05,799 [INFO] IPUIPlugin:80 - create IPUIPlugin
2026-02-22 00:24:05,799 [INFO] PluginManager:220 - loadIPPluginJar : add sai
2026-02-22 00:24:05,801 [INFO] IPUIPlugin:80 - create IPUIPlugin
2026-02-22 00:24:05,801 [INFO] PluginManager:220 - loadIPPluginJar : add spi
2026-02-22 00:24:05,806 [INFO] IPUIPlugin:80 - create IPUIPlugin
2026-02-22 00:24:05,806 [INFO] PluginManager:220 - loadIPPluginJar : add stm32_wpan
2026-02-22 00:24:05,807 [INFO] IPUIPlugin:80 - create IPUIPlugin
2026-02-22 00:24:05,808 [INFO] PluginManager:220 - loadIPPluginJar : add tim
2026-02-22 00:24:05,809 [INFO] IPUIPlugin:80 - create IPUIPlugin
2026-02-22 00:24:05,810 [INFO] PluginManager:220 - loadIPPluginJar : add touchsensing
2026-02-22 00:24:05,812 [INFO] IPUIPlugin:80 - create IPUIPlugin
2026-02-22 00:24:05,812 [INFO] PluginManager:220 - loadIPPluginJar : add tracer_emb
2026-02-22 00:24:05,813 [INFO] IPUIPlugin:80 - create IPUIPlugin
2026-02-22 00:24:05,813 [INFO] PluginManager:220 - loadIPPluginJar : add ts
2026-02-22 00:24:05,814 [INFO] IPUIPlugin:80 - create IPUIPlugin
2026-02-22 00:24:05,814 [INFO] PluginManager:220 - loadIPPluginJar : add tsc
2026-02-22 00:24:05,816 [INFO] IPUIPlugin:80 - create IPUIPlugin
2026-02-22 00:24:05,816 [INFO] PluginManager:220 - loadIPPluginJar : add ucpd
2026-02-22 00:24:05,818 [INFO] IPUIPlugin:80 - create IPUIPlugin
2026-02-22 00:24:05,818 [INFO] PluginManager:220 - loadIPPluginJar : add usart
2026-02-22 00:24:05,820 [INFO] IPUIPlugin:80 - create IPUIPlugin
2026-02-22 00:24:05,820 [INFO] PluginManager:220 - loadIPPluginJar : add usbx
2026-02-22 00:24:05,937 [FATAL] Updater:351 - Updater called before beeing initialized
2026-02-22 00:24:05,963 [INFO] RulesReader:64 - Compatibility file has been processed (317 Rules)
2026-02-22 00:24:05,971 [INFO] RulesReader:64 - Compatibility file has been processed (317 Rules)
2026-02-22 00:24:05,977 [INFO] CADModel:165 - CPN selected for project level
2026-02-22 00:24:05,977 [INFO] CADModel:114 - Register for checkConnection events
2026-02-22 00:24:05,977 [FATAL] Updater:351 - Updater called before beeing initialized
2026-02-22 00:24:05,977 [ERROR] CADModel:125 - Updater not yet initialized, retry later 
2026-02-22 00:24:06,078 [FATAL] Updater:351 - Updater called before beeing initialized
2026-02-22 00:24:06,079 [INFO] CADModel:165 - CPN selected for project level
2026-02-22 00:24:06,079 [INFO] CADModel:114 - Register for checkConnection events
2026-02-22 00:24:06,079 [FATAL] Updater:351 - Updater called before beeing initialized
2026-02-22 00:24:06,079 [ERROR] CADModel:125 - Updater not yet initialized, retry later 
2026-02-22 00:24:06,081 [FATAL] Updater:351 - Updater called before beeing initialized
2026-02-22 00:24:06,156 [FATAL] Updater:351 - Updater called before beeing initialized
2026-02-22 00:24:06,160 [INFO] DbMcusAds:53 - JSON generation date=Tue Feb 10 21:16:36 KST 2026 (1770725796209)
2026-02-22 00:24:06,160 [FATAL] Updater:351 - Updater called before beeing initialized
2026-02-22 00:24:06,185 [WARN] DetailPanel:346 - Failed to get advertising image, set to default
2026-02-22 00:24:06,254 [FATAL] Updater:351 - Updater called before beeing initialized
2026-02-22 00:24:06,256 [FATAL] Updater:351 - Updater called before beeing initialized
2026-02-22 00:24:06,256 [FATAL] Updater:351 - Updater called before beeing initialized
2026-02-22 00:24:06,256 [WARN] DetailPanel:346 - Failed to get advertising image, set to default
2026-02-22 00:24:06,258 [FATAL] Updater:351 - Updater called before beeing initialized
2026-02-22 00:24:06,302 [ERROR] Updater:1198 - MainUpdater not yet initialized. External WinMGr cannot be set.
2026-02-22 00:24:06,304 [INFO] Updater:1134 - Updater Version found : 6.15.0
2026-02-22 00:24:06,320 [INFO] ApplicationProperties:184 - Using Application install path: C:\ST\STM32CubeIDE_1.19.0\STM32CubeIDE\plugins\com.st.stm32cube.common.mx_6.15.0.202507011659
2026-02-22 00:24:07,894 [ERROR] LogOutputStream:75 - [STDERR_REDIRECT] Feb 22, 2026 12:24:07 AM java.util.prefs.WindowsPreferences <init>
2026-02-22 00:24:07,895 [ERROR] LogOutputStream:75 - [STDERR_REDIRECT] WARNING: Could not open/create prefs root node Software\JavaSoft\Prefs at root 0xffffffff80000002. Windows RegCreateKeyEx(...) returned error code 5.
2026-02-22 00:24:07,896 [ERROR] LogOutputStream:75 - [STDERR_REDIRECT] 
2026-02-22 00:24:08,301 [INFO] ThirdPartyUpdaterWithRetryManager:70 - Updater plugin not ready yet. [2/15]
2026-02-22 00:24:08,748 [INFO] MainUpdater:2872 - connection check result : 10
2026-02-22 00:24:08,750 [INFO] MainUpdater:289 - Updater Check For Update Now.
2026-02-22 00:24:08,750 [INFO] MicroXplorer:498 - Change Database Version : DB.6.0.150
2026-02-22 00:24:08,755 [INFO] McuFinderGlobals:63 - Set McuFinder mode to 2 (CubeIDE integrated)
2026-02-22 00:24:08,755 [INFO] UserAuth:487 - Internet connection configuration mode: 1
2026-02-22 00:24:08,771 [INFO] JxBrowserEngine:152 - Initiate JxBrowser Engine with user profile folder
2026-02-22 00:24:08,917 [INFO] CheckServerUpdateThread:120 - End of CheckServer Thread
2026-02-22 00:24:09,299 [INFO] WebApp:169 - Instantiating new browser for Auth
2026-02-22 00:24:09,828 [INFO] WebApp:463 - Apply proxy settings
2026-02-22 00:24:09,828 [INFO] WebApp:548 - Chromium requires no authentication
2026-02-22 00:24:09,834 [INFO] WebApp:491 - Direct internet connection detected
2026-02-22 00:24:09,862 [INFO] WebApp:900 - Register for checkConnection events
2026-02-22 00:24:09,863 [INFO] WebApp:463 - Apply proxy settings
2026-02-22 00:24:09,863 [INFO] WebApp:548 - Chromium requires no authentication
2026-02-22 00:24:09,863 [INFO] WebApp:491 - Direct internet connection detected
2026-02-22 00:24:10,041 [INFO] WebApp:225 - Starting web application
2026-02-22 00:24:10,041 [INFO] WebApp:593 - Web application path used C:\ST\STM32CubeIDE_1.19.0\STM32CubeIDE\plugins\com.st.stm32cube.common.mx_6.15.0.202507011659\db\plugins\mcufinder\reactClient1\index.html
2026-02-22 00:24:10,112 [INFO] UserAuth:487 - Internet connection configuration mode: 1
2026-02-22 00:24:10,169 [ERROR] LogOutputStream:75 - [STDERR_REDIRECT] [Fatal Error] :1:1: Premature end of file.
2026-02-22 00:24:10,169 [ERROR] LogOutputStream:75 - [STDERR_REDIRECT] 
2026-02-22 00:24:10,700 [INFO] WebApp:191 - Connection restablished
2026-02-22 00:24:11,155 [ERROR] LogOutputStream:75 - [STDERR_REDIRECT] [Fatal Error] :1:1: Premature end of file.
2026-02-22 00:24:11,155 [ERROR] LogOutputStream:75 - [STDERR_REDIRECT] 
2026-02-22 00:24:11,464 [WARN] PackLoader:240 - Cannot read IP mode file for STMicroelectronics.FP-SNS-MOTENVWB1.1.4.0
2026-02-22 00:24:11,473 [WARN] PackLoader:240 - Cannot read IP mode file for STMicroelectronics.FP-ATR-ASTRA1.2.0.2
2026-02-22 00:24:11,483 [WARN] PackLoader:240 - Cannot read IP mode file for STMicroelectronics.X-CUBE-SMBUS.2.1.0
2026-02-22 00:24:11,513 [WARN] PackLoader:240 - Cannot read IP mode file for STMicroelectronics.X-CUBE-AZRTOS-F7.1.1.0
2026-02-22 00:24:11,521 [WARN] PackLoader:240 - Cannot read IP mode file for STMicroelectronics.FP-SNS-MOTENV1.5.1.0
2026-02-22 00:24:11,530 [WARN] PackLoader:240 - Cannot read IP mode file for WES.I-CUBE-Cesium.1.4.0
2026-02-22 00:24:11,552 [WARN] PackLoader:240 - Cannot read IP mode file for STMicroelectronics.X-CUBE-AZRTOS-H7.3.4.0
2026-02-22 00:24:11,563 [WARN] PackLoader:240 - Cannot read IP mode file for STMicroelectronics.X-CUBE-DISPLAY.3.0.0
2026-02-22 00:24:11,572 [WARN] PackLoader:240 - Cannot read IP mode file for STMicroelectronics.X-CUBE-NFC10.1.0.0
2026-02-22 00:24:11,578 [WARN] PackLoader:240 - Cannot read IP mode file for STMicroelectronics.X-CUBE-ST60.1.1.0
2026-02-22 00:24:11,584 [WARN] PackLoader:240 - Cannot read IP mode file for emotas.I-CUBE-CANOPEN.1.3.0
2026-02-22 00:24:11,588 [WARN] PackLoader:240 - Cannot read IP mode file for STMicroelectronics.X-CUBE-GNSS1.7.1.0
2026-02-22 00:24:11,596 [WARN] PackLoader:240 - Cannot read IP mode file for STMicroelectronics.FP-SNS-STBOX1.2.1.0
2026-02-22 00:24:11,602 [WARN] PackLoader:240 - Cannot read IP mode file for STMicroelectronics.FP-SNS-SMARTAG2.1.2.0
2026-02-22 00:24:11,606 [WARN] PackLoader:240 - Cannot read IP mode file for STMicroelectronics.FP-SNS-FLIGHT1.5.1.0
2026-02-22 00:24:11,624 [INFO] LogOutputStream:77 - [STDOUT_REDIRECT] 1 : Invalid condition id : UX_CORESTACK_Condition cause : null
2026-02-22 00:24:11,625 [INFO] LogOutputStream:77 - [STDOUT_REDIRECT] 1 : Invalid condition id : UX_CORESTACK_Condition cause : null
2026-02-22 00:24:11,626 [INFO] LogOutputStream:77 - [STDOUT_REDIRECT] 1 : Invalid condition id : UX_CORESTACK_Condition cause : null
2026-02-22 00:24:11,627 [INFO] LogOutputStream:77 - [STDOUT_REDIRECT] 1 : Invalid condition id : UX_CORESTACK_Condition cause : null
2026-02-22 00:24:11,628 [INFO] LogOutputStream:77 - [STDOUT_REDIRECT] 1 : Invalid condition id : UX_CORESTACK_Condition cause : null
2026-02-22 00:24:11,633 [WARN] PackLoader:240 - Cannot read IP mode file for STMicroelectronics.X-CUBE-AZRTOS-WL.2.0.0
2026-02-22 00:24:11,659 [WARN] PackLoader:240 - Cannot read IP mode file for STMicroelectronics.X-CUBE-AZRTOS-H7RS.1.2.0
2026-02-22 00:24:11,675 [WARN] PackLoader:240 - Cannot read IP mode file for STMicroelectronics.X-CUBE-BLE2.3.3.0
2026-02-22 00:24:11,750 [WARN] PackLoader:240 - Cannot read IP mode file for Infineon.AIROC-Wi-Fi-Bluetooth-STM32.1.8.0
2026-02-22 00:24:11,764 [WARN] PackLoader:240 - Cannot read IP mode file for STMicroelectronics.X-CUBE-NFC9.1.0.0
2026-02-22 00:24:11,771 [WARN] PackLoader:240 - Cannot read IP mode file for STMicroelectronics.X-CUBE-BLE1.7.1.0
2026-02-22 00:24:11,775 [WARN] PackLoader:240 - Cannot read IP mode file for wolfSSL.I-CUBE-wolfMQTT.1.19.2
2026-02-22 00:24:11,781 [WARN] PackLoader:240 - Cannot read IP mode file for STMicroelectronics.X-CUBE-FREERTOS.1.4.0
2026-02-22 00:24:11,788 [WARN] PackLoader:240 - Cannot read IP mode file for STMicroelectronics.X-CUBE-EEPRMA1.5.2.0
2026-02-22 00:24:11,794 [WARN] PackLoader:240 - Cannot read IP mode file for wolfSSL.I-CUBE-wolfSSL.5.8.4
2026-02-22 00:24:11,798 [WARN] PackLoader:240 - Cannot read IP mode file for Cesanta.I-CUBE-Mongoose.7.20.0
2026-02-22 00:24:11,845 [WARN] PackLoader:240 - Cannot read IP mode file for STMicroelectronics.X-CUBE-MEMS1.12.0.0
2026-02-22 00:24:11,943 [WARN] PackLoader:240 - Cannot read IP mode file for STMicroelectronics.X-CUBE-AZRTOS-G0.1.1.0
2026-02-22 00:24:11,948 [WARN] PackLoader:240 - Cannot read IP mode file for STMicroelectronics.X-CUBE-NFC4.3.0.0
2026-02-22 00:24:11,954 [WARN] PackLoader:240 - Cannot read IP mode file for EmbeddedOffice.I-CUBE-FS-RTOS.1.0.1
2026-02-22 00:24:11,959 [WARN] PackLoader:240 - Cannot read IP mode file for STMicroelectronics.X-CUBE-WB05N.2.0.0
2026-02-22 00:24:11,965 [WARN] PackLoader:240 - Cannot read IP mode file for wolfSSL.I-CUBE-wolfTPM.3.8.0
2026-02-22 00:24:11,969 [WARN] PackLoader:240 - Cannot read IP mode file for STMicroelectronics.X-CUBE-TCPP.4.2.0
2026-02-22 00:24:11,974 [WARN] PackLoader:240 - Cannot read IP mode file for RealThread.X-CUBE-RT-Thread_Nano.4.1.1
2026-02-22 00:24:11,978 [WARN] PackLoader:240 - Cannot read IP mode file for STMicroelectronics.FP-ATR-SIGFOX1.3.2.0
2026-02-22 00:24:11,983 [WARN] PackLoader:240 - Cannot read IP mode file for ITTIA_DB.I-CUBE-ITTIADB.8.9.0
2026-02-22 00:24:11,988 [WARN] PackLoader:240 - Cannot read IP mode file for STMicroelectronics.X-CUBE-NFC6.3.2.0
2026-02-22 00:24:11,995 [WARN] PackLoader:240 - Cannot read IP mode file for STMicroelectronics.X-CUBE-AI.10.2.0
2026-02-22 00:24:12,020 [WARN] PackLoader:240 - Cannot read IP mode file for SEGGER.I-CUBE-embOS.1.3.1
2026-02-22 00:24:12,062 [WARN] PackLoader:240 - Cannot read IP mode file for STMicroelectronics.X-CUBE-ALGOBUILD.1.4.0
2026-02-22 00:24:12,067 [WARN] PackLoader:240 - Cannot read IP mode file for STMicroelectronics.X-CUBE-PM33A1.1.0.0
2026-02-22 00:24:12,081 [WARN] PackLoader:240 - Cannot read IP mode file for STMicroelectronics.X-CUBE-AZRTOS-F4.1.1.0
2026-02-22 00:24:12,087 [WARN] PackLoader:240 - Cannot read IP mode file for STMicroelectronics.X-CUBE-ISPU.2.1.0
2026-02-22 00:24:12,100 [WARN] PackLoader:240 - Cannot read IP mode file for STMicroelectronics.X-CUBE-IPS.3.2.0
2026-02-22 00:24:12,108 [WARN] PackLoader:240 - Cannot read IP mode file for STMicroelectronics.X-CUBE-NFC12.1.0.0
2026-02-22 00:24:12,120 [WARN] PackLoader:240 - Cannot read IP mode file for STMicroelectronics.X-CUBE-AZRTOS-L5.2.0.0
2026-02-22 00:24:12,126 [WARN] PackLoader:240 - Cannot read IP mode file for STMicroelectronics.X-CUBE-TOUCHGFX.4.26.0
2026-02-22 00:24:12,131 [WARN] PackLoader:240 - Cannot read IP mode file for STMicroelectronics.FP-SNS-STAIOTCFT.1.0.0
2026-02-22 00:24:12,135 [WARN] PackLoader:240 - Cannot read IP mode file for STMicroelectronics.X-CUBE-DPower.1.3.0
2026-02-22 00:24:12,148 [WARN] ConditionMgr:438 - getConditionDescription Invalid condition id : LAN8742 Phy interface Condition cause : null
2026-02-22 00:24:12,149 [WARN] PackLoader:240 - Cannot read IP mode file for STMicroelectronics.X-CUBE-AZRTOS-L4.2.0.0
2026-02-22 00:24:12,149 [WARN] ConditionMgr:1044 - genDependencies : Invalid condition id : LAN8742 Phy interface Condition cause : null
2026-02-22 00:24:12,150 [WARN] ConditionMgr:1044 - genDependencies : Invalid condition id : LAN8742 Phy interface Condition cause : null
2026-02-22 00:24:12,150 [WARN] ConditionMgr:1044 - genDependencies : Invalid condition id : LAN8742 Phy interface Condition cause : null
2026-02-22 00:24:12,155 [WARN] PackLoader:240 - Cannot read IP mode file for STMicroelectronics.X-CUBE-SFXS2LP1.4.0.0
2026-02-22 00:24:12,155 [ERROR] LogOutputStream:75 - [STDERR_REDIRECT] [Fatal Error] :1:1: Premature end of file.
2026-02-22 00:24:12,156 [ERROR] LogOutputStream:75 - [STDERR_REDIRECT] 
2026-02-22 00:24:12,160 [WARN] PackLoader:240 - Cannot read IP mode file for STMicroelectronics.X-CUBE-ST67W61.1.2.0
2026-02-22 00:24:12,166 [WARN] PackLoader:240 - Cannot read IP mode file for STMicroelectronics.X-CUBE-BLEMGR.4.1.0
2026-02-22 00:24:12,177 [WARN] ConditionMgr:438 - getConditionDescription Invalid condition id : UX DEVICE CLASS RTOS Condition cause : null
2026-02-22 00:24:12,177 [WARN] ConditionMgr:438 - getConditionDescription Invalid condition id : UX DEVICE CLASS RTOS Condition cause : null
2026-02-22 00:24:12,178 [WARN] PackLoader:240 - Cannot read IP mode file for STMicroelectronics.X-CUBE-AZRTOS-WB.2.0.0
2026-02-22 00:24:12,178 [WARN] ConditionMgr:1044 - genDependencies : Invalid condition id : UX DEVICE CLASS RTOS Condition cause : null
2026-02-22 00:24:12,178 [WARN] ConditionMgr:1044 - genDependencies : Invalid condition id : UX DEVICE CLASS RTOS Condition cause : null
2026-02-22 00:24:12,178 [WARN] ConditionMgr:1044 - genDependencies : Invalid condition id : UX DEVICE CLASS RTOS Condition cause : null
2026-02-22 00:24:12,178 [WARN] ConditionMgr:1044 - genDependencies : Invalid condition id : UX DEVICE CLASS RTOS Condition cause : null
2026-02-22 00:24:12,179 [WARN] ConditionMgr:1044 - genDependencies : Invalid condition id : UX DEVICE CLASS RTOS Condition cause : null
2026-02-22 00:24:12,181 [WARN] ConditionMgr:438 - getConditionDescription Invalid condition id : Cortex-A Device cause : null
2026-02-22 00:24:12,186 [WARN] ConditionMgr:1044 - genDependencies : Invalid condition id : Cortex-A Device cause : null
2026-02-22 00:24:12,186 [WARN] ConditionMgr:1044 - genDependencies : Invalid condition id : Cortex-A Device cause : null
2026-02-22 00:24:12,186 [WARN] ConditionMgr:1044 - genDependencies : Invalid condition id : Cortex-A Device cause : null
2026-02-22 00:24:12,190 [WARN] PackLoader:240 - Cannot read IP mode file for STMicroelectronics.X-CUBE-STSE01.2.0.0
2026-02-22 00:24:12,197 [WARN] PackLoader:240 - Cannot read IP mode file for STMicroelectronics.X-CUBE-SUBG2.5.0.0
2026-02-22 00:24:12,207 [WARN] PackLoader:240 - Cannot read IP mode file for STMicroelectronics.X-CUBE-AZRTOS-G4.2.0.0
2026-02-22 00:24:12,212 [WARN] PackLoader:240 - Cannot read IP mode file for wolfSSL.I-CUBE-wolfSSH.1.4.20
2026-02-22 00:24:12,217 [WARN] PackLoader:240 - Cannot read IP mode file for STMicroelectronics.X-CUBE-NFC7.2.0.0
2026-02-22 00:24:12,222 [WARN] PackLoader:240 - Cannot read IP mode file for STMicroelectronics.X-CUBE-ALS.1.0.2
2026-02-22 00:24:12,231 [WARN] PackLoader:240 - Cannot read IP mode file for STMicroelectronics.X-CUBE-TOF1.3.4.3
2026-02-22 00:24:12,239 [INFO] ThirdParty:978 - Integrity check success = true
2026-02-22 00:24:12,239 [INFO] IntegrityCheckThread:100 - exiting critical section [integrity check]
2026-02-22 00:24:12,239 [INFO] IntegrityCheckThread:103 - End integrity checks thread
2026-02-22 00:24:13,152 [ERROR] LogOutputStream:75 - [STDERR_REDIRECT] [Fatal Error] :1:1: Premature end of file.
2026-02-22 00:24:13,152 [ERROR] LogOutputStream:75 - [STDERR_REDIRECT] 
2026-02-22 00:24:14,158 [ERROR] LogOutputStream:75 - [STDERR_REDIRECT] [Fatal Error] :1:1: Premature end of file.
2026-02-22 00:24:14,160 [ERROR] LogOutputStream:75 - [STDERR_REDIRECT] 
2026-02-22 00:24:15,157 [ERROR] LogOutputStream:75 - [STDERR_REDIRECT] [Fatal Error] :1:1: Premature end of file.
2026-02-22 00:24:15,158 [ERROR] LogOutputStream:75 - [STDERR_REDIRECT] 
2026-02-22 00:24:16,151 [ERROR] LogOutputStream:75 - [STDERR_REDIRECT] [Fatal Error] :1:1: Premature end of file.
2026-02-22 00:24:16,151 [ERROR] LogOutputStream:75 - [STDERR_REDIRECT] 
2026-02-22 00:24:17,151 [ERROR] LogOutputStream:75 - [STDERR_REDIRECT] [Fatal Error] :1:1: Premature end of file.
2026-02-22 00:24:17,151 [ERROR] LogOutputStream:75 - [STDERR_REDIRECT] 
2026-02-22 00:24:18,150 [ERROR] LogOutputStream:75 - [STDERR_REDIRECT] [Fatal Error] :1:1: Premature end of file.
2026-02-22 00:24:18,151 [ERROR] LogOutputStream:75 - [STDERR_REDIRECT] 
2026-02-22 00:24:19,161 [ERROR] LogOutputStream:75 - [STDERR_REDIRECT] [Fatal Error] :1:1: Premature end of file.
2026-02-22 00:24:19,161 [ERROR] LogOutputStream:75 - [STDERR_REDIRECT] 
2026-02-22 00:24:20,150 [ERROR] LogOutputStream:75 - [STDERR_REDIRECT] [Fatal Error] :1:1: Premature end of file.
2026-02-22 00:24:20,150 [ERROR] LogOutputStream:75 - [STDERR_REDIRECT] 
2026-02-22 00:24:21,158 [ERROR] LogOutputStream:75 - [STDERR_REDIRECT] [Fatal Error] :1:1: Premature end of file.
2026-02-22 00:24:21,160 [ERROR] LogOutputStream:75 - [STDERR_REDIRECT] 
2026-02-22 00:24:22,151 [ERROR] LogOutputStream:75 - [STDERR_REDIRECT] [Fatal Error] :1:1: Premature end of file.
2026-02-22 00:24:22,151 [ERROR] LogOutputStream:75 - [STDERR_REDIRECT] 
2026-02-22 00:24:23,151 [ERROR] LogOutputStream:75 - [STDERR_REDIRECT] [Fatal Error] :1:1: Premature end of file.
2026-02-22 00:24:23,151 [ERROR] LogOutputStream:75 - [STDERR_REDIRECT] 
2026-02-22 00:24:24,150 [ERROR] LogOutputStream:75 - [STDERR_REDIRECT] [Fatal Error] :1:1: Premature end of file.
2026-02-22 00:24:24,150 [ERROR] LogOutputStream:75 - [STDERR_REDIRECT] 
2026-02-22 00:24:25,154 [ERROR] LogOutputStream:75 - [STDERR_REDIRECT] [Fatal Error] :1:1: Premature end of file.
2026-02-22 00:24:25,154 [ERROR] LogOutputStream:75 - [STDERR_REDIRECT] 
2026-02-22 00:24:26,171 [ERROR] LogOutputStream:75 - [STDERR_REDIRECT] [Fatal Error] :1:1: Premature end of file.
2026-02-22 00:24:26,171 [ERROR] LogOutputStream:75 - [STDERR_REDIRECT] 
2026-02-22 00:24:27,164 [ERROR] LogOutputStream:75 - [STDERR_REDIRECT] [Fatal Error] :1:1: Premature end of file.
2026-02-22 00:24:27,164 [ERROR] LogOutputStream:75 - [STDERR_REDIRECT] 
2026-02-22 00:24:28,151 [ERROR] LogOutputStream:75 - [STDERR_REDIRECT] [Fatal Error] :1:1: Premature end of file.
2026-02-22 00:24:28,152 [ERROR] LogOutputStream:75 - [STDERR_REDIRECT] 
2026-02-22 00:24:29,160 [ERROR] LogOutputStream:75 - [STDERR_REDIRECT] [Fatal Error] :1:1: Premature end of file.
2026-02-22 00:24:29,160 [ERROR] LogOutputStream:75 - [STDERR_REDIRECT] 
2026-02-22 00:24:30,175 [ERROR] LogOutputStream:75 - [STDERR_REDIRECT] [Fatal Error] :1:1: Premature end of file.
2026-02-22 00:24:30,176 [ERROR] LogOutputStream:75 - [STDERR_REDIRECT] 
2026-02-22 00:24:31,168 [ERROR] LogOutputStream:75 - [STDERR_REDIRECT] [Fatal Error] :1:1: Premature end of file.
2026-02-22 00:24:31,168 [ERROR] LogOutputStream:75 - [STDERR_REDIRECT] 
2026-02-22 00:24:32,151 [ERROR] LogOutputStream:75 - [STDERR_REDIRECT] [Fatal Error] :1:1: Premature end of file.
2026-02-22 00:24:32,151 [ERROR] LogOutputStream:75 - [STDERR_REDIRECT] 
2026-02-22 00:24:33,152 [ERROR] LogOutputStream:75 - [STDERR_REDIRECT] [Fatal Error] :1:1: Premature end of file.
2026-02-22 00:24:33,152 [ERROR] LogOutputStream:75 - [STDERR_REDIRECT] 
2026-02-22 00:24:34,158 [ERROR] LogOutputStream:75 - [STDERR_REDIRECT] [Fatal Error] :1:1: Premature end of file.
2026-02-22 00:24:34,158 [ERROR] LogOutputStream:75 - [STDERR_REDIRECT] 
2026-02-22 00:24:35,151 [ERROR] LogOutputStream:75 - [STDERR_REDIRECT] [Fatal Error] :1:1: Premature end of file.
2026-02-22 00:24:35,152 [ERROR] LogOutputStream:75 - [STDERR_REDIRECT] 
2026-02-22 00:24:36,157 [ERROR] LogOutputStream:75 - [STDERR_REDIRECT] [Fatal Error] :1:1: Premature end of file.
2026-02-22 00:24:36,159 [ERROR] LogOutputStream:75 - [STDERR_REDIRECT] 
2026-02-22 00:24:37,150 [ERROR] LogOutputStream:75 - [STDERR_REDIRECT] [Fatal Error] :1:1: Premature end of file.
2026-02-22 00:24:37,151 [ERROR] LogOutputStream:75 - [STDERR_REDIRECT] 
2026-02-22 00:24:38,154 [ERROR] LogOutputStream:75 - [STDERR_REDIRECT] [Fatal Error] :1:1: Premature end of file.
2026-02-22 00:24:38,154 [ERROR] LogOutputStream:75 - [STDERR_REDIRECT] 
2026-02-22 00:24:39,160 [ERROR] LogOutputStream:75 - [STDERR_REDIRECT] [Fatal Error] :1:1: Premature end of file.
2026-02-22 00:24:39,161 [ERROR] LogOutputStream:75 - [STDERR_REDIRECT] 
2026-02-22 00:24:40,161 [ERROR] LogOutputStream:75 - [STDERR_REDIRECT] [Fatal Error] :1:1: Premature end of file.
2026-02-22 00:24:40,162 [ERROR] LogOutputStream:75 - [STDERR_REDIRECT] 
2026-02-22 00:24:41,154 [ERROR] LogOutputStream:75 - [STDERR_REDIRECT] [Fatal Error] :1:1: Premature end of file.
2026-02-22 00:24:41,154 [ERROR] LogOutputStream:75 - [STDERR_REDIRECT] 
2026-02-22 00:24:42,150 [ERROR] LogOutputStream:75 - [STDERR_REDIRECT] [Fatal Error] :1:1: Premature end of file.
2026-02-22 00:24:42,150 [ERROR] LogOutputStream:75 - [STDERR_REDIRECT] 
2026-02-22 00:24:43,158 [ERROR] LogOutputStream:75 - [STDERR_REDIRECT] [Fatal Error] :1:1: Premature end of file.
2026-02-22 00:24:43,158 [ERROR] LogOutputStream:75 - [STDERR_REDIRECT] 
2026-02-22 00:24:44,150 [ERROR] LogOutputStream:75 - [STDERR_REDIRECT] [Fatal Error] :1:1: Premature end of file.
2026-02-22 00:24:44,151 [ERROR] LogOutputStream:75 - [STDERR_REDIRECT] 
2026-02-22 00:24:45,151 [ERROR] LogOutputStream:75 - [STDERR_REDIRECT] [Fatal Error] :1:1: Premature end of file.
2026-02-22 00:24:45,151 [ERROR] LogOutputStream:75 - [STDERR_REDIRECT] 
2026-02-22 00:24:46,151 [ERROR] LogOutputStream:75 - [STDERR_REDIRECT] [Fatal Error] :1:1: Premature end of file.
2026-02-22 00:24:46,151 [ERROR] LogOutputStream:75 - [STDERR_REDIRECT] 
2026-02-22 00:24:47,153 [ERROR] LogOutputStream:75 - [STDERR_REDIRECT] [Fatal Error] :1:1: Premature end of file.
2026-02-22 00:24:47,153 [ERROR] LogOutputStream:75 - [STDERR_REDIRECT] 
2026-02-22 00:24:48,151 [ERROR] LogOutputStream:75 - [STDERR_REDIRECT] [Fatal Error] :1:1: Premature end of file.
2026-02-22 00:24:48,151 [ERROR] LogOutputStream:75 - [STDERR_REDIRECT] 
2026-02-22 00:24:49,151 [ERROR] LogOutputStream:75 - [STDERR_REDIRECT] [Fatal Error] :1:1: Premature end of file.
2026-02-22 00:24:49,152 [ERROR] LogOutputStream:75 - [STDERR_REDIRECT] 
2026-02-22 00:24:50,152 [ERROR] LogOutputStream:75 - [STDERR_REDIRECT] [Fatal Error] :1:1: Premature end of file.
2026-02-22 00:24:50,152 [ERROR] LogOutputStream:75 - [STDERR_REDIRECT] 
2026-02-22 00:24:51,152 [ERROR] LogOutputStream:75 - [STDERR_REDIRECT] [Fatal Error] :1:1: Premature end of file.
2026-02-22 00:24:51,152 [ERROR] LogOutputStream:75 - [STDERR_REDIRECT] 
2026-02-22 00:24:52,154 [ERROR] LogOutputStream:75 - [STDERR_REDIRECT] [Fatal Error] :1:1: Premature end of file.
2026-02-22 00:24:52,154 [ERROR] LogOutputStream:75 - [STDERR_REDIRECT] 
2026-02-22 00:24:53,151 [ERROR] LogOutputStream:75 - [STDERR_REDIRECT] [Fatal Error] :1:1: Premature end of file.
2026-02-22 00:24:53,151 [ERROR] LogOutputStream:75 - [STDERR_REDIRECT] 
2026-02-22 00:24:54,153 [ERROR] LogOutputStream:75 - [STDERR_REDIRECT] [Fatal Error] :1:1: Premature end of file.
2026-02-22 00:24:54,153 [ERROR] LogOutputStream:75 - [STDERR_REDIRECT] 
2026-02-22 00:24:55,152 [ERROR] LogOutputStream:75 - [STDERR_REDIRECT] [Fatal Error] :1:1: Premature end of file.
2026-02-22 00:24:55,152 [ERROR] LogOutputStream:75 - [STDERR_REDIRECT] 
2026-02-22 00:24:56,155 [ERROR] LogOutputStream:75 - [STDERR_REDIRECT] [Fatal Error] :1:1: Premature end of file.
2026-02-22 00:24:56,155 [ERROR] LogOutputStream:75 - [STDERR_REDIRECT] 
2026-02-22 00:24:57,154 [ERROR] LogOutputStream:75 - [STDERR_REDIRECT] [Fatal Error] :1:1: Premature end of file.
2026-02-22 00:24:57,154 [ERROR] LogOutputStream:75 - [STDERR_REDIRECT] 
2026-02-22 00:24:58,153 [ERROR] LogOutputStream:75 - [STDERR_REDIRECT] [Fatal Error] :1:1: Premature end of file.
2026-02-22 00:24:58,153 [ERROR] LogOutputStream:75 - [STDERR_REDIRECT] 
2026-02-22 00:24:59,153 [ERROR] LogOutputStream:75 - [STDERR_REDIRECT] [Fatal Error] :1:1: Premature end of file.
2026-02-22 00:24:59,153 [ERROR] LogOutputStream:75 - [STDERR_REDIRECT] 
2026-02-22 00:25:00,161 [ERROR] LogOutputStream:75 - [STDERR_REDIRECT] [Fatal Error] :1:1: Premature end of file.
2026-02-22 00:25:00,161 [ERROR] LogOutputStream:75 - [STDERR_REDIRECT] 
2026-02-22 00:25:01,151 [ERROR] LogOutputStream:75 - [STDERR_REDIRECT] [Fatal Error] :1:1: Premature end of file.
2026-02-22 00:25:01,153 [ERROR] LogOutputStream:75 - [STDERR_REDIRECT] 
2026-02-22 00:25:02,150 [ERROR] LogOutputStream:75 - [STDERR_REDIRECT] [Fatal Error] :1:1: Premature end of file.
2026-02-22 00:25:02,150 [ERROR] LogOutputStream:75 - [STDERR_REDIRECT] 
2026-02-22 00:25:03,152 [ERROR] LogOutputStream:75 - [STDERR_REDIRECT] [Fatal Error] :1:1: Premature end of file.
2026-02-22 00:25:03,153 [ERROR] LogOutputStream:75 - [STDERR_REDIRECT] 
2026-02-22 00:25:04,153 [ERROR] LogOutputStream:75 - [STDERR_REDIRECT] [Fatal Error] :1:1: Premature end of file.
2026-02-22 00:25:04,153 [ERROR] LogOutputStream:75 - [STDERR_REDIRECT] 
2026-02-22 00:25:05,160 [ERROR] LogOutputStream:75 - [STDERR_REDIRECT] [Fatal Error] :1:1: Premature end of file.
2026-02-22 00:25:05,161 [ERROR] LogOutputStream:75 - [STDERR_REDIRECT] 
2026-02-22 00:25:06,152 [ERROR] LogOutputStream:75 - [STDERR_REDIRECT] [Fatal Error] :1:1: Premature end of file.
2026-02-22 00:25:06,152 [ERROR] LogOutputStream:75 - [STDERR_REDIRECT] 
2026-02-22 00:25:07,151 [ERROR] LogOutputStream:75 - [STDERR_REDIRECT] [Fatal Error] :1:1: Premature end of file.
2026-02-22 00:25:07,151 [ERROR] LogOutputStream:75 - [STDERR_REDIRECT] 
2026-02-22 00:25:08,151 [ERROR] LogOutputStream:75 - [STDERR_REDIRECT] [Fatal Error] :1:1: Premature end of file.
2026-02-22 00:25:08,152 [ERROR] LogOutputStream:75 - [STDERR_REDIRECT] 
2026-02-22 00:25:09,154 [ERROR] LogOutputStream:75 - [STDERR_REDIRECT] [Fatal Error] :1:1: Premature end of file.
2026-02-22 00:25:09,154 [ERROR] LogOutputStream:75 - [STDERR_REDIRECT] 
2026-02-22 00:25:10,164 [ERROR] LogOutputStream:75 - [STDERR_REDIRECT] [Fatal Error] :1:1: Premature end of file.
2026-02-22 00:25:10,164 [ERROR] LogOutputStream:75 - [STDERR_REDIRECT] 
2026-02-22 00:25:11,149 [ERROR] LogOutputStream:75 - [STDERR_REDIRECT] [Fatal Error] :1:1: Premature end of file.
2026-02-22 00:25:11,149 [ERROR] LogOutputStream:75 - [STDERR_REDIRECT] 
2026-02-22 00:25:12,151 [ERROR] LogOutputStream:75 - [STDERR_REDIRECT] [Fatal Error] :1:1: Premature end of file.
2026-02-22 00:25:12,151 [ERROR] LogOutputStream:75 - [STDERR_REDIRECT] 
2026-02-22 00:25:13,153 [ERROR] LogOutputStream:75 - [STDERR_REDIRECT] [Fatal Error] :1:1: Premature end of file.
2026-02-22 00:25:13,153 [ERROR] LogOutputStream:75 - [STDERR_REDIRECT] 
2026-02-22 00:25:14,152 [ERROR] LogOutputStream:75 - [STDERR_REDIRECT] [Fatal Error] :1:1: Premature end of file.
2026-02-22 00:25:14,152 [ERROR] LogOutputStream:75 - [STDERR_REDIRECT] 
2026-02-22 00:25:15,154 [ERROR] LogOutputStream:75 - [STDERR_REDIRECT] [Fatal Error] :1:1: Premature end of file.
2026-02-22 00:25:15,154 [ERROR] LogOutputStream:75 - [STDERR_REDIRECT] 
2026-02-22 00:25:16,152 [ERROR] LogOutputStream:75 - [STDERR_REDIRECT] [Fatal Error] :1:1: Premature end of file.
2026-02-22 00:25:16,152 [ERROR] LogOutputStream:75 - [STDERR_REDIRECT] 
2026-02-22 00:25:17,153 [ERROR] LogOutputStream:75 - [STDERR_REDIRECT] [Fatal Error] :1:1: Premature end of file.
2026-02-22 00:25:17,153 [ERROR] LogOutputStream:75 - [STDERR_REDIRECT] 
2026-02-22 00:25:18,152 [ERROR] LogOutputStream:75 - [STDERR_REDIRECT] [Fatal Error] :1:1: Premature end of file.
2026-02-22 00:25:18,152 [ERROR] LogOutputStream:75 - [STDERR_REDIRECT] 
2026-02-22 00:25:19,159 [ERROR] LogOutputStream:75 - [STDERR_REDIRECT] [Fatal Error] :1:1: Premature end of file.
2026-02-22 00:25:19,159 [ERROR] LogOutputStream:75 - [STDERR_REDIRECT] 
2026-02-22 00:25:20,153 [ERROR] LogOutputStream:75 - [STDERR_REDIRECT] [Fatal Error] :1:1: Premature end of file.
2026-02-22 00:25:20,153 [ERROR] LogOutputStream:75 - [STDERR_REDIRECT] 
2026-02-22 00:25:21,153 [ERROR] LogOutputStream:75 - [STDERR_REDIRECT] [Fatal Error] :1:1: Premature end of file.
2026-02-22 00:25:21,153 [ERROR] LogOutputStream:75 - [STDERR_REDIRECT] 
2026-02-22 00:25:22,161 [ERROR] LogOutputStream:75 - [STDERR_REDIRECT] [Fatal Error] :1:1: Premature end of file.
2026-02-22 00:25:22,161 [ERROR] LogOutputStream:75 - [STDERR_REDIRECT] 
2026-02-22 00:25:23,162 [ERROR] LogOutputStream:75 - [STDERR_REDIRECT] [Fatal Error] :1:1: Premature end of file.
2026-02-22 00:25:23,162 [ERROR] LogOutputStream:75 - [STDERR_REDIRECT] 
2026-02-22 00:25:24,151 [ERROR] LogOutputStream:75 - [STDERR_REDIRECT] [Fatal Error] :1:1: Premature end of file.
2026-02-22 00:25:24,151 [ERROR] LogOutputStream:75 - [STDERR_REDIRECT] 
2026-02-22 00:25:25,158 [ERROR] LogOutputStream:75 - [STDERR_REDIRECT] [Fatal Error] :1:1: Premature end of file.
2026-02-22 00:25:25,159 [ERROR] LogOutputStream:75 - [STDERR_REDIRECT] 
2026-02-22 00:25:26,151 [ERROR] LogOutputStream:75 - [STDERR_REDIRECT] [Fatal Error] :1:1: Premature end of file.
2026-02-22 00:25:26,152 [ERROR] LogOutputStream:75 - [STDERR_REDIRECT] 
2026-02-22 00:25:27,160 [ERROR] LogOutputStream:75 - [STDERR_REDIRECT] [Fatal Error] :1:1: Premature end of file.
2026-02-22 00:25:27,160 [ERROR] LogOutputStream:75 - [STDERR_REDIRECT] 
2026-02-22 00:25:28,151 [ERROR] LogOutputStream:75 - [STDERR_REDIRECT] [Fatal Error] :1:1: Premature end of file.
2026-02-22 00:25:28,151 [ERROR] LogOutputStream:75 - [STDERR_REDIRECT] 
2026-02-22 00:25:29,152 [ERROR] LogOutputStream:75 - [STDERR_REDIRECT] [Fatal Error] :1:1: Premature end of file.
2026-02-22 00:25:29,153 [ERROR] LogOutputStream:75 - [STDERR_REDIRECT] 
2026-02-22 00:25:30,151 [ERROR] LogOutputStream:75 - [STDERR_REDIRECT] [Fatal Error] :1:1: Premature end of file.
2026-02-22 00:25:30,151 [ERROR] LogOutputStream:75 - [STDERR_REDIRECT] 
2026-02-22 00:25:31,150 [ERROR] LogOutputStream:75 - [STDERR_REDIRECT] [Fatal Error] :1:1: Premature end of file.
2026-02-22 00:25:31,150 [ERROR] LogOutputStream:75 - [STDERR_REDIRECT] 
2026-02-22 00:25:32,151 [ERROR] LogOutputStream:75 - [STDERR_REDIRECT] [Fatal Error] :1:1: Premature end of file.
2026-02-22 00:25:32,151 [ERROR] LogOutputStream:75 - [STDERR_REDIRECT] 
2026-02-22 00:25:33,150 [ERROR] LogOutputStream:75 - [STDERR_REDIRECT] [Fatal Error] :1:1: Premature end of file.
2026-02-22 00:25:33,150 [ERROR] LogOutputStream:75 - [STDERR_REDIRECT] 
2026-02-22 00:25:34,157 [ERROR] LogOutputStream:75 - [STDERR_REDIRECT] [Fatal Error] :1:1: Premature end of file.
2026-02-22 00:25:34,158 [ERROR] LogOutputStream:75 - [STDERR_REDIRECT] 
2026-02-22 00:25:35,150 [ERROR] LogOutputStream:75 - [STDERR_REDIRECT] [Fatal Error] :1:1: Premature end of file.
2026-02-22 00:25:35,151 [ERROR] LogOutputStream:75 - [STDERR_REDIRECT] 
2026-02-22 00:25:36,151 [ERROR] LogOutputStream:75 - [STDERR_REDIRECT] [Fatal Error] :1:1: Premature end of file.
2026-02-22 00:25:36,151 [ERROR] LogOutputStream:75 - [STDERR_REDIRECT] 
2026-02-22 00:25:37,159 [ERROR] LogOutputStream:75 - [STDERR_REDIRECT] [Fatal Error] :1:1: Premature end of file.
2026-02-22 00:25:37,160 [ERROR] LogOutputStream:75 - [STDERR_REDIRECT] 
2026-02-22 00:25:38,152 [ERROR] LogOutputStream:75 - [STDERR_REDIRECT] [Fatal Error] :1:1: Premature end of file.
2026-02-22 00:25:38,152 [ERROR] LogOutputStream:75 - [STDERR_REDIRECT] 
2026-02-22 00:25:39,163 [ERROR] LogOutputStream:75 - [STDERR_REDIRECT] [Fatal Error] :1:1: Premature end of file.
2026-02-22 00:25:39,163 [ERROR] LogOutputStream:75 - [STDERR_REDIRECT] 
2026-02-22 00:25:40,158 [ERROR] LogOutputStream:75 - [STDERR_REDIRECT] [Fatal Error] :1:1: Premature end of file.
2026-02-22 00:25:40,158 [ERROR] LogOutputStream:75 - [STDERR_REDIRECT] 
2026-02-22 00:25:41,154 [ERROR] LogOutputStream:75 - [STDERR_REDIRECT] [Fatal Error] :1:1: Premature end of file.
2026-02-22 00:25:41,155 [ERROR] LogOutputStream:75 - [STDERR_REDIRECT] 
2026-02-22 00:25:42,171 [ERROR] LogOutputStream:75 - [STDERR_REDIRECT] [Fatal Error] :1:1: Premature end of file.
2026-02-22 00:25:42,172 [ERROR] LogOutputStream:75 - [STDERR_REDIRECT] 
2026-02-22 00:25:43,151 [ERROR] LogOutputStream:75 - [STDERR_REDIRECT] [Fatal Error] :1:1: Premature end of file.
2026-02-22 00:25:43,153 [ERROR] LogOutputStream:75 - [STDERR_REDIRECT] 
2026-02-22 00:25:43,508 [INFO] McuFinderGlobals:63 - Set McuFinder mode to 2 (CubeIDE integrated)
2026-02-22 00:25:43,511 [INFO] MainUpdater:2872 - connection check result : 10
2026-02-22 00:25:43,512 [INFO] McuFinderGlobals:76 - Set McuFinderConnectedMode to true
2026-02-22 00:25:43,792 [INFO] ServerAccessManage:452 - Complete download http(s) 200
2026-02-22 00:25:43,793 [INFO] ServerAccessManage:509 - Download File mcusAds.json._tmp_
2026-02-22 00:25:43,901 [INFO] LoadUrlFilesThread:156 - End of LoadUrlFiles Thread
2026-02-22 00:25:44,152 [ERROR] LogOutputStream:75 - [STDERR_REDIRECT] [Fatal Error] :1:1: Premature end of file.
2026-02-22 00:25:44,152 [ERROR] LogOutputStream:75 - [STDERR_REDIRECT] 
2026-02-22 00:25:45,162 [ERROR] LogOutputStream:75 - [STDERR_REDIRECT] [Fatal Error] :1:1: Premature end of file.
2026-02-22 00:25:45,162 [ERROR] LogOutputStream:75 - [STDERR_REDIRECT] 
2026-02-22 00:25:45,354 [INFO] ServerAccessManage:452 - Complete download http(s) 200
2026-02-22 00:25:45,354 [INFO] ServerAccessManage:509 - Download File cube-finder-db.zip
2026-02-22 00:25:46,154 [ERROR] LogOutputStream:75 - [STDERR_REDIRECT] [Fatal Error] :1:1: Premature end of file.
2026-02-22 00:25:46,154 [ERROR] LogOutputStream:75 - [STDERR_REDIRECT] 
2026-02-22 00:25:47,153 [ERROR] LogOutputStream:75 - [STDERR_REDIRECT] [Fatal Error] :1:1: Premature end of file.
2026-02-22 00:25:47,153 [ERROR] LogOutputStream:75 - [STDERR_REDIRECT] 
2026-02-22 00:25:48,172 [ERROR] LogOutputStream:75 - [STDERR_REDIRECT] [Fatal Error] :1:1: Premature end of file.
2026-02-22 00:25:48,172 [ERROR] LogOutputStream:75 - [STDERR_REDIRECT] 
2026-02-22 00:25:49,151 [ERROR] LogOutputStream:75 - [STDERR_REDIRECT] [Fatal Error] :1:1: Premature end of file.
2026-02-22 00:25:49,152 [ERROR] LogOutputStream:75 - [STDERR_REDIRECT] 
2026-02-22 00:25:50,153 [ERROR] LogOutputStream:75 - [STDERR_REDIRECT] [Fatal Error] :1:1: Premature end of file.
2026-02-22 00:25:50,153 [ERROR] LogOutputStream:75 - [STDERR_REDIRECT] 
2026-02-22 00:25:51,154 [ERROR] LogOutputStream:75 - [STDERR_REDIRECT] [Fatal Error] :1:1: Premature end of file.
2026-02-22 00:25:51,154 [ERROR] LogOutputStream:75 - [STDERR_REDIRECT] 
2026-02-22 00:25:52,152 [ERROR] LogOutputStream:75 - [STDERR_REDIRECT] [Fatal Error] :1:1: Premature end of file.
2026-02-22 00:25:52,152 [ERROR] LogOutputStream:75 - [STDERR_REDIRECT] 
2026-02-22 00:25:53,156 [ERROR] LogOutputStream:75 - [STDERR_REDIRECT] [Fatal Error] :1:1: Premature end of file.
2026-02-22 00:25:53,157 [ERROR] LogOutputStream:75 - [STDERR_REDIRECT] 
2026-02-22 00:25:54,169 [INFO] FileExtend:248 - Unzip File : cube-finder-db.zip
2026-02-22 00:25:54,169 [INFO] FileExtend:263 - Standard Zip Deflate
2026-02-22 00:25:54,173 [ERROR] LogOutputStream:75 - [STDERR_REDIRECT] [Fatal Error] :1:1: Premature end of file.
2026-02-22 00:25:54,174 [ERROR] LogOutputStream:75 - [STDERR_REDIRECT] 
2026-02-22 00:25:54,735 [INFO] LoadUrlFilesThread:156 - End of LoadUrlFiles Thread
2026-02-22 00:25:55,153 [ERROR] LogOutputStream:75 - [STDERR_REDIRECT] [Fatal Error] :1:1: Premature end of file.
2026-02-22 00:25:55,153 [ERROR] LogOutputStream:75 - [STDERR_REDIRECT] 
2026-02-22 00:25:56,149 [INFO] ServerAccessManage:452 - Complete download http(s) 200
2026-02-22 00:25:56,149 [INFO] ServerAccessManage:509 - Download File crdb.zip
2026-02-22 00:25:56,159 [ERROR] LogOutputStream:75 - [STDERR_REDIRECT] [Fatal Error] :1:1: Premature end of file.
2026-02-22 00:25:56,159 [ERROR] LogOutputStream:75 - [STDERR_REDIRECT] 
2026-02-22 00:25:57,154 [ERROR] LogOutputStream:75 - [STDERR_REDIRECT] [Fatal Error] :1:1: Premature end of file.
2026-02-22 00:25:57,155 [ERROR] LogOutputStream:75 - [STDERR_REDIRECT] 
2026-02-22 00:25:57,997 [INFO] FileExtend:248 - Unzip File : crdb.zip
2026-02-22 00:25:57,998 [INFO] FileExtend:263 - Standard Zip Deflate
2026-02-22 00:25:58,119 [INFO] LoadUrlFilesThread:156 - End of LoadUrlFiles Thread
2026-02-22 00:25:58,160 [ERROR] LogOutputStream:75 - [STDERR_REDIRECT] [Fatal Error] :1:1: Premature end of file.
2026-02-22 00:25:58,161 [ERROR] LogOutputStream:75 - [STDERR_REDIRECT] 
2026-02-22 00:25:58,289 [INFO] ServerAccessManage:452 - Complete download http(s) 200
2026-02-22 00:25:58,290 [INFO] ServerAccessManage:509 - Download File tutoVideoDB.zip
2026-02-22 00:25:58,308 [INFO] FileExtend:248 - Unzip File : tutoVideoDB.zip
2026-02-22 00:25:58,309 [INFO] FileExtend:263 - Standard Zip Deflate
2026-02-22 00:25:58,418 [INFO] LoadUrlFilesThread:156 - End of LoadUrlFiles Thread
2026-02-22 00:25:58,419 [WARN] DbFile:41 - Overriding database path with different value: C:\Users\USER\.stmcufinder\plugins\mcufinder/ => C:\Users\USER\.stmcufinder\plugins\mcufinder
2026-02-22 00:25:59,063 [INFO] ServerAccessManage:452 - Complete download http(s) 200
2026-02-22 00:25:59,063 [INFO] ServerAccessManage:509 - Download File api_config.json
2026-02-22 00:25:59,154 [ERROR] LogOutputStream:75 - [STDERR_REDIRECT] [Fatal Error] :1:1: Premature end of file.
2026-02-22 00:25:59,154 [ERROR] LogOutputStream:75 - [STDERR_REDIRECT] 
2026-02-22 00:25:59,176 [INFO] LoadUrlFilesThread:156 - End of LoadUrlFiles Thread
2026-02-22 00:25:59,176 [INFO] DbMcusAds:53 - JSON generation date=Wed Feb 18 23:32:49 KST 2026 (1771425169371)
2026-02-22 00:25:59,246 [INFO] ServerAccessManage:452 - Complete download http(s) 200
2026-02-22 00:25:59,246 [INFO] ServerAccessManage:509 - Download File 
2026-02-22 00:25:59,299 [INFO] LoadUrlFilesThread:185 - End of LoadServerUrlFiles without Thread
2026-02-22 00:25:59,300 [INFO] TargetSelectorAdapter:259 - Refresh data is successful
2026-02-22 00:25:59,405 [INFO] ApiDb:581 - Connected to CubeFinder SQLite database (C:\Users\USER\.stmcufinder\plugins\mcufinder\mcu\cube-finder-db.db)
2026-02-22 00:25:59,469 [INFO] ApiDb:668 - CubeFinder database Data Model version=2.1
2026-02-22 00:25:59,469 [INFO] ApiDb:669 - CubeFinder database Configuration version=3.0.39
2026-02-22 00:25:59,470 [INFO] ApiDb:670 - CubeFinder database generation date=2025-12-22 (1766407740)
2026-02-22 00:25:59,470 [INFO] ApiDb:671 - CubeFinder database FW Pack versions=[FP-ATR-ASTRA1_V2.0.0, FP-SNS-FLIGHT1_V5.1.0, FP-SNS-MOTENV1_V5.1.0, FP-SNS-MOTENVWB1_V1.4.0, FP-SNS-SMARTAG2_V1.2.0, FP-SNS-STBOX1_V2.1.0, STM32Cube_FW_C0_V1.4.0, STM32Cube_FW_F4_V1.28.3, STM32Cube_FW_F7_V1.17.4, STM32Cube_FW_G0_V1.6.2, STM32Cube_FW_G4_V1.6.1, STM32Cube_FW_H5_V1.5.1, STM32Cube_FW_H7RS_V1.3.0, STM32Cube_FW_H7_V1.12.1, STM32Cube_FW_L0_V1.12.2, STM32Cube_FW_L4_V1.18.1, STM32Cube_FW_L5_V1.6.0, STM32Cube_FW_N6_V1.3.0, STM32Cube_FW_U0_V1.3.0, STM32Cube_FW_U3_V1.2.1, STM32Cube_FW_U5_V1.8.0, STM32Cube_FW_WB0_V1.4.0, STM32Cube_FW_WBA_V1.8.0, STM32Cube_FW_WB_V1.24.0, STM32Cube_FW_WL3_V1.3.0, STM32Cube_FW_WL_V1.4.0, X-CUBE-ALGOBUILD_V1.4.0, X-CUBE-ALS_V1.0.2, X-CUBE-AZRTOS-F4_V1.1.0, X-CUBE-AZRTOS-F7_V1.1.0, X-CUBE-AZRTOS-G0_V1.1.0, X-CUBE-AZRTOS-G4_V2.0.0, X-CUBE-AZRTOS-H7RS_V1.1.0, X-CUBE-AZRTOS-H7_V3.4.0, X-CUBE-AZRTOS-L4_V2.0.0, X-CUBE-AZRTOS-L5_V2.0.0, X-CUBE-AZRTOS-WB_V2.0.0, X-CUBE-AZRTOS-WL_V2.0.0, X-CUBE-BLE1_V7.1.0, X-CUBE-BLE2_V3.3.0, X-CUBE-BLEMGR_V4.1.0, X-CUBE-EEPRMA1_V5.2.0, X-CUBE-FREERTOS_V1.3.1, X-CUBE-GNSS1_V6.0.0, X-CUBE-MEMS1_V12.0.0, X-CUBE-NFC4_V3.0.0, X-CUBE-NFC7_V2.0.0, X-CUBE-SFXS2LP1_V4.0.0, X-CUBE-ST67W61_V1.1.0, X-CUBE-SUBG2_V5.0.0, X-CUBE-TOF1_V3.4.3]
2026-02-22 00:26:00,156 [ERROR] LogOutputStream:75 - [STDERR_REDIRECT] [Fatal Error] :1:1: Premature end of file.
2026-02-22 00:26:00,156 [ERROR] LogOutputStream:75 - [STDERR_REDIRECT] 
2026-02-22 00:26:01,154 [ERROR] LogOutputStream:75 - [STDERR_REDIRECT] [Fatal Error] :1:1: Premature end of file.
2026-02-22 00:26:01,154 [ERROR] LogOutputStream:75 - [STDERR_REDIRECT] 
2026-02-22 00:26:01,422 [INFO] ApiDb:240 - Found 880 in-development CPN: [B-G473E-ZEST1S, B-WB1M-WPAN1, B-WBA5M-WPAN, B-WL5M-SUBG1, NUCLEO-C031C6, NUCLEO-C051C8, NUCLEO-C071RB, NUCLEO-C092RC, NUCLEO-H503RB, NUCLEO-H533RE, NUCLEO-H563ZI, NUCLEO-H7S3L8, NUCLEO-N657X0-Q, NUCLEO-U031R8, NUCLEO-U083RC, NUCLEO-U385RG-Q, NUCLEO-U545RE-Q, NUCLEO-U5A5ZJ-Q, NUCLEO-WB05KZ, NUCLEO-WB07CC, NUCLEO-WB09KE, NUCLEO-WBA52CG, NUCLEO-WBA55CG, NUCLEO-WL33CC1, NUCLEO-WL33CC2, STEVAL-PROTEUS1, STEVAL-SMARTAG2, STEVAL-STWINBX1, STM320518-EVAL, STM32C0116-DK, STM32C011D6Y3TR, STM32C011D6Y6TR, STM32C011F4P3, STM32C011F4P6, STM32C011F4U3, STM32C011F4U6TR, STM32C011F6P3, STM32C011F6P6, STM32C011F6U3, STM32C011F6U6TR, STM32C011J4M3, STM32C011J4M6, STM32C011J6M3, STM32C011J6M6, STM32C0316-DK, STM32C031C4T3, STM32C031C4T6, STM32C031C4U3, STM32C031C4U6, STM32C031C6T3, STM32C031C6T6, STM32C031C6U3, STM32C031C6U6, STM32C031F4P3, STM32C031F4P6, STM32C031F6P3, STM32C031F6P6, STM32C031G4U3, STM32C031G4U6, STM32C031G6U3, STM32C031G6U6, STM32C031K4T3, STM32C031K4T6, STM32C031K4U3, STM32C031K4U6, STM32C031K6T3, STM32C031K6T6, STM32C031K6U3, STM32C031K6U6, STM32C051C6T6, STM32C051C6U6, STM32C051C8T6, STM32C051C8U6, STM32C051D8Y6TR, STM32C051F6P6, STM32C051F8P6, STM32C051G6U6, STM32C051G8U6, STM32C051K6T6, STM32C051K6U6, STM32C051K8T6, STM32C071C8T6, STM32C071C8T6N, STM32C071C8U6, STM32C071C8U6N, STM32C071CBT6, STM32C071CBT6N, STM32C071CBU6, STM32C071CBU6N, STM32C071F8P6, STM32C071F8P6N, STM32C071FBP6, STM32C071FBP6N, STM32C071FBY6TR, STM32C071G8U6, STM32C071G8U6N, STM32C071GBU6, STM32C071GBU6N, STM32C071K8T6, STM32C071K8T6N, STM32C071K8U6, STM32C071K8U6N, STM32C071KBT6, STM32C071KBT6N, STM32C071KBU6, STM32C071KBU6N, STM32C071R8T6, STM32C071R8T6N, STM32C071RBI6N, STM32C071RBT6, STM32C071RBT6N, STM32C091CBT6, STM32C091CBU6, STM32C091CCT6, STM32C091CCU6, STM32C091ECY6TR, STM32C091FBP6, STM32C091FCP6, STM32C091GBU6, STM32C091GCU6, STM32C091KBT6, STM32C091KBU6, STM32C091KCT6, STM32C091KCU6, STM32C091RBT6, STM32C091RCI6, STM32C091RCT6, STM32C092CBT6, STM32C092CBU6, STM32C092CCT6, STM32C092CCU6, STM32C092ECY6TR, STM32C092FBP6, STM32C092FCP6, STM32C092GBU6, STM32C092GCU6, STM32C092KBT6, STM32C092KBU6, STM32C092KCT6, STM32C092KCU6, STM32C092RBT6, STM32C092RCI6, STM32C092RCT6, STM32G071K8TXN, STM32G071K8UXN, STM32G081GBU6N, STM32G081KBT6N, STM32G081KBUXN, STM32G0B1CCT6N, STM32G0B1KCT6, STM32G0B1NEY6TR, STM32G0B1RCT6N, STM32G0C1CCT6, STM32G0C1CCT6N, STM32G0C1CCU6N, STM32G0C1CET6N, STM32G0C1CEU6N, STM32G0C1KCT6, STM32G0C1NEY6TR, STM32G0C1RCI6N, STM32G0C1RCT6N, STM32G0C1REI6N, STM32G0C1RET6N, STM32G0C1VCI6, STM32G0C1VEI6, STM32G411C6T3, STM32G411C6T6, STM32G411C6U3, STM32G411C6U6, STM32G411C8T3, STM32G411C8T6, STM32G411C8U3, STM32G411C8U6, STM32G411CBT3, STM32G411CBT6, STM32G411CBU3, STM32G411CBU6, STM32G411K6T3, STM32G411K6T6, STM32G411K6U3, STM32G411K6U6, STM32G411K8T3, STM32G411K8T6, STM32G411K8U3, STM32G411K8U6, STM32G411KBT3, STM32G411KBT6, STM32G411KBU3, STM32G411KBU6, STM32G411M6T3, STM32G411M6T6, STM32G411M8T3, STM32G411M8T6, STM32G411MBT3, STM32G411MBT6, STM32G411R6T3, STM32G411R6T6, STM32G411R8T3, STM32G411R8T6, STM32G411RBT3, STM32G411RBT6, STM32G414CBT3, STM32G414CBT6, STM32G414CBU3, STM32G414CBU6, STM32G414CCT3, STM32G414CCT6, STM32G414CCU3, STM32G414CCU6, STM32G414MBT3, STM32G414MBT6, STM32G414MCT3, STM32G414MCT6, STM32G414RBT3, STM32G414RBT6, STM32G414RCT3, STM32G414RCT6, STM32G414VBT3, STM32G414VBT6, STM32G414VCT3, STM32G414VCT6, STM32G431CBT3Z, STM32G431RBT3Z, STM32G471CCT6, STM32G471CCU6, STM32G471CET3, STM32G471CET6, STM32G471CEU3, STM32G471CEU6, STM32G471MCT6, STM32G471MET3, STM32G471MET6, STM32G471MEY6TR, STM32G471QCT6, STM32G471QET3, STM32G471RCT6, STM32G471RET3, STM32G471RET6, STM32G471VCH6, STM32G471VCI6, STM32G471VCT6, STM32G471VEH3, STM32G471VEH6, STM32G471VEI3, STM32G471VEI6, STM32G471VET3, STM32G471VET6, STM32G473QET3Z, STM32G473RET3Z, STM32G474CCT6, STM32G491RET3Z, STM32H503CBT6, STM32H503CBU6, STM32H503EBY6TR, STM32H503KBU6, STM32H503RBT6, STM32H523CCT6, STM32H523CCU6, STM32H523CET6, STM32H523CEU6, STM32H523HEY6TR, STM32H523RCT6, STM32H523RET6, STM32H523VCI6, STM32H523VCT6, STM32H523VEI6, STM32H523VET6, STM32H523ZCJ6, STM32H523ZCT6, STM32H523ZEJ6, STM32H523ZET6, STM32H533CET6, STM32H533CEU6, STM32H533HEY6TR, STM32H533RET6, STM32H533VEI6, STM32H533VET6, STM32H533ZEJ6, STM32H533ZET6, STM32H562AGI6, STM32H562AII6, STM32H562IGK6, STM32H562IGT6, STM32H562IIK6, STM32H562IIT6, STM32H562RGT6, STM32H562RGV6, STM32H562RIT6, STM32H562RIV6, STM32H562VGT6, STM32H562VIT6, STM32H562ZGT6, STM32H562ZIT6, STM32H563AGI6, STM32H563AII3Q, STM32H563AII6, STM32H563IGK6, STM32H563IGT6, STM32H563IIK3Q, STM32H563IIK6, STM32H563IIT3Q, STM32H563IIT6, STM32H563MIY3QTR, STM32H563RGT6, STM32H563RGV6, STM32H563RIT6, STM32H563RIV6, STM32H563VGT6, STM32H563VIT3Q, STM32H563VIT6, STM32H563ZGT6, STM32H563ZIT3Q, STM32H563ZIT6, STM32H573AII3Q, STM32H573AII6, STM32H573I-DK, STM32H573IIK3Q, STM32H573IIK6, STM32H573IIT3Q, STM32H573IIT6, STM32H573MIY3QTR, STM32H573RIT6, STM32H573RIV6, STM32H573VIT3Q, STM32H573VIT6, STM32H573ZIT3Q, STM32H573ZIT6, STM32H7R3A8I6, STM32H7R3I8K6, STM32H7R3I8T6, STM32H7R3L8H6, STM32H7R3L8H6H, STM32H7R3R8V6, STM32H7R3V8H6, STM32H7R3V8T6, STM32H7R3V8Y6TR, STM32H7R3Z8J6, STM32H7R3Z8T6, STM32H7R7A8I6, STM32H7R7I8K6, STM32H7R7I8T6, STM32H7R7L8H6, STM32H7R7L8H6H, STM32H7R7Z8J6, STM32H7S3A8I6, STM32H7S3I8K6, STM32H7S3I8T6, STM32H7S3L8H6, STM32H7S3L8H6H, STM32H7S3R8V6, STM32H7S3V8H6, STM32H7S3V8T6, STM32H7S3V8Y6TR, STM32H7S3Z8J6, STM32H7S3Z8T6, STM32H7S78-DK, STM32H7S7A8I6, STM32H7S7I8K6, STM32H7S7I8T6, STM32H7S7L8H6, STM32H7S7L8H6H, STM32H7S7Z8J6, STM32L4R5QGI6STR, STM32MP131AAE3, STM32MP131AAF3, STM32MP131AAG3, STM32MP131CAE3, STM32MP131CAF3, STM32MP131CAG3, STM32MP131DAE7, STM32MP131DAF7, STM32MP131DAG7, STM32MP131FAE7, STM32MP131FAF7, STM32MP131FAG7, STM32MP133AAE3, STM32MP133AAF3, STM32MP133AAG3, STM32MP133CAE3, STM32MP133CAF3, STM32MP133CAG3, STM32MP133DAE7, STM32MP133DAF7, STM32MP133DAG7, STM32MP133FAE7, STM32MP133FAF7, STM32MP133FAG7, STM32MP135AAE3, STM32MP135AAF3, STM32MP135AAG3, STM32MP135CAE3, STM32MP135CAF3, STM32MP135CAG3, STM32MP135DAE7, STM32MP135DAF7, STM32MP135DAG7, STM32MP135F-DK, STM32MP135FAE7, STM32MP135FAF7, STM32MP135FAF7T, STM32MP135FAF7U, STM32MP135FAG7, STM32MP211AAL3, STM32MP211AAM3, STM32MP211AAN3, STM32MP211AAO3, STM32MP211CAL3, STM32MP211CAM3, STM32MP211CAN3, STM32MP211CAO3, STM32MP211DAL3, STM32MP211DAM3, STM32MP211DAN3, STM32MP211DAO3, STM32MP211FAL3, STM32MP211FAM3, STM32MP211FAN3, STM32MP211FAO3, STM32MP213AAL3, STM32MP213AAM3, STM32MP213AAN3, STM32MP213AAO3, STM32MP213CAL3, STM32MP213CAM3, STM32MP213CAN3, STM32MP213CAO3, STM32MP213DAL3, STM32MP213DAM3, STM32MP213DAN3, STM32MP213DAO3, STM32MP213FAL3, STM32MP213FAM3, STM32MP213FAN3, STM32MP213FAO3, STM32MP215AAL3, STM32MP215AAM3, STM32MP215AAN3, STM32MP215AAO3, STM32MP215CAL3, STM32MP215CAM3, STM32MP215CAN3, STM32MP215CAO3, STM32MP215DAL3, STM32MP215DAM3, STM32MP215DAN3, STM32MP215DAO3, STM32MP215F-DK, STM32MP215FAL3, STM32MP215FAM3, STM32MP215FAN3, STM32MP215FAO3, STM32MP231AAJ3, STM32MP231AAK3, STM32MP231AAL3, STM32MP231CAJ3, STM32MP231CAK3, STM32MP231CAL3, STM32MP231DAJ3, STM32MP231DAK3, STM32MP231DAL3, STM32MP231FAJ3, STM32MP231FAK3, STM32MP231FAL3, STM32MP233AAJ3, STM32MP233AAK3, STM32MP233AAL3, STM32MP233CAJ3, STM32MP233CAK3, STM32MP233CAL3, STM32MP233DAJ3, STM32MP233DAK3, STM32MP233DAL3, STM32MP233FAJ3, STM32MP233FAK3, STM32MP233FAL3, STM32MP235AAJ3, STM32MP235AAK3, STM32MP235AAL3, STM32MP235CAJ3, STM32MP235CAK3, STM32MP235CAL3, STM32MP235DAJ3, STM32MP235DAK3, STM32MP235DAL3, STM32MP235FAJ3, STM32MP235FAK3, STM32MP235FAL3, STM32MP251AAI3, STM32MP251AAK3, STM32MP251AAL3, STM32MP251CAI3, STM32MP251CAK3, STM32MP251CAL3, STM32MP251DAI3, STM32MP251DAK3, STM32MP251DAL3, STM32MP251FAI3, STM32MP251FAK3, STM32MP251FAL3, STM32MP253AAI3, STM32MP253AAK3, STM32MP253AAL3, STM32MP253CAI3, STM32MP253CAK3, STM32MP253CAL3, STM32MP253DAI3, STM32MP253DAK3, STM32MP253DAL3, STM32MP253FAI3, STM32MP253FAK3, STM32MP253FAL3, STM32MP255AAI3, STM32MP255AAK3, STM32MP255AAL3, STM32MP255CAI3, STM32MP255CAK3, STM32MP255CAL3, STM32MP255DAI3, STM32MP255DAK3, STM32MP255DAL3, STM32MP255FAI3, STM32MP255FAK3, STM32MP255FAL3, STM32MP257AAI3, STM32MP257AAK3, STM32MP257AAL3, STM32MP257CAI3, STM32MP257CAK3, STM32MP257CAL3, STM32MP257DAI3, STM32MP257DAK3, STM32MP257DAL3, STM32MP257F-DK, STM32MP257F-EV1, STM32MP257FAI3, STM32MP257FAK3, STM32MP257FAL3, STM32N645A0H3Q, STM32N645B0H3Q, STM32N645I0H3Q, STM32N645L0H3Q, STM32N645X0H3Q, STM32N645Z0H3Q, STM32N647A0H3Q, STM32N647B0H3Q, STM32N647I0H3Q, STM32N647L0H3Q, STM32N647X0H3Q, STM32N647Z0H3Q, STM32N655A0H3Q, STM32N655B0H3Q, STM32N655I0H3Q, STM32N655L0H3Q, STM32N655X0H3Q, STM32N655Z0H3Q, STM32N6570-DK, STM32N657A0H3Q, STM32N657B0H3Q, STM32N657I0H3Q, STM32N657L0H3Q, STM32N657X0H3Q, STM32N657Z0H3Q, STM32U031C6T6, STM32U031C6U6, STM32U031C8T6, STM32U031C8U6, STM32U031F4P6, STM32U031F6P6, STM32U031F8P6, STM32U031G6Y6TR, STM32U031G8Y6TR, STM32U031K4U6, STM32U031K6U6, STM32U031K8U6, STM32U031R6I6, STM32U031R6T6, STM32U031R8I6, STM32U031R8T6, STM32U073C8T6, STM32U073C8U6, STM32U073CBT6, STM32U073CBU6, STM32U073CCT6, STM32U073CCU6, STM32U073H8Y6TR, STM32U073HBY6TR, STM32U073HCY6TR, STM32U073K8U6, STM32U073KBU6, STM32U073KCU6, STM32U073M8I6, STM32U073M8T6, STM32U073MBI6, STM32U073MBT6, STM32U073MCI6, STM32U073MCT6, STM32U073R8I6, STM32U073R8T6, STM32U073RBI6, STM32U073RBT6, STM32U073RCI6, STM32U073RCT6, STM32U083C-DK, STM32U083CCT6, STM32U083CCU6, STM32U083HCY6TR, STM32U083KCU6, STM32U083MCI6, STM32U083MCT6, STM32U083RCI6, STM32U083RCT6, STM32U375CET6, STM32U375CET6Q, STM32U375CEU6, STM32U375CEU6Q, STM32U375CEY6QTR, STM32U375CGT6, STM32U375CGT6Q, STM32U375CGU6, STM32U375CGU6Q, STM32U375CGY6QTR, STM32U375KEU6, STM32U375KGU6, STM32U375REI6, STM32U375REI6Q, STM32U375RET6, STM32U375RET6Q, STM32U375REY6GTR, STM32U375REY6QTR, STM32U375RGI6, STM32U375RGI6Q, STM32U375RGT6, STM32U375RGT6Q, STM32U375RGY6GTR, STM32U375RGY6QTR, STM32U375VEI6, STM32U375VEI6Q, STM32U375VET6, STM32U375VET6Q, STM32U375VGI6, STM32U375VGI6Q, STM32U375VGT6, STM32U375VGT6Q, STM32U385CGT6, STM32U385CGT6Q, STM32U385CGU6, STM32U385CGU6Q, STM32U385CGY6QTR, STM32U385KGU6, STM32U385RGI6, STM32U385RGI6Q, STM32U385RGT6, STM32U385RGT6Q, STM32U385RGY6GTR, STM32U385RGY6QTR, STM32U385VGI6, STM32U385VGI6Q, STM32U385VGT6, STM32U385VGT6Q, STM32U535CBT6, STM32U535CBT6Q, STM32U535CBU6, STM32U535CBU6Q, STM32U535CCT6, STM32U535CCT6Q, STM32U535CCU6, STM32U535CCU6Q, STM32U535CET6, STM32U535CET6Q, STM32U535CEU6, STM32U535CEU6Q, STM32U535JEY6QTR, STM32U535NCY6QTR, STM32U535NEY6QTR, STM32U535RBI6, STM32U535RBI6Q, STM32U535RBT6, STM32U535RBT6Q, STM32U535RCI6, STM32U535RCI6Q, STM32U535RCT6, STM32U535RCT6Q, STM32U535REI6, STM32U535REI6Q, STM32U535RET6, STM32U535RET6Q, STM32U535VCI6, STM32U535VCI6Q, STM32U535VCT6, STM32U535VCT6Q, STM32U535VEI6, STM32U535VEI6Q, STM32U535VET6, STM32U535VET6Q, STM32U545CET6, STM32U545CET6Q, STM32U545CEU6, STM32U545CEU6Q, STM32U545JEY6QTR, STM32U545NEY6QTR, STM32U545REI6, STM32U545REI6Q, STM32U545RET6, STM32U545RET6Q, STM32U545VEI6, STM32U545VEI6Q, STM32U545VET6, STM32U545VET6Q, STM32U595AIH6, STM32U595AIH6Q, STM32U595AJH6, STM32U595AJH6Q, STM32U595QII6, STM32U595QII6Q, STM32U595QJI6, STM32U595QJI6Q, STM32U595RIT6, STM32U595RIT6Q, STM32U595RJT6, STM32U595RJT6Q, STM32U595VIT6, STM32U595VIT6Q, STM32U595VJT6, STM32U595VJT6Q, STM32U595ZIT6, STM32U595ZIT6Q, STM32U595ZIY6QTR, STM32U595ZJT6, STM32U595ZJT6Q, STM32U595ZJY6QTR, STM32U599BJY6QTR, STM32U599NIH6Q, STM32U599NJH6Q, STM32U599VIT6Q, STM32U599VJT6, STM32U599VJT6Q, STM32U599ZIT6Q, STM32U599ZIY6QTR, STM32U599ZJT6Q, STM32U599ZJY6QTR, STM32U5A5AJH6, STM32U5A5AJH6Q, STM32U5A5QII3Q , STM32U5A5QJI6, STM32U5A5QJI6Q, STM32U5A5RJT6, STM32U5A5RJT6Q, STM32U5A5VJT6, STM32U5A5VJT6Q, STM32U5A5ZJT6, STM32U5A5ZJT6Q, STM32U5A5ZJY6QTR, STM32U5A9BJY6QTR, STM32U5A9J-DK, STM32U5A9NJH6Q, STM32U5A9VJT6Q, STM32U5A9ZJT6Q, STM32U5A9ZJY6QTR, STM32U5F7VIT6, STM32U5F7VIT6Q, STM32U5F7VJT6, STM32U5F7VJT6Q, STM32U5F9BJY6QTR, STM32U5F9NJH6Q, STM32U5F9VIT6Q, STM32U5F9VJT6Q, STM32U5F9ZIJ6QTR, STM32U5F9ZIT6Q, STM32U5F9ZJJ6QTR, STM32U5F9ZJT6Q, STM32U5G7VJT6, STM32U5G7VJT6Q, STM32U5G9BJY6QTR, STM32U5G9J-DK1, STM32U5G9J-DK2, STM32U5G9NJH6Q, STM32U5G9VJT6Q, STM32U5G9ZJJ6QTR, STM32U5G9ZJT6Q, STM32WB05KZV6TR, STM32WB05KZV7TR, STM32WB05TZF6TR, STM32WB05TZF7TR, STM32WB06CCF6TR, STM32WB06CCF7TR, STM32WB06CCV6TR, STM32WB06CCV7TR, STM32WB06KCV6TR, STM32WB06KCV7TR, STM32WB07CCF6TR, STM32WB07CCF7TR, STM32WB07CCV6TR, STM32WB07CCV7TR, STM32WB07KCV6TR, STM32WB07KCV7TR, STM32WB09KEV6TR, STM32WB09KEV7TR, STM32WB09TEF6TR, STM32WB09TEF7TR, STM32WB1MMCH6, STM32WBA50KGU6, STM32WBA50KGU6TR, STM32WBA52CEU6, STM32WBA52CEU6TR, STM32WBA52CEU7, STM32WBA52CEU7TR, STM32WBA52CGU6, STM32WBA52CGU6TR, STM32WBA52CGU6U, STM32WBA52CGU7, STM32WBA52CGU7TR, STM32WBA52KEU6, STM32WBA52KEU6TR, STM32WBA52KGU6, STM32WBA52KGU6TR, STM32WBA54CEU6, STM32WBA54CEU6TR, STM32WBA54CEU7, STM32WBA54CEU7TR, STM32WBA54CGU6, STM32WBA54CGU6TR, STM32WBA54CGU7, STM32WBA54CGU7TR, STM32WBA54KEU6, STM32WBA54KEU6TR, STM32WBA54KEU7, STM32WBA54KEU7TR, STM32WBA54KGU6, STM32WBA54KGU6TR, STM32WBA54KGU7, STM32WBA54KGU7TR, STM32WBA55CEU6, STM32WBA55CEU6TR, STM32WBA55CEU7, STM32WBA55CEU7TR, STM32WBA55CGU6, STM32WBA55CGU6TR, STM32WBA55CGU6U, STM32WBA55CGU7, STM32WBA55CGU7TR, STM32WBA55G-DK1, STM32WBA55HEF6, STM32WBA55HEF7, STM32WBA55HGF6, STM32WBA55HGF7, STM32WBA55UEI6, STM32WBA55UEI6TR, STM32WBA55UEI7, STM32WBA55UEI7TR, STM32WBA55UGI6, STM32WBA55UGI6TR, STM32WBA55UGI7, STM32WBA55UGI7TR, STM32WBA5MMGH6TR, STM32WBA62MGF6, STM32WBA62MIF6, STM32WBA65MGF7, STM32WBA65MIF6, STM32WBA65MIF7, STM32WL30K8V6, STM32WL30KBV6, STM32WL31C8V6, STM32WL31CBV6, STM32WL31K8V6, STM32WL31KBV6, STM32WL33C8V6, STM32WL33C8V6X, STM32WL33CBV6, STM32WL33CBV6X, STM32WL33CCV6, STM32WL33CCV6A, STM32WL33CCV6X, STM32WL33K8V7, STM32WL33K8V7X, STM32WL33KBV7 , STM32WL33KBV7X, STM32WL33KCV7, STM32WL33KCV7X, STM32WL5MOCH6, STM32WL5MOCH6TR]
2026-02-22 00:26:01,428 [INFO] DbMcus:218 - Found 4876 MCUs, 4876 are supported
2026-02-22 00:26:01,428 [INFO] ApiDb:423 - Load user favorites file C:\Users\USER/.stm32cubeide/favorites.mcus.txt: 0 item(s)
2026-02-22 00:26:01,429 [INFO] ApiDb:427 - User favorites MCUs=[]
2026-02-22 00:26:01,429 [INFO] DbMcus:224 - Set 0 / 0 favorites MCUs
2026-02-22 00:26:01,790 [INFO] ApiDb:668 - CubeFinder database Data Model version=2.1
2026-02-22 00:26:01,790 [INFO] ApiDb:669 - CubeFinder database Configuration version=3.0.39
2026-02-22 00:26:01,790 [INFO] ApiDb:670 - CubeFinder database generation date=2025-12-22 (1766407740)
2026-02-22 00:26:01,790 [INFO] ApiDb:671 - CubeFinder database FW Pack versions=[FP-ATR-ASTRA1_V2.0.0, FP-SNS-FLIGHT1_V5.1.0, FP-SNS-MOTENV1_V5.1.0, FP-SNS-MOTENVWB1_V1.4.0, FP-SNS-SMARTAG2_V1.2.0, FP-SNS-STBOX1_V2.1.0, STM32Cube_FW_C0_V1.4.0, STM32Cube_FW_F4_V1.28.3, STM32Cube_FW_F7_V1.17.4, STM32Cube_FW_G0_V1.6.2, STM32Cube_FW_G4_V1.6.1, STM32Cube_FW_H5_V1.5.1, STM32Cube_FW_H7RS_V1.3.0, STM32Cube_FW_H7_V1.12.1, STM32Cube_FW_L0_V1.12.2, STM32Cube_FW_L4_V1.18.1, STM32Cube_FW_L5_V1.6.0, STM32Cube_FW_N6_V1.3.0, STM32Cube_FW_U0_V1.3.0, STM32Cube_FW_U3_V1.2.1, STM32Cube_FW_U5_V1.8.0, STM32Cube_FW_WB0_V1.4.0, STM32Cube_FW_WBA_V1.8.0, STM32Cube_FW_WB_V1.24.0, STM32Cube_FW_WL3_V1.3.0, STM32Cube_FW_WL_V1.4.0, X-CUBE-ALGOBUILD_V1.4.0, X-CUBE-ALS_V1.0.2, X-CUBE-AZRTOS-F4_V1.1.0, X-CUBE-AZRTOS-F7_V1.1.0, X-CUBE-AZRTOS-G0_V1.1.0, X-CUBE-AZRTOS-G4_V2.0.0, X-CUBE-AZRTOS-H7RS_V1.1.0, X-CUBE-AZRTOS-H7_V3.4.0, X-CUBE-AZRTOS-L4_V2.0.0, X-CUBE-AZRTOS-L5_V2.0.0, X-CUBE-AZRTOS-WB_V2.0.0, X-CUBE-AZRTOS-WL_V2.0.0, X-CUBE-BLE1_V7.1.0, X-CUBE-BLE2_V3.3.0, X-CUBE-BLEMGR_V4.1.0, X-CUBE-EEPRMA1_V5.2.0, X-CUBE-FREERTOS_V1.3.1, X-CUBE-GNSS1_V6.0.0, X-CUBE-MEMS1_V12.0.0, X-CUBE-NFC4_V3.0.0, X-CUBE-NFC7_V2.0.0, X-CUBE-SFXS2LP1_V4.0.0, X-CUBE-ST67W61_V1.1.0, X-CUBE-SUBG2_V5.0.0, X-CUBE-TOF1_V3.4.3]
2026-02-22 00:26:01,835 [INFO] DbBoardsSqlite:226 - include board P-NUCLEO-WB55-NUCLEO as a kit item of type 'Nucleo-64'
2026-02-22 00:26:01,835 [INFO] DbBoardsSqlite:226 - include board P-NUCLEO-WB55-USBDONGLE as a kit item of type 'Nucleo USB Dongle'
2026-02-22 00:26:01,835 [INFO] DbBoardsSqlite:226 - include board STEVAL-IDP005V1 as a kit item of type 'Evaluation Board'
2026-02-22 00:26:01,835 [INFO] DbBoardsSqlite:226 - include board STEVAL-IDP005V2 as a kit item of type 'Evaluation Board'
2026-02-22 00:26:01,891 [INFO] ApiDb:240 - Found 880 in-development CPN: [B-G473E-ZEST1S, B-WB1M-WPAN1, B-WBA5M-WPAN, B-WL5M-SUBG1, NUCLEO-C031C6, NUCLEO-C051C8, NUCLEO-C071RB, NUCLEO-C092RC, NUCLEO-H503RB, NUCLEO-H533RE, NUCLEO-H563ZI, NUCLEO-H7S3L8, NUCLEO-N657X0-Q, NUCLEO-U031R8, NUCLEO-U083RC, NUCLEO-U385RG-Q, NUCLEO-U545RE-Q, NUCLEO-U5A5ZJ-Q, NUCLEO-WB05KZ, NUCLEO-WB07CC, NUCLEO-WB09KE, NUCLEO-WBA52CG, NUCLEO-WBA55CG, NUCLEO-WL33CC1, NUCLEO-WL33CC2, STEVAL-PROTEUS1, STEVAL-SMARTAG2, STEVAL-STWINBX1, STM320518-EVAL, STM32C0116-DK, STM32C011D6Y3TR, STM32C011D6Y6TR, STM32C011F4P3, STM32C011F4P6, STM32C011F4U3, STM32C011F4U6TR, STM32C011F6P3, STM32C011F6P6, STM32C011F6U3, STM32C011F6U6TR, STM32C011J4M3, STM32C011J4M6, STM32C011J6M3, STM32C011J6M6, STM32C0316-DK, STM32C031C4T3, STM32C031C4T6, STM32C031C4U3, STM32C031C4U6, STM32C031C6T3, STM32C031C6T6, STM32C031C6U3, STM32C031C6U6, STM32C031F4P3, STM32C031F4P6, STM32C031F6P3, STM32C031F6P6, STM32C031G4U3, STM32C031G4U6, STM32C031G6U3, STM32C031G6U6, STM32C031K4T3, STM32C031K4T6, STM32C031K4U3, STM32C031K4U6, STM32C031K6T3, STM32C031K6T6, STM32C031K6U3, STM32C031K6U6, STM32C051C6T6, STM32C051C6U6, STM32C051C8T6, STM32C051C8U6, STM32C051D8Y6TR, STM32C051F6P6, STM32C051F8P6, STM32C051G6U6, STM32C051G8U6, STM32C051K6T6, STM32C051K6U6, STM32C051K8T6, STM32C071C8T6, STM32C071C8T6N, STM32C071C8U6, STM32C071C8U6N, STM32C071CBT6, STM32C071CBT6N, STM32C071CBU6, STM32C071CBU6N, STM32C071F8P6, STM32C071F8P6N, STM32C071FBP6, STM32C071FBP6N, STM32C071FBY6TR, STM32C071G8U6, STM32C071G8U6N, STM32C071GBU6, STM32C071GBU6N, STM32C071K8T6, STM32C071K8T6N, STM32C071K8U6, STM32C071K8U6N, STM32C071KBT6, STM32C071KBT6N, STM32C071KBU6, STM32C071KBU6N, STM32C071R8T6, STM32C071R8T6N, STM32C071RBI6N, STM32C071RBT6, STM32C071RBT6N, STM32C091CBT6, STM32C091CBU6, STM32C091CCT6, STM32C091CCU6, STM32C091ECY6TR, STM32C091FBP6, STM32C091FCP6, STM32C091GBU6, STM32C091GCU6, STM32C091KBT6, STM32C091KBU6, STM32C091KCT6, STM32C091KCU6, STM32C091RBT6, STM32C091RCI6, STM32C091RCT6, STM32C092CBT6, STM32C092CBU6, STM32C092CCT6, STM32C092CCU6, STM32C092ECY6TR, STM32C092FBP6, STM32C092FCP6, STM32C092GBU6, STM32C092GCU6, STM32C092KBT6, STM32C092KBU6, STM32C092KCT6, STM32C092KCU6, STM32C092RBT6, STM32C092RCI6, STM32C092RCT6, STM32G071K8TXN, STM32G071K8UXN, STM32G081GBU6N, STM32G081KBT6N, STM32G081KBUXN, STM32G0B1CCT6N, STM32G0B1KCT6, STM32G0B1NEY6TR, STM32G0B1RCT6N, STM32G0C1CCT6, STM32G0C1CCT6N, STM32G0C1CCU6N, STM32G0C1CET6N, STM32G0C1CEU6N, STM32G0C1KCT6, STM32G0C1NEY6TR, STM32G0C1RCI6N, STM32G0C1RCT6N, STM32G0C1REI6N, STM32G0C1RET6N, STM32G0C1VCI6, STM32G0C1VEI6, STM32G411C6T3, STM32G411C6T6, STM32G411C6U3, STM32G411C6U6, STM32G411C8T3, STM32G411C8T6, STM32G411C8U3, STM32G411C8U6, STM32G411CBT3, STM32G411CBT6, STM32G411CBU3, STM32G411CBU6, STM32G411K6T3, STM32G411K6T6, STM32G411K6U3, STM32G411K6U6, STM32G411K8T3, STM32G411K8T6, STM32G411K8U3, STM32G411K8U6, STM32G411KBT3, STM32G411KBT6, STM32G411KBU3, STM32G411KBU6, STM32G411M6T3, STM32G411M6T6, STM32G411M8T3, STM32G411M8T6, STM32G411MBT3, STM32G411MBT6, STM32G411R6T3, STM32G411R6T6, STM32G411R8T3, STM32G411R8T6, STM32G411RBT3, STM32G411RBT6, STM32G414CBT3, STM32G414CBT6, STM32G414CBU3, STM32G414CBU6, STM32G414CCT3, STM32G414CCT6, STM32G414CCU3, STM32G414CCU6, STM32G414MBT3, STM32G414MBT6, STM32G414MCT3, STM32G414MCT6, STM32G414RBT3, STM32G414RBT6, STM32G414RCT3, STM32G414RCT6, STM32G414VBT3, STM32G414VBT6, STM32G414VCT3, STM32G414VCT6, STM32G431CBT3Z, STM32G431RBT3Z, STM32G471CCT6, STM32G471CCU6, STM32G471CET3, STM32G471CET6, STM32G471CEU3, STM32G471CEU6, STM32G471MCT6, STM32G471MET3, STM32G471MET6, STM32G471MEY6TR, STM32G471QCT6, STM32G471QET3, STM32G471RCT6, STM32G471RET3, STM32G471RET6, STM32G471VCH6, STM32G471VCI6, STM32G471VCT6, STM32G471VEH3, STM32G471VEH6, STM32G471VEI3, STM32G471VEI6, STM32G471VET3, STM32G471VET6, STM32G473QET3Z, STM32G473RET3Z, STM32G474CCT6, STM32G491RET3Z, STM32H503CBT6, STM32H503CBU6, STM32H503EBY6TR, STM32H503KBU6, STM32H503RBT6, STM32H523CCT6, STM32H523CCU6, STM32H523CET6, STM32H523CEU6, STM32H523HEY6TR, STM32H523RCT6, STM32H523RET6, STM32H523VCI6, STM32H523VCT6, STM32H523VEI6, STM32H523VET6, STM32H523ZCJ6, STM32H523ZCT6, STM32H523ZEJ6, STM32H523ZET6, STM32H533CET6, STM32H533CEU6, STM32H533HEY6TR, STM32H533RET6, STM32H533VEI6, STM32H533VET6, STM32H533ZEJ6, STM32H533ZET6, STM32H562AGI6, STM32H562AII6, STM32H562IGK6, STM32H562IGT6, STM32H562IIK6, STM32H562IIT6, STM32H562RGT6, STM32H562RGV6, STM32H562RIT6, STM32H562RIV6, STM32H562VGT6, STM32H562VIT6, STM32H562ZGT6, STM32H562ZIT6, STM32H563AGI6, STM32H563AII3Q, STM32H563AII6, STM32H563IGK6, STM32H563IGT6, STM32H563IIK3Q, STM32H563IIK6, STM32H563IIT3Q, STM32H563IIT6, STM32H563MIY3QTR, STM32H563RGT6, STM32H563RGV6, STM32H563RIT6, STM32H563RIV6, STM32H563VGT6, STM32H563VIT3Q, STM32H563VIT6, STM32H563ZGT6, STM32H563ZIT3Q, STM32H563ZIT6, STM32H573AII3Q, STM32H573AII6, STM32H573I-DK, STM32H573IIK3Q, STM32H573IIK6, STM32H573IIT3Q, STM32H573IIT6, STM32H573MIY3QTR, STM32H573RIT6, STM32H573RIV6, STM32H573VIT3Q, STM32H573VIT6, STM32H573ZIT3Q, STM32H573ZIT6, STM32H7R3A8I6, STM32H7R3I8K6, STM32H7R3I8T6, STM32H7R3L8H6, STM32H7R3L8H6H, STM32H7R3R8V6, STM32H7R3V8H6, STM32H7R3V8T6, STM32H7R3V8Y6TR, STM32H7R3Z8J6, STM32H7R3Z8T6, STM32H7R7A8I6, STM32H7R7I8K6, STM32H7R7I8T6, STM32H7R7L8H6, STM32H7R7L8H6H, STM32H7R7Z8J6, STM32H7S3A8I6, STM32H7S3I8K6, STM32H7S3I8T6, STM32H7S3L8H6, STM32H7S3L8H6H, STM32H7S3R8V6, STM32H7S3V8H6, STM32H7S3V8T6, STM32H7S3V8Y6TR, STM32H7S3Z8J6, STM32H7S3Z8T6, STM32H7S78-DK, STM32H7S7A8I6, STM32H7S7I8K6, STM32H7S7I8T6, STM32H7S7L8H6, STM32H7S7L8H6H, STM32H7S7Z8J6, STM32L4R5QGI6STR, STM32MP131AAE3, STM32MP131AAF3, STM32MP131AAG3, STM32MP131CAE3, STM32MP131CAF3, STM32MP131CAG3, STM32MP131DAE7, STM32MP131DAF7, STM32MP131DAG7, STM32MP131FAE7, STM32MP131FAF7, STM32MP131FAG7, STM32MP133AAE3, STM32MP133AAF3, STM32MP133AAG3, STM32MP133CAE3, STM32MP133CAF3, STM32MP133CAG3, STM32MP133DAE7, STM32MP133DAF7, STM32MP133DAG7, STM32MP133FAE7, STM32MP133FAF7, STM32MP133FAG7, STM32MP135AAE3, STM32MP135AAF3, STM32MP135AAG3, STM32MP135CAE3, STM32MP135CAF3, STM32MP135CAG3, STM32MP135DAE7, STM32MP135DAF7, STM32MP135DAG7, STM32MP135F-DK, STM32MP135FAE7, STM32MP135FAF7, STM32MP135FAF7T, STM32MP135FAF7U, STM32MP135FAG7, STM32MP211AAL3, STM32MP211AAM3, STM32MP211AAN3, STM32MP211AAO3, STM32MP211CAL3, STM32MP211CAM3, STM32MP211CAN3, STM32MP211CAO3, STM32MP211DAL3, STM32MP211DAM3, STM32MP211DAN3, STM32MP211DAO3, STM32MP211FAL3, STM32MP211FAM3, STM32MP211FAN3, STM32MP211FAO3, STM32MP213AAL3, STM32MP213AAM3, STM32MP213AAN3, STM32MP213AAO3, STM32MP213CAL3, STM32MP213CAM3, STM32MP213CAN3, STM32MP213CAO3, STM32MP213DAL3, STM32MP213DAM3, STM32MP213DAN3, STM32MP213DAO3, STM32MP213FAL3, STM32MP213FAM3, STM32MP213FAN3, STM32MP213FAO3, STM32MP215AAL3, STM32MP215AAM3, STM32MP215AAN3, STM32MP215AAO3, STM32MP215CAL3, STM32MP215CAM3, STM32MP215CAN3, STM32MP215CAO3, STM32MP215DAL3, STM32MP215DAM3, STM32MP215DAN3, STM32MP215DAO3, STM32MP215F-DK, STM32MP215FAL3, STM32MP215FAM3, STM32MP215FAN3, STM32MP215FAO3, STM32MP231AAJ3, STM32MP231AAK3, STM32MP231AAL3, STM32MP231CAJ3, STM32MP231CAK3, STM32MP231CAL3, STM32MP231DAJ3, STM32MP231DAK3, STM32MP231DAL3, STM32MP231FAJ3, STM32MP231FAK3, STM32MP231FAL3, STM32MP233AAJ3, STM32MP233AAK3, STM32MP233AAL3, STM32MP233CAJ3, STM32MP233CAK3, STM32MP233CAL3, STM32MP233DAJ3, STM32MP233DAK3, STM32MP233DAL3, STM32MP233FAJ3, STM32MP233FAK3, STM32MP233FAL3, STM32MP235AAJ3, STM32MP235AAK3, STM32MP235AAL3, STM32MP235CAJ3, STM32MP235CAK3, STM32MP235CAL3, STM32MP235DAJ3, STM32MP235DAK3, STM32MP235DAL3, STM32MP235FAJ3, STM32MP235FAK3, STM32MP235FAL3, STM32MP251AAI3, STM32MP251AAK3, STM32MP251AAL3, STM32MP251CAI3, STM32MP251CAK3, STM32MP251CAL3, STM32MP251DAI3, STM32MP251DAK3, STM32MP251DAL3, STM32MP251FAI3, STM32MP251FAK3, STM32MP251FAL3, STM32MP253AAI3, STM32MP253AAK3, STM32MP253AAL3, STM32MP253CAI3, STM32MP253CAK3, STM32MP253CAL3, STM32MP253DAI3, STM32MP253DAK3, STM32MP253DAL3, STM32MP253FAI3, STM32MP253FAK3, STM32MP253FAL3, STM32MP255AAI3, STM32MP255AAK3, STM32MP255AAL3, STM32MP255CAI3, STM32MP255CAK3, STM32MP255CAL3, STM32MP255DAI3, STM32MP255DAK3, STM32MP255DAL3, STM32MP255FAI3, STM32MP255FAK3, STM32MP255FAL3, STM32MP257AAI3, STM32MP257AAK3, STM32MP257AAL3, STM32MP257CAI3, STM32MP257CAK3, STM32MP257CAL3, STM32MP257DAI3, STM32MP257DAK3, STM32MP257DAL3, STM32MP257F-DK, STM32MP257F-EV1, STM32MP257FAI3, STM32MP257FAK3, STM32MP257FAL3, STM32N645A0H3Q, STM32N645B0H3Q, STM32N645I0H3Q, STM32N645L0H3Q, STM32N645X0H3Q, STM32N645Z0H3Q, STM32N647A0H3Q, STM32N647B0H3Q, STM32N647I0H3Q, STM32N647L0H3Q, STM32N647X0H3Q, STM32N647Z0H3Q, STM32N655A0H3Q, STM32N655B0H3Q, STM32N655I0H3Q, STM32N655L0H3Q, STM32N655X0H3Q, STM32N655Z0H3Q, STM32N6570-DK, STM32N657A0H3Q, STM32N657B0H3Q, STM32N657I0H3Q, STM32N657L0H3Q, STM32N657X0H3Q, STM32N657Z0H3Q, STM32U031C6T6, STM32U031C6U6, STM32U031C8T6, STM32U031C8U6, STM32U031F4P6, STM32U031F6P6, STM32U031F8P6, STM32U031G6Y6TR, STM32U031G8Y6TR, STM32U031K4U6, STM32U031K6U6, STM32U031K8U6, STM32U031R6I6, STM32U031R6T6, STM32U031R8I6, STM32U031R8T6, STM32U073C8T6, STM32U073C8U6, STM32U073CBT6, STM32U073CBU6, STM32U073CCT6, STM32U073CCU6, STM32U073H8Y6TR, STM32U073HBY6TR, STM32U073HCY6TR, STM32U073K8U6, STM32U073KBU6, STM32U073KCU6, STM32U073M8I6, STM32U073M8T6, STM32U073MBI6, STM32U073MBT6, STM32U073MCI6, STM32U073MCT6, STM32U073R8I6, STM32U073R8T6, STM32U073RBI6, STM32U073RBT6, STM32U073RCI6, STM32U073RCT6, STM32U083C-DK, STM32U083CCT6, STM32U083CCU6, STM32U083HCY6TR, STM32U083KCU6, STM32U083MCI6, STM32U083MCT6, STM32U083RCI6, STM32U083RCT6, STM32U375CET6, STM32U375CET6Q, STM32U375CEU6, STM32U375CEU6Q, STM32U375CEY6QTR, STM32U375CGT6, STM32U375CGT6Q, STM32U375CGU6, STM32U375CGU6Q, STM32U375CGY6QTR, STM32U375KEU6, STM32U375KGU6, STM32U375REI6, STM32U375REI6Q, STM32U375RET6, STM32U375RET6Q, STM32U375REY6GTR, STM32U375REY6QTR, STM32U375RGI6, STM32U375RGI6Q, STM32U375RGT6, STM32U375RGT6Q, STM32U375RGY6GTR, STM32U375RGY6QTR, STM32U375VEI6, STM32U375VEI6Q, STM32U375VET6, STM32U375VET6Q, STM32U375VGI6, STM32U375VGI6Q, STM32U375VGT6, STM32U375VGT6Q, STM32U385CGT6, STM32U385CGT6Q, STM32U385CGU6, STM32U385CGU6Q, STM32U385CGY6QTR, STM32U385KGU6, STM32U385RGI6, STM32U385RGI6Q, STM32U385RGT6, STM32U385RGT6Q, STM32U385RGY6GTR, STM32U385RGY6QTR, STM32U385VGI6, STM32U385VGI6Q, STM32U385VGT6, STM32U385VGT6Q, STM32U535CBT6, STM32U535CBT6Q, STM32U535CBU6, STM32U535CBU6Q, STM32U535CCT6, STM32U535CCT6Q, STM32U535CCU6, STM32U535CCU6Q, STM32U535CET6, STM32U535CET6Q, STM32U535CEU6, STM32U535CEU6Q, STM32U535JEY6QTR, STM32U535NCY6QTR, STM32U535NEY6QTR, STM32U535RBI6, STM32U535RBI6Q, STM32U535RBT6, STM32U535RBT6Q, STM32U535RCI6, STM32U535RCI6Q, STM32U535RCT6, STM32U535RCT6Q, STM32U535REI6, STM32U535REI6Q, STM32U535RET6, STM32U535RET6Q, STM32U535VCI6, STM32U535VCI6Q, STM32U535VCT6, STM32U535VCT6Q, STM32U535VEI6, STM32U535VEI6Q, STM32U535VET6, STM32U535VET6Q, STM32U545CET6, STM32U545CET6Q, STM32U545CEU6, STM32U545CEU6Q, STM32U545JEY6QTR, STM32U545NEY6QTR, STM32U545REI6, STM32U545REI6Q, STM32U545RET6, STM32U545RET6Q, STM32U545VEI6, STM32U545VEI6Q, STM32U545VET6, STM32U545VET6Q, STM32U595AIH6, STM32U595AIH6Q, STM32U595AJH6, STM32U595AJH6Q, STM32U595QII6, STM32U595QII6Q, STM32U595QJI6, STM32U595QJI6Q, STM32U595RIT6, STM32U595RIT6Q, STM32U595RJT6, STM32U595RJT6Q, STM32U595VIT6, STM32U595VIT6Q, STM32U595VJT6, STM32U595VJT6Q, STM32U595ZIT6, STM32U595ZIT6Q, STM32U595ZIY6QTR, STM32U595ZJT6, STM32U595ZJT6Q, STM32U595ZJY6QTR, STM32U599BJY6QTR, STM32U599NIH6Q, STM32U599NJH6Q, STM32U599VIT6Q, STM32U599VJT6, STM32U599VJT6Q, STM32U599ZIT6Q, STM32U599ZIY6QTR, STM32U599ZJT6Q, STM32U599ZJY6QTR, STM32U5A5AJH6, STM32U5A5AJH6Q, STM32U5A5QII3Q , STM32U5A5QJI6, STM32U5A5QJI6Q, STM32U5A5RJT6, STM32U5A5RJT6Q, STM32U5A5VJT6, STM32U5A5VJT6Q, STM32U5A5ZJT6, STM32U5A5ZJT6Q, STM32U5A5ZJY6QTR, STM32U5A9BJY6QTR, STM32U5A9J-DK, STM32U5A9NJH6Q, STM32U5A9VJT6Q, STM32U5A9ZJT6Q, STM32U5A9ZJY6QTR, STM32U5F7VIT6, STM32U5F7VIT6Q, STM32U5F7VJT6, STM32U5F7VJT6Q, STM32U5F9BJY6QTR, STM32U5F9NJH6Q, STM32U5F9VIT6Q, STM32U5F9VJT6Q, STM32U5F9ZIJ6QTR, STM32U5F9ZIT6Q, STM32U5F9ZJJ6QTR, STM32U5F9ZJT6Q, STM32U5G7VJT6, STM32U5G7VJT6Q, STM32U5G9BJY6QTR, STM32U5G9J-DK1, STM32U5G9J-DK2, STM32U5G9NJH6Q, STM32U5G9VJT6Q, STM32U5G9ZJJ6QTR, STM32U5G9ZJT6Q, STM32WB05KZV6TR, STM32WB05KZV7TR, STM32WB05TZF6TR, STM32WB05TZF7TR, STM32WB06CCF6TR, STM32WB06CCF7TR, STM32WB06CCV6TR, STM32WB06CCV7TR, STM32WB06KCV6TR, STM32WB06KCV7TR, STM32WB07CCF6TR, STM32WB07CCF7TR, STM32WB07CCV6TR, STM32WB07CCV7TR, STM32WB07KCV6TR, STM32WB07KCV7TR, STM32WB09KEV6TR, STM32WB09KEV7TR, STM32WB09TEF6TR, STM32WB09TEF7TR, STM32WB1MMCH6, STM32WBA50KGU6, STM32WBA50KGU6TR, STM32WBA52CEU6, STM32WBA52CEU6TR, STM32WBA52CEU7, STM32WBA52CEU7TR, STM32WBA52CGU6, STM32WBA52CGU6TR, STM32WBA52CGU6U, STM32WBA52CGU7, STM32WBA52CGU7TR, STM32WBA52KEU6, STM32WBA52KEU6TR, STM32WBA52KGU6, STM32WBA52KGU6TR, STM32WBA54CEU6, STM32WBA54CEU6TR, STM32WBA54CEU7, STM32WBA54CEU7TR, STM32WBA54CGU6, STM32WBA54CGU6TR, STM32WBA54CGU7, STM32WBA54CGU7TR, STM32WBA54KEU6, STM32WBA54KEU6TR, STM32WBA54KEU7, STM32WBA54KEU7TR, STM32WBA54KGU6, STM32WBA54KGU6TR, STM32WBA54KGU7, STM32WBA54KGU7TR, STM32WBA55CEU6, STM32WBA55CEU6TR, STM32WBA55CEU7, STM32WBA55CEU7TR, STM32WBA55CGU6, STM32WBA55CGU6TR, STM32WBA55CGU6U, STM32WBA55CGU7, STM32WBA55CGU7TR, STM32WBA55G-DK1, STM32WBA55HEF6, STM32WBA55HEF7, STM32WBA55HGF6, STM32WBA55HGF7, STM32WBA55UEI6, STM32WBA55UEI6TR, STM32WBA55UEI7, STM32WBA55UEI7TR, STM32WBA55UGI6, STM32WBA55UGI6TR, STM32WBA55UGI7, STM32WBA55UGI7TR, STM32WBA5MMGH6TR, STM32WBA62MGF6, STM32WBA62MIF6, STM32WBA65MGF7, STM32WBA65MIF6, STM32WBA65MIF7, STM32WL30K8V6, STM32WL30KBV6, STM32WL31C8V6, STM32WL31CBV6, STM32WL31K8V6, STM32WL31KBV6, STM32WL33C8V6, STM32WL33C8V6X, STM32WL33CBV6, STM32WL33CBV6X, STM32WL33CCV6, STM32WL33CCV6A, STM32WL33CCV6X, STM32WL33K8V7, STM32WL33K8V7X, STM32WL33KBV7 , STM32WL33KBV7X, STM32WL33KCV7, STM32WL33KCV7X, STM32WL5MOCH6, STM32WL5MOCH6TR]
2026-02-22 00:26:02,010 [INFO] BoardInfo:889 - No configuration file found for board P-NUCLEO-WB55
2026-02-22 00:26:02,011 [INFO] DbBoards:161 - Kit is not supported: P-NUCLEO-WB55
2026-02-22 00:26:02,015 [INFO] BoardInfo:889 - No configuration file found for board STEVAL-BFA001V1B
2026-02-22 00:26:02,015 [INFO] DbBoards:161 - Kit is not supported: STEVAL-BFA001V1B
2026-02-22 00:26:02,016 [INFO] BoardInfo:889 - No configuration file found for board STEVAL-BFA001V2B
2026-02-22 00:26:02,016 [INFO] DbBoards:161 - Kit is not supported: STEVAL-BFA001V2B
2026-02-22 00:26:02,119 [INFO] DbBoards:168 - Found 212 boards, 209 are supported
2026-02-22 00:26:02,119 [INFO] DbBoards:169 - Found 212 boards, 43 of them is supported for  Bsp
2026-02-22 00:26:02,123 [INFO] ApiDb:423 - Load user favorites file C:\Users\USER/.stm32cubeide/favorites.boards.txt: 0 item(s)
2026-02-22 00:26:02,123 [INFO] ApiDb:427 - User favorites Boards=[]
2026-02-22 00:26:02,123 [INFO] DbBoards:198 - Set 0 / 0 favorites Boards
2026-02-22 00:26:02,125 [INFO] ApiDb:668 - CubeFinder database Data Model version=2.1
2026-02-22 00:26:02,125 [INFO] ApiDb:669 - CubeFinder database Configuration version=3.0.39
2026-02-22 00:26:02,125 [INFO] ApiDb:670 - CubeFinder database generation date=2025-12-22 (1766407740)
2026-02-22 00:26:02,125 [INFO] ApiDb:671 - CubeFinder database FW Pack versions=[FP-ATR-ASTRA1_V2.0.0, FP-SNS-FLIGHT1_V5.1.0, FP-SNS-MOTENV1_V5.1.0, FP-SNS-MOTENVWB1_V1.4.0, FP-SNS-SMARTAG2_V1.2.0, FP-SNS-STBOX1_V2.1.0, STM32Cube_FW_C0_V1.4.0, STM32Cube_FW_F4_V1.28.3, STM32Cube_FW_F7_V1.17.4, STM32Cube_FW_G0_V1.6.2, STM32Cube_FW_G4_V1.6.1, STM32Cube_FW_H5_V1.5.1, STM32Cube_FW_H7RS_V1.3.0, STM32Cube_FW_H7_V1.12.1, STM32Cube_FW_L0_V1.12.2, STM32Cube_FW_L4_V1.18.1, STM32Cube_FW_L5_V1.6.0, STM32Cube_FW_N6_V1.3.0, STM32Cube_FW_U0_V1.3.0, STM32Cube_FW_U3_V1.2.1, STM32Cube_FW_U5_V1.8.0, STM32Cube_FW_WB0_V1.4.0, STM32Cube_FW_WBA_V1.8.0, STM32Cube_FW_WB_V1.24.0, STM32Cube_FW_WL3_V1.3.0, STM32Cube_FW_WL_V1.4.0, X-CUBE-ALGOBUILD_V1.4.0, X-CUBE-ALS_V1.0.2, X-CUBE-AZRTOS-F4_V1.1.0, X-CUBE-AZRTOS-F7_V1.1.0, X-CUBE-AZRTOS-G0_V1.1.0, X-CUBE-AZRTOS-G4_V2.0.0, X-CUBE-AZRTOS-H7RS_V1.1.0, X-CUBE-AZRTOS-H7_V3.4.0, X-CUBE-AZRTOS-L4_V2.0.0, X-CUBE-AZRTOS-L5_V2.0.0, X-CUBE-AZRTOS-WB_V2.0.0, X-CUBE-AZRTOS-WL_V2.0.0, X-CUBE-BLE1_V7.1.0, X-CUBE-BLE2_V3.3.0, X-CUBE-BLEMGR_V4.1.0, X-CUBE-EEPRMA1_V5.2.0, X-CUBE-FREERTOS_V1.3.1, X-CUBE-GNSS1_V6.0.0, X-CUBE-MEMS1_V12.0.0, X-CUBE-NFC4_V3.0.0, X-CUBE-NFC7_V2.0.0, X-CUBE-SFXS2LP1_V4.0.0, X-CUBE-ST67W61_V1.1.0, X-CUBE-SUBG2_V5.0.0, X-CUBE-TOF1_V3.4.3]
2026-02-22 00:26:02,154 [ERROR] LogOutputStream:75 - [STDERR_REDIRECT] [Fatal Error] :1:1: Premature end of file.
2026-02-22 00:26:02,154 [ERROR] LogOutputStream:75 - [STDERR_REDIRECT] 
2026-02-22 00:26:02,716 [ERROR] DbExamplesSqlite:437 - Missing JSON key: board_cpn
2026-02-22 00:26:02,716 [ERROR] DbExamplesSqlite:437 - Missing JSON key: board_cpn
2026-02-22 00:26:02,717 [ERROR] DbExamplesSqlite:437 - Missing JSON key: board_cpn
2026-02-22 00:26:02,717 [ERROR] DbExamplesSqlite:437 - Missing JSON key: board_cpn
2026-02-22 00:26:02,969 [ERROR] DbExamplesSqlite:437 - Missing JSON key: board_cpn
2026-02-22 00:26:02,970 [ERROR] DbExamplesSqlite:437 - Missing JSON key: board_cpn
2026-02-22 00:26:02,982 [INFO] DbExamplesSqlite:395 - Ignored 42 examples not supported by CubeIDE
2026-02-22 00:26:02,982 [INFO] DbExamplesSqlite:396 - Found 10819 examples active
2026-02-22 00:26:02,983 [INFO] DbExamplesSqlite:397 - Found 0 examples obsolete
2026-02-22 00:26:02,983 [INFO] DbExamplesSqlite:398 - Found 0 examples under development
2026-02-22 00:26:02,983 [INFO] DbExamplesSqlite:399 - Found 85 examples not building
2026-02-22 00:26:02,985 [INFO] DbExamples:125 - Found 10862 examples
2026-02-22 00:26:03,019 [ERROR] DbExamples:208 - Found 73 examples with invalid data (board or MCU)
2026-02-22 00:26:03,019 [INFO] DbExamples:222 - Found 134 boards with related examples
2026-02-22 00:26:03,020 [INFO] DbExamples:235 - Found 111 MCUs with related examples
2026-02-22 00:26:03,040 [INFO] ApiDb:414 - User favorites file not found: C:\Users\USER/.stm32cubeide/favorites.examples.txt
2026-02-22 00:26:03,040 [INFO] DbExamples:250 - Set 0 / 0 favorites Examples
2026-02-22 00:26:03,156 [ERROR] LogOutputStream:75 - [STDERR_REDIRECT] [Fatal Error] :1:1: Premature end of file.
2026-02-22 00:26:03,156 [ERROR] LogOutputStream:75 - [STDERR_REDIRECT] 
2026-02-22 00:26:04,155 [ERROR] LogOutputStream:75 - [STDERR_REDIRECT] [Fatal Error] :1:1: Premature end of file.
2026-02-22 00:26:04,155 [ERROR] LogOutputStream:75 - [STDERR_REDIRECT] 
2026-02-22 00:26:05,149 [ERROR] LogOutputStream:75 - [STDERR_REDIRECT] [Fatal Error] :1:1: Premature end of file.
2026-02-22 00:26:05,149 [ERROR] LogOutputStream:75 - [STDERR_REDIRECT] 
2026-02-22 00:26:05,367 [INFO] McuFinderGlobals:76 - Set McuFinderConnectedMode to true
2026-02-22 00:26:05,372 [INFO] MultiScanPanel:200 - Auto-refresh data requested => check proxy status ongoing
2026-02-22 00:26:05,374 [INFO] FinderPluginLoader:96 - Searching for filters in installed packs
2026-02-22 00:26:06,156 [ERROR] LogOutputStream:75 - [STDERR_REDIRECT] [Fatal Error] :1:1: Premature end of file.
2026-02-22 00:26:06,156 [ERROR] LogOutputStream:75 - [STDERR_REDIRECT] 
2026-02-22 00:26:06,590 [INFO] LoadUrlFilesThread:185 - End of LoadServerUrlFiles without Thread
2026-02-22 00:26:06,601 [INFO] DetailPanel:341 - Set advertising image to C:/Users/USER/STM32Cube/Repository/\en.prom-stm32cubeaistudio-0226.png
2026-02-22 00:26:07,163 [ERROR] LogOutputStream:75 - [STDERR_REDIRECT] [Fatal Error] :1:1: Premature end of file.
2026-02-22 00:26:07,163 [ERROR] LogOutputStream:75 - [STDERR_REDIRECT] 
2026-02-22 00:26:08,155 [ERROR] LogOutputStream:75 - [STDERR_REDIRECT] [Fatal Error] :1:1: Premature end of file.
2026-02-22 00:26:08,155 [ERROR] LogOutputStream:75 - [STDERR_REDIRECT] 
2026-02-22 00:26:09,151 [ERROR] LogOutputStream:75 - [STDERR_REDIRECT] [Fatal Error] :1:1: Premature end of file.
2026-02-22 00:26:09,151 [ERROR] LogOutputStream:75 - [STDERR_REDIRECT] 
2026-02-22 00:26:10,151 [ERROR] LogOutputStream:75 - [STDERR_REDIRECT] [Fatal Error] :1:1: Premature end of file.
2026-02-22 00:26:10,151 [ERROR] LogOutputStream:75 - [STDERR_REDIRECT] 
2026-02-22 00:26:10,167 [INFO] McuFinderGlobals:76 - Set McuFinderConnectedMode to true
2026-02-22 00:26:10,673 [INFO] ApiDb:448 - Save user favorites file C:\Users\USER/.stm32cubeide/favorites.mcus.txt: 0 item(s)
2026-02-22 00:26:10,674 [INFO] ApiDb:452 - User favorites MCUs=[]
2026-02-22 00:26:11,156 [ERROR] LogOutputStream:75 - [STDERR_REDIRECT] [Fatal Error] :1:1: Premature end of file.
2026-02-22 00:26:11,157 [ERROR] LogOutputStream:75 - [STDERR_REDIRECT] 
2026-02-22 00:26:12,161 [ERROR] LogOutputStream:75 - [STDERR_REDIRECT] [Fatal Error] :1:1: Premature end of file.
2026-02-22 00:26:12,161 [ERROR] LogOutputStream:75 - [STDERR_REDIRECT] 
2026-02-22 00:26:13,152 [ERROR] LogOutputStream:75 - [STDERR_REDIRECT] [Fatal Error] :1:1: Premature end of file.
2026-02-22 00:26:13,152 [ERROR] LogOutputStream:75 - [STDERR_REDIRECT] 
2026-02-22 00:26:14,155 [ERROR] LogOutputStream:75 - [STDERR_REDIRECT] [Fatal Error] :1:1: Premature end of file.
2026-02-22 00:26:14,155 [ERROR] LogOutputStream:75 - [STDERR_REDIRECT] 
2026-02-22 00:26:15,150 [ERROR] LogOutputStream:75 - [STDERR_REDIRECT] [Fatal Error] :1:1: Premature end of file.
2026-02-22 00:26:15,150 [ERROR] LogOutputStream:75 - [STDERR_REDIRECT] 
2026-02-22 00:26:16,154 [ERROR] LogOutputStream:75 - [STDERR_REDIRECT] [Fatal Error] :1:1: Premature end of file.
2026-02-22 00:26:16,154 [ERROR] LogOutputStream:75 - [STDERR_REDIRECT] 
2026-02-22 00:26:17,152 [ERROR] LogOutputStream:75 - [STDERR_REDIRECT] [Fatal Error] :1:1: Premature end of file.
2026-02-22 00:26:17,153 [ERROR] LogOutputStream:75 - [STDERR_REDIRECT] 
2026-02-22 00:26:18,151 [ERROR] LogOutputStream:75 - [STDERR_REDIRECT] [Fatal Error] :1:1: Premature end of file.
2026-02-22 00:26:18,151 [ERROR] LogOutputStream:75 - [STDERR_REDIRECT] 
2026-02-22 00:26:19,157 [ERROR] LogOutputStream:75 - [STDERR_REDIRECT] [Fatal Error] :1:1: Premature end of file.
2026-02-22 00:26:19,158 [ERROR] LogOutputStream:75 - [STDERR_REDIRECT] 
2026-02-22 00:26:20,152 [ERROR] LogOutputStream:75 - [STDERR_REDIRECT] [Fatal Error] :1:1: Premature end of file.
2026-02-22 00:26:20,153 [ERROR] LogOutputStream:75 - [STDERR_REDIRECT] 
2026-02-22 00:26:21,151 [ERROR] LogOutputStream:75 - [STDERR_REDIRECT] [Fatal Error] :1:1: Premature end of file.
2026-02-22 00:26:21,151 [ERROR] LogOutputStream:75 - [STDERR_REDIRECT] 
2026-02-22 00:26:22,153 [ERROR] LogOutputStream:75 - [STDERR_REDIRECT] [Fatal Error] :1:1: Premature end of file.
2026-02-22 00:26:22,153 [ERROR] LogOutputStream:75 - [STDERR_REDIRECT] 
2026-02-22 00:26:23,151 [ERROR] LogOutputStream:75 - [STDERR_REDIRECT] [Fatal Error] :1:1: Premature end of file.
2026-02-22 00:26:23,151 [ERROR] LogOutputStream:75 - [STDERR_REDIRECT] 
2026-02-22 00:26:24,151 [ERROR] LogOutputStream:75 - [STDERR_REDIRECT] [Fatal Error] :1:1: Premature end of file.
2026-02-22 00:26:24,151 [ERROR] LogOutputStream:75 - [STDERR_REDIRECT] 
2026-02-22 00:26:25,158 [ERROR] LogOutputStream:75 - [STDERR_REDIRECT] [Fatal Error] :1:1: Premature end of file.
2026-02-22 00:26:25,159 [ERROR] LogOutputStream:75 - [STDERR_REDIRECT] 
2026-02-22 00:26:26,150 [ERROR] LogOutputStream:75 - [STDERR_REDIRECT] [Fatal Error] :1:1: Premature end of file.
2026-02-22 00:26:26,150 [ERROR] LogOutputStream:75 - [STDERR_REDIRECT] 
2026-02-22 00:26:27,165 [ERROR] LogOutputStream:75 - [STDERR_REDIRECT] [Fatal Error] :1:1: Premature end of file.
2026-02-22 00:26:27,166 [ERROR] LogOutputStream:75 - [STDERR_REDIRECT] 
2026-02-22 00:26:28,151 [ERROR] LogOutputStream:75 - [STDERR_REDIRECT] [Fatal Error] :1:1: Premature end of file.
2026-02-22 00:26:28,151 [ERROR] LogOutputStream:75 - [STDERR_REDIRECT] 
2026-02-22 00:26:29,150 [ERROR] LogOutputStream:75 - [STDERR_REDIRECT] [Fatal Error] :1:1: Premature end of file.
2026-02-22 00:26:29,151 [ERROR] LogOutputStream:75 - [STDERR_REDIRECT] 
2026-02-22 00:26:30,150 [ERROR] LogOutputStream:75 - [STDERR_REDIRECT] [Fatal Error] :1:1: Premature end of file.
2026-02-22 00:26:30,150 [ERROR] LogOutputStream:75 - [STDERR_REDIRECT] 
2026-02-22 00:26:31,151 [ERROR] LogOutputStream:75 - [STDERR_REDIRECT] [Fatal Error] :1:1: Premature end of file.
2026-02-22 00:26:31,151 [ERROR] LogOutputStream:75 - [STDERR_REDIRECT] 
2026-02-22 00:26:32,152 [ERROR] LogOutputStream:75 - [STDERR_REDIRECT] [Fatal Error] :1:1: Premature end of file.
2026-02-22 00:26:32,152 [ERROR] LogOutputStream:75 - [STDERR_REDIRECT] 
2026-02-22 00:26:33,163 [ERROR] LogOutputStream:75 - [STDERR_REDIRECT] [Fatal Error] :1:1: Premature end of file.
2026-02-22 00:26:33,163 [ERROR] LogOutputStream:75 - [STDERR_REDIRECT] 
2026-02-22 00:26:34,157 [ERROR] LogOutputStream:75 - [STDERR_REDIRECT] [Fatal Error] :1:1: Premature end of file.
2026-02-22 00:26:34,158 [ERROR] LogOutputStream:75 - [STDERR_REDIRECT] 
2026-02-22 00:26:35,151 [ERROR] LogOutputStream:75 - [STDERR_REDIRECT] [Fatal Error] :1:1: Premature end of file.
2026-02-22 00:26:35,151 [ERROR] LogOutputStream:75 - [STDERR_REDIRECT] 
2026-02-22 00:26:36,150 [ERROR] LogOutputStream:75 - [STDERR_REDIRECT] [Fatal Error] :1:1: Premature end of file.
2026-02-22 00:26:36,150 [ERROR] LogOutputStream:75 - [STDERR_REDIRECT] 
2026-02-22 00:26:37,161 [ERROR] LogOutputStream:75 - [STDERR_REDIRECT] [Fatal Error] :1:1: Premature end of file.
2026-02-22 00:26:37,161 [ERROR] LogOutputStream:75 - [STDERR_REDIRECT] 
2026-02-22 00:26:38,158 [ERROR] LogOutputStream:75 - [STDERR_REDIRECT] [Fatal Error] :1:1: Premature end of file.
2026-02-22 00:26:38,158 [ERROR] LogOutputStream:75 - [STDERR_REDIRECT] 
2026-02-22 00:26:39,164 [ERROR] LogOutputStream:75 - [STDERR_REDIRECT] [Fatal Error] :1:1: Premature end of file.
2026-02-22 00:26:39,165 [ERROR] LogOutputStream:75 - [STDERR_REDIRECT] 
2026-02-22 00:26:40,164 [ERROR] LogOutputStream:75 - [STDERR_REDIRECT] [Fatal Error] :1:1: Premature end of file.
2026-02-22 00:26:40,166 [ERROR] LogOutputStream:75 - [STDERR_REDIRECT] 
2026-02-22 00:26:41,168 [ERROR] LogOutputStream:75 - [STDERR_REDIRECT] [Fatal Error] :1:1: Premature end of file.
2026-02-22 00:26:41,168 [ERROR] LogOutputStream:75 - [STDERR_REDIRECT] 
2026-02-22 00:26:42,162 [ERROR] LogOutputStream:75 - [STDERR_REDIRECT] [Fatal Error] :1:1: Premature end of file.
2026-02-22 00:26:42,162 [ERROR] LogOutputStream:75 - [STDERR_REDIRECT] 
2026-02-22 00:26:43,162 [ERROR] LogOutputStream:75 - [STDERR_REDIRECT] [Fatal Error] :1:1: Premature end of file.
2026-02-22 00:26:43,162 [ERROR] LogOutputStream:75 - [STDERR_REDIRECT] 
2026-02-22 00:26:44,157 [ERROR] LogOutputStream:75 - [STDERR_REDIRECT] [Fatal Error] :1:1: Premature end of file.
2026-02-22 00:26:44,158 [ERROR] LogOutputStream:75 - [STDERR_REDIRECT] 
2026-02-22 00:26:45,161 [ERROR] LogOutputStream:75 - [STDERR_REDIRECT] [Fatal Error] :1:1: Premature end of file.
2026-02-22 00:26:45,161 [ERROR] LogOutputStream:75 - [STDERR_REDIRECT] 
2026-02-22 00:26:46,154 [ERROR] LogOutputStream:75 - [STDERR_REDIRECT] [Fatal Error] :1:1: Premature end of file.
2026-02-22 00:26:46,154 [ERROR] LogOutputStream:75 - [STDERR_REDIRECT] 
2026-02-22 00:26:47,156 [ERROR] LogOutputStream:75 - [STDERR_REDIRECT] [Fatal Error] :1:1: Premature end of file.
2026-02-22 00:26:47,156 [ERROR] LogOutputStream:75 - [STDERR_REDIRECT] 
2026-02-22 00:26:48,149 [ERROR] LogOutputStream:75 - [STDERR_REDIRECT] [Fatal Error] :1:1: Premature end of file.
2026-02-22 00:26:48,151 [ERROR] LogOutputStream:75 - [STDERR_REDIRECT] 
2026-02-22 00:26:49,150 [ERROR] LogOutputStream:75 - [STDERR_REDIRECT] [Fatal Error] :1:1: Premature end of file.
2026-02-22 00:26:49,151 [ERROR] LogOutputStream:75 - [STDERR_REDIRECT] 
2026-02-22 00:26:50,150 [ERROR] LogOutputStream:75 - [STDERR_REDIRECT] [Fatal Error] :1:1: Premature end of file.
2026-02-22 00:26:50,150 [ERROR] LogOutputStream:75 - [STDERR_REDIRECT] 
2026-02-22 00:26:51,156 [ERROR] LogOutputStream:75 - [STDERR_REDIRECT] [Fatal Error] :1:1: Premature end of file.
2026-02-22 00:26:51,157 [ERROR] LogOutputStream:75 - [STDERR_REDIRECT] 
2026-02-22 00:26:52,151 [ERROR] LogOutputStream:75 - [STDERR_REDIRECT] [Fatal Error] :1:1: Premature end of file.
2026-02-22 00:26:52,151 [ERROR] LogOutputStream:75 - [STDERR_REDIRECT] 
2026-02-22 00:26:53,151 [ERROR] LogOutputStream:75 - [STDERR_REDIRECT] [Fatal Error] :1:1: Premature end of file.
2026-02-22 00:26:53,152 [ERROR] LogOutputStream:75 - [STDERR_REDIRECT] 
2026-02-22 00:26:54,151 [ERROR] LogOutputStream:75 - [STDERR_REDIRECT] [Fatal Error] :1:1: Premature end of file.
2026-02-22 00:26:54,151 [ERROR] LogOutputStream:75 - [STDERR_REDIRECT] 
2026-02-22 00:26:55,152 [ERROR] LogOutputStream:75 - [STDERR_REDIRECT] [Fatal Error] :1:1: Premature end of file.
2026-02-22 00:26:55,152 [ERROR] LogOutputStream:75 - [STDERR_REDIRECT] 
2026-02-22 00:26:56,150 [ERROR] LogOutputStream:75 - [STDERR_REDIRECT] [Fatal Error] :1:1: Premature end of file.
2026-02-22 00:26:56,151 [ERROR] LogOutputStream:75 - [STDERR_REDIRECT] 
2026-02-22 00:26:57,157 [ERROR] LogOutputStream:75 - [STDERR_REDIRECT] [Fatal Error] :1:1: Premature end of file.
2026-02-22 00:26:57,158 [ERROR] LogOutputStream:75 - [STDERR_REDIRECT] 
2026-02-22 00:26:58,160 [ERROR] LogOutputStream:75 - [STDERR_REDIRECT] [Fatal Error] :1:1: Premature end of file.
2026-02-22 00:26:58,160 [ERROR] LogOutputStream:75 - [STDERR_REDIRECT] 
2026-02-22 00:26:59,150 [ERROR] LogOutputStream:75 - [STDERR_REDIRECT] [Fatal Error] :1:1: Premature end of file.
2026-02-22 00:26:59,151 [ERROR] LogOutputStream:75 - [STDERR_REDIRECT] 
2026-02-22 00:27:00,154 [ERROR] LogOutputStream:75 - [STDERR_REDIRECT] [Fatal Error] :1:1: Premature end of file.
2026-02-22 00:27:00,154 [ERROR] LogOutputStream:75 - [STDERR_REDIRECT] 
2026-02-22 00:27:01,161 [ERROR] LogOutputStream:75 - [STDERR_REDIRECT] [Fatal Error] :1:1: Premature end of file.
2026-02-22 00:27:01,161 [ERROR] LogOutputStream:75 - [STDERR_REDIRECT] 
2026-02-22 00:27:02,150 [ERROR] LogOutputStream:75 - [STDERR_REDIRECT] [Fatal Error] :1:1: Premature end of file.
2026-02-22 00:27:02,150 [ERROR] LogOutputStream:75 - [STDERR_REDIRECT] 
2026-02-22 00:27:03,150 [ERROR] LogOutputStream:75 - [STDERR_REDIRECT] [Fatal Error] :1:1: Premature end of file.
2026-02-22 00:27:03,150 [ERROR] LogOutputStream:75 - [STDERR_REDIRECT] 
2026-02-22 00:27:04,159 [ERROR] LogOutputStream:75 - [STDERR_REDIRECT] [Fatal Error] :1:1: Premature end of file.
2026-02-22 00:27:04,161 [ERROR] LogOutputStream:75 - [STDERR_REDIRECT] 
2026-02-22 00:27:05,151 [ERROR] LogOutputStream:75 - [STDERR_REDIRECT] [Fatal Error] :1:1: Premature end of file.
2026-02-22 00:27:05,152 [ERROR] LogOutputStream:75 - [STDERR_REDIRECT] 
2026-02-22 00:27:06,151 [ERROR] LogOutputStream:75 - [STDERR_REDIRECT] [Fatal Error] :1:1: Premature end of file.
2026-02-22 00:27:06,152 [ERROR] LogOutputStream:75 - [STDERR_REDIRECT] 
2026-02-22 00:27:07,152 [ERROR] LogOutputStream:75 - [STDERR_REDIRECT] [Fatal Error] :1:1: Premature end of file.
2026-02-22 00:27:07,152 [ERROR] LogOutputStream:75 - [STDERR_REDIRECT] 
2026-02-22 00:27:08,152 [ERROR] LogOutputStream:75 - [STDERR_REDIRECT] [Fatal Error] :1:1: Premature end of file.
2026-02-22 00:27:08,152 [ERROR] LogOutputStream:75 - [STDERR_REDIRECT] 
2026-02-22 00:27:09,154 [ERROR] LogOutputStream:75 - [STDERR_REDIRECT] [Fatal Error] :1:1: Premature end of file.
2026-02-22 00:27:09,154 [ERROR] LogOutputStream:75 - [STDERR_REDIRECT] 
2026-02-22 00:27:10,152 [ERROR] LogOutputStream:75 - [STDERR_REDIRECT] [Fatal Error] :1:1: Premature end of file.
2026-02-22 00:27:10,152 [ERROR] LogOutputStream:75 - [STDERR_REDIRECT] 
2026-02-22 00:27:11,153 [ERROR] LogOutputStream:75 - [STDERR_REDIRECT] [Fatal Error] :1:1: Premature end of file.
2026-02-22 00:27:11,154 [ERROR] LogOutputStream:75 - [STDERR_REDIRECT] 
2026-02-22 00:27:12,156 [ERROR] LogOutputStream:75 - [STDERR_REDIRECT] [Fatal Error] :1:1: Premature end of file.
2026-02-22 00:27:12,156 [ERROR] LogOutputStream:75 - [STDERR_REDIRECT] 
2026-02-22 00:27:13,157 [ERROR] LogOutputStream:75 - [STDERR_REDIRECT] [Fatal Error] :1:1: Premature end of file.
2026-02-22 00:27:13,157 [ERROR] LogOutputStream:75 - [STDERR_REDIRECT] 
2026-02-22 00:27:14,152 [ERROR] LogOutputStream:75 - [STDERR_REDIRECT] [Fatal Error] :1:1: Premature end of file.
2026-02-22 00:27:14,152 [ERROR] LogOutputStream:75 - [STDERR_REDIRECT] 
2026-02-22 00:27:15,157 [ERROR] LogOutputStream:75 - [STDERR_REDIRECT] [Fatal Error] :1:1: Premature end of file.
2026-02-22 00:27:15,157 [ERROR] LogOutputStream:75 - [STDERR_REDIRECT] 
2026-02-22 00:27:16,153 [ERROR] LogOutputStream:75 - [STDERR_REDIRECT] [Fatal Error] :1:1: Premature end of file.
2026-02-22 00:27:16,153 [ERROR] LogOutputStream:75 - [STDERR_REDIRECT] 
2026-02-22 00:27:17,161 [ERROR] LogOutputStream:75 - [STDERR_REDIRECT] [Fatal Error] :1:1: Premature end of file.
2026-02-22 00:27:17,161 [ERROR] LogOutputStream:75 - [STDERR_REDIRECT] 
2026-02-22 00:27:17,476 [ERROR] LogOutputStream:75 - [STDERR_REDIRECT] 
2026-02-22 00:27:17,476 [ERROR] LogOutputStream:75 - [STDERR_REDIRECT] 
2026-02-22 00:27:25,243 [INFO] Activator:176 - 


2026-02-22 00:27:25,245 [INFO] Activator:177 - !SESSION log4j initialized
2026-02-22 00:27:27,624 [INFO] LogOutputStream:77 - [STDOUT_REDIRECT] 
2026-02-22 00:27:29,501 [INFO] ApplicationProperties:184 - Using Application install path: C:\ST\STM32CubeIDE_1.19.0\STM32CubeIDE\plugins\com.st.stm32cube.common.mx_6.15.0.202507011659
2026-02-22 00:27:29,512 [INFO] DbMcusXml:78 - Set database path to: C:\ST\STM32CubeIDE_1.19.0\STM32CubeIDE\plugins\com.st.stm32cube.common.mx_6.15.0.202507011659\\db\/mcu/
2026-02-22 00:27:29,512 [INFO] ApiDb:274 - Set plugin database path to: C:\ST\STM32CubeIDE_1.19.0\STM32CubeIDE\plugins\com.st.stm32cube.common.mx_6.15.0.202507011659\\db\/plugins/boardmanager/
2026-02-22 00:27:29,512 [WARN] ApiDb:259 - Overriding images path with different value:  => C:\ST\STM32CubeIDE_1.19.0\STM32CubeIDE\plugins\com.st.stm32cube.common.mx_6.15.0.202507011659\\db\/plugins/mcufinder/images/
2026-02-22 00:27:29,516 [INFO] ApiDb:250 - Set database path to: C:\Users\USER\.stmcufinder\plugins\mcufinder//mcu/
2026-02-22 00:27:29,517 [INFO] DbMcusAds:125 - Set database path to: C:\Users\USER\.stmcufinder\plugins\mcufinder//mcu/
2026-02-22 00:27:29,519 [INFO] CrossReferenceDbSqlite:203 - Set database path to: C:\Users\USER\.stmcufinder\plugins\mcufinder//mcu/cs/
2026-02-22 00:27:29,612 [INFO] RulesReader:64 - Compatibility file has been processed (317 Rules)
2026-02-22 00:27:29,670 [INFO] DbMcusXml:78 - Set database path to: C:\ST\STM32CubeIDE_1.19.0\STM32CubeIDE\plugins\com.st.stm32cube.common.mx_6.15.0.202507011659\\db\/mcu/
2026-02-22 00:27:29,670 [INFO] ApiDb:274 - Set plugin database path to: C:\ST\STM32CubeIDE_1.19.0\STM32CubeIDE\plugins\com.st.stm32cube.common.mx_6.15.0.202507011659\\db\/plugins/boardmanager/
2026-02-22 00:27:29,670 [INFO] ApiDb:261 - Set plugin images path to: C:\ST\STM32CubeIDE_1.19.0\STM32CubeIDE\plugins\com.st.stm32cube.common.mx_6.15.0.202507011659\\db\/plugins/mcufinder/images/
2026-02-22 00:27:29,671 [WARN] DbFile:41 - Overriding database path with different value: C:\Users\USER\.stmcufinder\plugins\mcufinder/ => C:\Users\USER\.stmcufinder\plugins\mcufinder
2026-02-22 00:27:29,671 [INFO] ApiDb:250 - Set database path to: C:\Users\USER\.stmcufinder\plugins\mcufinder//mcu/
2026-02-22 00:27:29,671 [WARN] DbFile:41 - Overriding database path with different value: C:\Users\USER\.stmcufinder\plugins\mcufinder/ => C:\Users\USER\.stmcufinder\plugins\mcufinder
2026-02-22 00:27:29,671 [INFO] DbMcusAds:125 - Set database path to: C:\Users\USER\.stmcufinder\plugins\mcufinder//mcu/
2026-02-22 00:27:29,671 [WARN] DbFile:41 - Overriding database path with different value: C:\Users\USER\.stmcufinder\plugins\mcufinder/ => C:\Users\USER\.stmcufinder\plugins\mcufinder
2026-02-22 00:27:29,671 [WARN] DbFile:41 - Overriding database path with different value: C:\Users\USER\.stmcufinder\plugins\mcufinder/ => C:\Users\USER\.stmcufinder\plugins\mcufinder
2026-02-22 00:27:29,671 [INFO] CrossReferenceDbSqlite:203 - Set database path to: C:\Users\USER\.stmcufinder\plugins\mcufinder//mcu/cs/
2026-02-22 00:27:29,721 [INFO] MainPanel:274 - HeapMemory: 268435456
2026-02-22 00:27:29,782 [INFO] DbMcusXml:78 - Set database path to: C:\ST\STM32CubeIDE_1.19.0\STM32CubeIDE\plugins\com.st.stm32cube.common.mx_6.15.0.202507011659\\db\/mcu/
2026-02-22 00:27:29,782 [INFO] ApiDb:274 - Set plugin database path to: C:\ST\STM32CubeIDE_1.19.0\STM32CubeIDE\plugins\com.st.stm32cube.common.mx_6.15.0.202507011659\\db\/plugins/boardmanager/
2026-02-22 00:27:29,782 [INFO] ApiDb:261 - Set plugin images path to: C:\ST\STM32CubeIDE_1.19.0\STM32CubeIDE\plugins\com.st.stm32cube.common.mx_6.15.0.202507011659\\db\/plugins/mcufinder/images/
2026-02-22 00:27:29,784 [WARN] DbFile:41 - Overriding database path with different value: C:\Users\USER\.stmcufinder\plugins\mcufinder/ => C:\Users\USER\.stmcufinder\plugins\mcufinder
2026-02-22 00:27:29,784 [INFO] ApiDb:250 - Set database path to: C:\Users\USER\.stmcufinder\plugins\mcufinder//mcu/
2026-02-22 00:27:29,784 [WARN] DbFile:41 - Overriding database path with different value: C:\Users\USER\.stmcufinder\plugins\mcufinder/ => C:\Users\USER\.stmcufinder\plugins\mcufinder
2026-02-22 00:27:29,784 [INFO] DbMcusAds:125 - Set database path to: C:\Users\USER\.stmcufinder\plugins\mcufinder//mcu/
2026-02-22 00:27:29,784 [WARN] DbFile:41 - Overriding database path with different value: C:\Users\USER\.stmcufinder\plugins\mcufinder/ => C:\Users\USER\.stmcufinder\plugins\mcufinder
2026-02-22 00:27:29,784 [WARN] DbFile:41 - Overriding database path with different value: C:\Users\USER\.stmcufinder\plugins\mcufinder/ => C:\Users\USER\.stmcufinder\plugins\mcufinder
2026-02-22 00:27:29,784 [INFO] CrossReferenceDbSqlite:203 - Set database path to: C:\Users\USER\.stmcufinder\plugins\mcufinder//mcu/cs/
2026-02-22 00:27:29,798 [INFO] ApplicationProperties:184 - Using Application install path: C:\ST\STM32CubeIDE_1.19.0\STM32CubeIDE\plugins\com.st.stm32cube.common.mx_6.15.0.202507011659
2026-02-22 00:27:29,799 [INFO] PluginManage:196 - Search for loadable plugins [exclusion list=, ]
2026-02-22 00:27:29,800 [INFO] PluginManage:310 - Check plugin analytics
2026-02-22 00:27:29,947 [INFO] AnalyticsPlugin:253 - Accepted Software Licenses: 
2026-02-22 00:27:29,947 [INFO] AnalyticsPlugin:255 - Accepted CMSIS Pack Licenses: 
2026-02-22 00:27:29,947 [INFO] AnalyticsPlugin:257 - Accepted Firmware Licenses: FW.F4.1.28.0
2026-02-22 00:27:29,949 [INFO] PluginManage:359 - Loaded plugin analytics (category:tool,tabindex:-1)
2026-02-22 00:27:29,949 [INFO] PluginManage:310 - Check plugin cadmodel
2026-02-22 00:27:29,952 [INFO] CADModel:105 - Init CAD model plugin
2026-02-22 00:27:29,952 [INFO] PluginManage:359 - Loaded plugin cadmodel (category:power,tabindex:5)
2026-02-22 00:27:29,952 [INFO] PluginManage:310 - Check plugin clock
2026-02-22 00:27:29,959 [INFO] PluginManage:359 - Loaded plugin clock (category:base,tabindex:2)
2026-02-22 00:27:29,959 [INFO] PluginManage:310 - Check plugin ddr
2026-02-22 00:27:29,960 [INFO] PluginManage:359 - Loaded plugin ddr (category:tool,tabindex:6)
2026-02-22 00:27:29,960 [INFO] PluginManage:310 - Check plugin filemanager
2026-02-22 00:27:30,099 [INFO] PluginManage:359 - Loaded plugin filemanager (category:base,tabindex:10)
2026-02-22 00:27:30,099 [INFO] PluginManage:310 - Check plugin ipmanager
2026-02-22 00:27:30,105 [INFO] PluginManage:359 - Loaded plugin ipmanager (category:base,tabindex:5)
2026-02-22 00:27:30,105 [INFO] PluginManage:310 - Check plugin lpbam
2026-02-22 00:27:30,111 [INFO] PluginManage:359 - Loaded plugin lpbam (category:base,tabindex:0)
2026-02-22 00:27:30,111 [INFO] PluginManage:310 - Check plugin memorymap
2026-02-22 00:27:30,120 [INFO] PluginManage:359 - Loaded plugin memorymap (category:base,tabindex:4)
2026-02-22 00:27:30,120 [INFO] PluginManage:310 - Check plugin pinoutandconfiguration
2026-02-22 00:27:30,126 [INFO] PluginManage:359 - Loaded plugin pinoutandconfiguration (category:base,tabindex:1)
2026-02-22 00:27:30,126 [INFO] PluginManage:310 - Check plugin pinoutconfig
2026-02-22 00:27:30,185 [WARN] SupportedApi:132 - Cannot load RTOS API schema: s4s-elt-must-match.1: The content of 'definitions' must match (annotation?, (simpleType | complexType)?, (unique | key | keyref)*)). A problem was found starting at: attribute.
2026-02-22 00:27:30,273 [INFO] PluginManage:359 - Loaded plugin pinoutconfig (category:base,tabindex:0)
2026-02-22 00:27:30,273 [INFO] PluginManage:310 - Check plugin power
2026-02-22 00:27:30,278 [INFO] PluginManage:359 - Loaded plugin power (category:power,tabindex:4)
2026-02-22 00:27:30,278 [INFO] PluginManage:310 - Check plugin projectmanager
2026-02-22 00:27:30,290 [INFO] PluginManage:359 - Loaded plugin projectmanager (category:projectmanager,tabindex:4)
2026-02-22 00:27:30,290 [INFO] PluginManage:310 - Check plugin rif
2026-02-22 00:27:30,295 [INFO] PluginManage:359 - Loaded plugin rif (category:base,tabindex:3)
2026-02-22 00:27:30,295 [INFO] PluginManage:310 - Check plugin thirdparty
2026-02-22 00:27:30,381 [INFO] PluginManage:359 - Loaded plugin thirdparty (category:base,tabindex:-1)
2026-02-22 00:27:30,381 [INFO] PluginManage:310 - Check plugin tools
2026-02-22 00:27:30,381 [WARN] IntegrityCheckThread:84 - waiting for thirdparty lock release [integrity check]
2026-02-22 00:27:30,381 [INFO] IntegrityCheckThread:86 - entering critical section [integrity check]
2026-02-22 00:27:30,381 [INFO] ThirdPartyUpdaterWithRetryManager:70 - Updater plugin not ready yet. [1/15]
2026-02-22 00:27:30,382 [INFO] PluginManage:359 - Loaded plugin tools (category:base,tabindex:7)
2026-02-22 00:27:30,382 [INFO] PluginManage:310 - Check plugin tutovideos
2026-02-22 00:27:30,513 [INFO] PluginManage:359 - Loaded plugin tutovideos (category:base,tabindex:-1)
2026-02-22 00:27:30,513 [INFO] PluginManage:310 - Check plugin updater
2026-02-22 00:27:30,528 [INFO] PluginManage:359 - Loaded plugin updater (category:base,tabindex:12)
2026-02-22 00:27:30,528 [INFO] PluginManage:310 - Check plugin userauth
2026-02-22 00:27:30,530 [INFO] UserAuth:118 - Init User Auth plugin
2026-02-22 00:27:30,530 [INFO] PluginManage:359 - Loaded plugin userauth (category:base,tabindex:14)
2026-02-22 00:27:30,532 [INFO] PluginManage:283 - PluginManage : Loaded plugins [18]
2026-02-22 00:27:30,669 [INFO] PinOutPanel:1589 - setPackage(No Configuration,No Configuration)
2026-02-22 00:27:30,727 [INFO] CADModel:165 - CPN selected for project level
2026-02-22 00:27:30,727 [INFO] CADModel:114 - Register for checkConnection events
2026-02-22 00:27:30,738 [INFO] IPUIPlugin:80 - create IPUIPlugin
2026-02-22 00:27:30,738 [INFO] PluginManager:220 - loadIPPluginJar : add adc
2026-02-22 00:27:30,741 [INFO] IPUIPlugin:80 - create IPUIPlugin
2026-02-22 00:27:30,741 [INFO] PluginManager:220 - loadIPPluginJar : add aes
2026-02-22 00:27:30,742 [INFO] IPUIPlugin:80 - create IPUIPlugin
2026-02-22 00:27:30,742 [INFO] PluginManager:220 - loadIPPluginJar : add can
2026-02-22 00:27:30,743 [INFO] IPUIPlugin:80 - create IPUIPlugin
2026-02-22 00:27:30,743 [INFO] PluginManager:220 - loadIPPluginJar : add comp
2026-02-22 00:27:30,745 [INFO] IPUIPlugin:80 - create IPUIPlugin
2026-02-22 00:27:30,745 [INFO] PluginManager:220 - loadIPPluginJar : add cryp
2026-02-22 00:27:30,747 [INFO] IPUIPlugin:80 - create IPUIPlugin
2026-02-22 00:27:30,747 [INFO] PluginManager:220 - loadIPPluginJar : add ddr_ctrl_phy
2026-02-22 00:27:30,748 [INFO] IPUIPlugin:80 - create IPUIPlugin
2026-02-22 00:27:30,748 [INFO] PluginManager:220 - loadIPPluginJar : add dfsdm
2026-02-22 00:27:30,752 [INFO] IPUIPlugin:80 - create IPUIPlugin
2026-02-22 00:27:30,752 [INFO] PluginManager:220 - loadIPPluginJar : add dma
2026-02-22 00:27:30,754 [INFO] IPUIPlugin:80 - create IPUIPlugin
2026-02-22 00:27:30,754 [INFO] PluginManager:220 - loadIPPluginJar : add dma3
2026-02-22 00:27:30,756 [INFO] IPUIPlugin:80 - create IPUIPlugin
2026-02-22 00:27:30,756 [INFO] PluginManager:220 - loadIPPluginJar : add extmemmanager
2026-02-22 00:27:30,757 [INFO] IPUIPlugin:80 - create IPUIPlugin
2026-02-22 00:27:30,757 [INFO] PluginManager:220 - loadIPPluginJar : add fatfs
2026-02-22 00:27:30,760 [INFO] IPUIPlugin:80 - create IPUIPlugin
2026-02-22 00:27:30,760 [INFO] PluginManager:220 - loadIPPluginJar : add fmc
2026-02-22 00:27:30,763 [INFO] IPUIPlugin:80 - create IPUIPlugin
2026-02-22 00:27:30,763 [INFO] PluginManager:220 - loadIPPluginJar : add freertos
2026-02-22 00:27:30,765 [INFO] IPUIPlugin:80 - create IPUIPlugin
2026-02-22 00:27:30,765 [INFO] PluginManager:220 - loadIPPluginJar : add genericplugin
2026-02-22 00:27:30,767 [INFO] IPUIPlugin:80 - create IPUIPlugin
2026-02-22 00:27:30,767 [INFO] PluginManager:220 - loadIPPluginJar : add gfxmmu
2026-02-22 00:27:30,769 [INFO] IPUIPlugin:80 - create IPUIPlugin
2026-02-22 00:27:30,769 [INFO] PluginManager:220 - loadIPPluginJar : add gic
2026-02-22 00:27:30,771 [INFO] IPUIPlugin:80 - create IPUIPlugin
2026-02-22 00:27:30,771 [INFO] PluginManager:220 - loadIPPluginJar : add gpio
2026-02-22 00:27:30,775 [INFO] IPUIPlugin:80 - create IPUIPlugin
2026-02-22 00:27:30,775 [INFO] PluginManager:220 - loadIPPluginJar : add gtzc
2026-02-22 00:27:30,776 [INFO] IPUIPlugin:80 - create IPUIPlugin
2026-02-22 00:27:30,776 [INFO] PluginManager:220 - loadIPPluginJar : add hash
2026-02-22 00:27:30,779 [INFO] IPUIPlugin:80 - create IPUIPlugin
2026-02-22 00:27:30,779 [INFO] PluginManager:220 - loadIPPluginJar : add i2c
2026-02-22 00:27:30,781 [INFO] IPUIPlugin:80 - create IPUIPlugin
2026-02-22 00:27:30,781 [INFO] PluginManager:220 - loadIPPluginJar : add i2s
2026-02-22 00:27:30,782 [INFO] IPUIPlugin:80 - create IPUIPlugin
2026-02-22 00:27:30,783 [INFO] PluginManager:220 - loadIPPluginJar : add i3c
2026-02-22 00:27:30,785 [INFO] IPUIPlugin:80 - create IPUIPlugin
2026-02-22 00:27:30,786 [INFO] PluginManager:220 - loadIPPluginJar : add ipddr
2026-02-22 00:27:30,791 [INFO] IPUIPlugin:80 - create IPUIPlugin
2026-02-22 00:27:30,791 [INFO] PluginManager:220 - loadIPPluginJar : add linkedlist
2026-02-22 00:27:30,793 [INFO] IPUIPlugin:80 - create IPUIPlugin
2026-02-22 00:27:30,793 [INFO] PluginManager:220 - loadIPPluginJar : add lorawan
2026-02-22 00:27:30,795 [INFO] IPUIPlugin:80 - create IPUIPlugin
2026-02-22 00:27:30,795 [INFO] PluginManager:220 - loadIPPluginJar : add ltdc
2026-02-22 00:27:30,798 [INFO] IPUIPlugin:80 - create IPUIPlugin
2026-02-22 00:27:30,798 [INFO] PluginManager:220 - loadIPPluginJar : add mdma
2026-02-22 00:27:30,801 [INFO] IPUIPlugin:80 - create IPUIPlugin
2026-02-22 00:27:30,801 [INFO] PluginManager:220 - loadIPPluginJar : add nvic
2026-02-22 00:27:30,803 [INFO] IPUIPlugin:80 - create IPUIPlugin
2026-02-22 00:27:30,803 [INFO] PluginManager:220 - loadIPPluginJar : add opamp
2026-02-22 00:27:30,805 [INFO] IPUIPlugin:80 - create IPUIPlugin
2026-02-22 00:27:30,805 [INFO] PluginManager:220 - loadIPPluginJar : add openamp
2026-02-22 00:27:30,807 [INFO] IPUIPlugin:80 - create IPUIPlugin
2026-02-22 00:27:30,807 [INFO] PluginManager:220 - loadIPPluginJar : add pdm2pcm
2026-02-22 00:27:30,810 [INFO] IPUIPlugin:80 - create IPUIPlugin
2026-02-22 00:27:30,812 [INFO] PluginManager:220 - loadIPPluginJar : add plateformsettings
2026-02-22 00:27:30,813 [INFO] IPUIPlugin:80 - create IPUIPlugin
2026-02-22 00:27:30,813 [INFO] PluginManager:220 - loadIPPluginJar : add quadspi
2026-02-22 00:27:30,814 [INFO] IPUIPlugin:80 - create IPUIPlugin
2026-02-22 00:27:30,814 [INFO] PluginManager:220 - loadIPPluginJar : add radio
2026-02-22 00:27:30,816 [INFO] IPUIPlugin:80 - create IPUIPlugin
2026-02-22 00:27:30,816 [INFO] PluginManager:220 - loadIPPluginJar : add resmgrutility
2026-02-22 00:27:30,819 [INFO] IPUIPlugin:80 - create IPUIPlugin
2026-02-22 00:27:30,819 [INFO] PluginManager:220 - loadIPPluginJar : add sai
2026-02-22 00:27:30,821 [INFO] IPUIPlugin:80 - create IPUIPlugin
2026-02-22 00:27:30,821 [INFO] PluginManager:220 - loadIPPluginJar : add spi
2026-02-22 00:27:30,825 [INFO] IPUIPlugin:80 - create IPUIPlugin
2026-02-22 00:27:30,825 [INFO] PluginManager:220 - loadIPPluginJar : add stm32_wpan
2026-02-22 00:27:30,826 [INFO] IPUIPlugin:80 - create IPUIPlugin
2026-02-22 00:27:30,826 [INFO] PluginManager:220 - loadIPPluginJar : add tim
2026-02-22 00:27:30,828 [INFO] IPUIPlugin:80 - create IPUIPlugin
2026-02-22 00:27:30,828 [INFO] PluginManager:220 - loadIPPluginJar : add touchsensing
2026-02-22 00:27:30,830 [INFO] IPUIPlugin:80 - create IPUIPlugin
2026-02-22 00:27:30,830 [INFO] PluginManager:220 - loadIPPluginJar : add tracer_emb
2026-02-22 00:27:30,832 [INFO] IPUIPlugin:80 - create IPUIPlugin
2026-02-22 00:27:30,832 [INFO] PluginManager:220 - loadIPPluginJar : add ts
2026-02-22 00:27:30,833 [INFO] IPUIPlugin:80 - create IPUIPlugin
2026-02-22 00:27:30,833 [INFO] PluginManager:220 - loadIPPluginJar : add tsc
2026-02-22 00:27:30,834 [INFO] IPUIPlugin:80 - create IPUIPlugin
2026-02-22 00:27:30,834 [INFO] PluginManager:220 - loadIPPluginJar : add ucpd
2026-02-22 00:27:30,837 [INFO] IPUIPlugin:80 - create IPUIPlugin
2026-02-22 00:27:30,837 [INFO] PluginManager:220 - loadIPPluginJar : add usart
2026-02-22 00:27:30,839 [INFO] IPUIPlugin:80 - create IPUIPlugin
2026-02-22 00:27:30,839 [INFO] PluginManager:220 - loadIPPluginJar : add usbx
2026-02-22 00:27:30,951 [FATAL] Updater:351 - Updater called before beeing initialized
2026-02-22 00:27:30,970 [INFO] RulesReader:64 - Compatibility file has been processed (317 Rules)
2026-02-22 00:27:30,982 [INFO] RulesReader:64 - Compatibility file has been processed (317 Rules)
2026-02-22 00:27:30,987 [INFO] CADModel:165 - CPN selected for project level
2026-02-22 00:27:30,987 [INFO] CADModel:114 - Register for checkConnection events
2026-02-22 00:27:30,987 [FATAL] Updater:351 - Updater called before beeing initialized
2026-02-22 00:27:30,987 [ERROR] CADModel:125 - Updater not yet initialized, retry later 
2026-02-22 00:27:31,091 [FATAL] Updater:351 - Updater called before beeing initialized
2026-02-22 00:27:31,093 [INFO] CADModel:165 - CPN selected for project level
2026-02-22 00:27:31,094 [INFO] CADModel:114 - Register for checkConnection events
2026-02-22 00:27:31,094 [FATAL] Updater:351 - Updater called before beeing initialized
2026-02-22 00:27:31,094 [ERROR] CADModel:125 - Updater not yet initialized, retry later 
2026-02-22 00:27:31,096 [FATAL] Updater:351 - Updater called before beeing initialized
2026-02-22 00:27:31,168 [FATAL] Updater:351 - Updater called before beeing initialized
2026-02-22 00:27:31,171 [INFO] DbMcusAds:53 - JSON generation date=Wed Feb 18 23:32:49 KST 2026 (1771425169371)
2026-02-22 00:27:31,171 [FATAL] Updater:351 - Updater called before beeing initialized
2026-02-22 00:27:31,198 [WARN] DetailPanel:346 - Failed to get advertising image, set to default
2026-02-22 00:27:31,264 [FATAL] Updater:351 - Updater called before beeing initialized
2026-02-22 00:27:31,265 [FATAL] Updater:351 - Updater called before beeing initialized
2026-02-22 00:27:31,265 [FATAL] Updater:351 - Updater called before beeing initialized
2026-02-22 00:27:31,265 [WARN] DetailPanel:346 - Failed to get advertising image, set to default
2026-02-22 00:27:31,266 [FATAL] Updater:351 - Updater called before beeing initialized
2026-02-22 00:27:31,300 [ERROR] Updater:1198 - MainUpdater not yet initialized. External WinMGr cannot be set.
2026-02-22 00:27:31,302 [INFO] Updater:1134 - Updater Version found : 6.15.0
2026-02-22 00:27:31,311 [INFO] ApplicationProperties:184 - Using Application install path: C:\ST\STM32CubeIDE_1.19.0\STM32CubeIDE\plugins\com.st.stm32cube.common.mx_6.15.0.202507011659
2026-02-22 00:27:32,878 [ERROR] LogOutputStream:75 - [STDERR_REDIRECT] Feb 22, 2026 12:27:32 AM java.util.prefs.WindowsPreferences <init>
2026-02-22 00:27:32,880 [ERROR] LogOutputStream:75 - [STDERR_REDIRECT] WARNING: Could not open/create prefs root node Software\JavaSoft\Prefs at root 0xffffffff80000002. Windows RegCreateKeyEx(...) returned error code 5.
2026-02-22 00:27:32,880 [ERROR] LogOutputStream:75 - [STDERR_REDIRECT] 
2026-02-22 00:27:33,382 [INFO] ThirdPartyUpdaterWithRetryManager:70 - Updater plugin not ready yet. [2/15]
2026-02-22 00:27:33,630 [INFO] MainUpdater:2872 - connection check result : 10
2026-02-22 00:27:33,631 [INFO] MainUpdater:289 - Updater Check For Update Now.
2026-02-22 00:27:33,631 [INFO] MicroXplorer:498 - Change Database Version : DB.6.0.150
2026-02-22 00:27:33,636 [INFO] McuFinderGlobals:63 - Set McuFinder mode to 2 (CubeIDE integrated)
2026-02-22 00:27:33,636 [INFO] UserAuth:487 - Internet connection configuration mode: 1
2026-02-22 00:27:33,648 [INFO] JxBrowserEngine:152 - Initiate JxBrowser Engine with user profile folder
2026-02-22 00:27:33,790 [INFO] CheckServerUpdateThread:120 - End of CheckServer Thread
2026-02-22 00:27:34,110 [INFO] WebApp:169 - Instantiating new browser for Auth
2026-02-22 00:27:34,623 [INFO] WebApp:463 - Apply proxy settings
2026-02-22 00:27:34,623 [INFO] WebApp:548 - Chromium requires no authentication
2026-02-22 00:27:34,629 [INFO] WebApp:491 - Direct internet connection detected
2026-02-22 00:27:34,656 [INFO] WebApp:900 - Register for checkConnection events
2026-02-22 00:27:34,656 [INFO] WebApp:463 - Apply proxy settings
2026-02-22 00:27:34,656 [INFO] WebApp:548 - Chromium requires no authentication
2026-02-22 00:27:34,656 [INFO] WebApp:491 - Direct internet connection detected
2026-02-22 00:27:34,787 [INFO] WebApp:225 - Starting web application
2026-02-22 00:27:34,787 [INFO] WebApp:593 - Web application path used C:\ST\STM32CubeIDE_1.19.0\STM32CubeIDE\plugins\com.st.stm32cube.common.mx_6.15.0.202507011659\db\plugins\mcufinder\reactClient1\index.html
2026-02-22 00:27:34,859 [INFO] UserAuth:487 - Internet connection configuration mode: 1
2026-02-22 00:27:34,910 [ERROR] LogOutputStream:75 - [STDERR_REDIRECT] [Fatal Error] :1:1: Premature end of file.
2026-02-22 00:27:34,911 [ERROR] LogOutputStream:75 - [STDERR_REDIRECT] 
2026-02-22 00:27:35,193 [INFO] WebApp:191 - Connection restablished
2026-02-22 00:27:35,908 [ERROR] LogOutputStream:75 - [STDERR_REDIRECT] [Fatal Error] :1:1: Premature end of file.
2026-02-22 00:27:35,908 [ERROR] LogOutputStream:75 - [STDERR_REDIRECT] 
2026-02-22 00:27:36,146 [ERROR] LogOutputStream:75 - [STDERR_REDIRECT] 
2026-02-22 00:28:12,883 [INFO] Activator:176 - 


2026-02-22 00:28:12,884 [INFO] Activator:177 - !SESSION log4j initialized
2026-02-22 00:28:15,377 [INFO] LogOutputStream:77 - [STDOUT_REDIRECT] 
2026-02-22 00:28:17,234 [INFO] ApplicationProperties:184 - Using Application install path: C:\ST\STM32CubeIDE_1.19.0\STM32CubeIDE\plugins\com.st.stm32cube.common.mx_6.15.0.202507011659
2026-02-22 00:28:17,245 [INFO] DbMcusXml:78 - Set database path to: C:\ST\STM32CubeIDE_1.19.0\STM32CubeIDE\plugins\com.st.stm32cube.common.mx_6.15.0.202507011659\\db\/mcu/
2026-02-22 00:28:17,246 [INFO] ApiDb:274 - Set plugin database path to: C:\ST\STM32CubeIDE_1.19.0\STM32CubeIDE\plugins\com.st.stm32cube.common.mx_6.15.0.202507011659\\db\/plugins/boardmanager/
2026-02-22 00:28:17,246 [WARN] ApiDb:259 - Overriding images path with different value:  => C:\ST\STM32CubeIDE_1.19.0\STM32CubeIDE\plugins\com.st.stm32cube.common.mx_6.15.0.202507011659\\db\/plugins/mcufinder/images/
2026-02-22 00:28:17,249 [INFO] ApiDb:250 - Set database path to: C:\Users\USER\.stmcufinder\plugins\mcufinder//mcu/
2026-02-22 00:28:17,250 [INFO] DbMcusAds:125 - Set database path to: C:\Users\USER\.stmcufinder\plugins\mcufinder//mcu/
2026-02-22 00:28:17,252 [INFO] CrossReferenceDbSqlite:203 - Set database path to: C:\Users\USER\.stmcufinder\plugins\mcufinder//mcu/cs/
2026-02-22 00:28:17,349 [INFO] RulesReader:64 - Compatibility file has been processed (317 Rules)
2026-02-22 00:28:17,407 [INFO] DbMcusXml:78 - Set database path to: C:\ST\STM32CubeIDE_1.19.0\STM32CubeIDE\plugins\com.st.stm32cube.common.mx_6.15.0.202507011659\\db\/mcu/
2026-02-22 00:28:17,407 [INFO] ApiDb:274 - Set plugin database path to: C:\ST\STM32CubeIDE_1.19.0\STM32CubeIDE\plugins\com.st.stm32cube.common.mx_6.15.0.202507011659\\db\/plugins/boardmanager/
2026-02-22 00:28:17,407 [INFO] ApiDb:261 - Set plugin images path to: C:\ST\STM32CubeIDE_1.19.0\STM32CubeIDE\plugins\com.st.stm32cube.common.mx_6.15.0.202507011659\\db\/plugins/mcufinder/images/
2026-02-22 00:28:17,407 [WARN] DbFile:41 - Overriding database path with different value: C:\Users\USER\.stmcufinder\plugins\mcufinder/ => C:\Users\USER\.stmcufinder\plugins\mcufinder
2026-02-22 00:28:17,407 [INFO] ApiDb:250 - Set database path to: C:\Users\USER\.stmcufinder\plugins\mcufinder//mcu/
2026-02-22 00:28:17,407 [WARN] DbFile:41 - Overriding database path with different value: C:\Users\USER\.stmcufinder\plugins\mcufinder/ => C:\Users\USER\.stmcufinder\plugins\mcufinder
2026-02-22 00:28:17,407 [INFO] DbMcusAds:125 - Set database path to: C:\Users\USER\.stmcufinder\plugins\mcufinder//mcu/
2026-02-22 00:28:17,407 [WARN] DbFile:41 - Overriding database path with different value: C:\Users\USER\.stmcufinder\plugins\mcufinder/ => C:\Users\USER\.stmcufinder\plugins\mcufinder
2026-02-22 00:28:17,407 [WARN] DbFile:41 - Overriding database path with different value: C:\Users\USER\.stmcufinder\plugins\mcufinder/ => C:\Users\USER\.stmcufinder\plugins\mcufinder
2026-02-22 00:28:17,407 [INFO] CrossReferenceDbSqlite:203 - Set database path to: C:\Users\USER\.stmcufinder\plugins\mcufinder//mcu/cs/
2026-02-22 00:28:17,458 [INFO] MainPanel:274 - HeapMemory: 268435456
2026-02-22 00:28:17,514 [INFO] DbMcusXml:78 - Set database path to: C:\ST\STM32CubeIDE_1.19.0\STM32CubeIDE\plugins\com.st.stm32cube.common.mx_6.15.0.202507011659\\db\/mcu/
2026-02-22 00:28:17,514 [INFO] ApiDb:274 - Set plugin database path to: C:\ST\STM32CubeIDE_1.19.0\STM32CubeIDE\plugins\com.st.stm32cube.common.mx_6.15.0.202507011659\\db\/plugins/boardmanager/
2026-02-22 00:28:17,514 [INFO] ApiDb:261 - Set plugin images path to: C:\ST\STM32CubeIDE_1.19.0\STM32CubeIDE\plugins\com.st.stm32cube.common.mx_6.15.0.202507011659\\db\/plugins/mcufinder/images/
2026-02-22 00:28:17,515 [WARN] DbFile:41 - Overriding database path with different value: C:\Users\USER\.stmcufinder\plugins\mcufinder/ => C:\Users\USER\.stmcufinder\plugins\mcufinder
2026-02-22 00:28:17,515 [INFO] ApiDb:250 - Set database path to: C:\Users\USER\.stmcufinder\plugins\mcufinder//mcu/
2026-02-22 00:28:17,515 [WARN] DbFile:41 - Overriding database path with different value: C:\Users\USER\.stmcufinder\plugins\mcufinder/ => C:\Users\USER\.stmcufinder\plugins\mcufinder
2026-02-22 00:28:17,515 [INFO] DbMcusAds:125 - Set database path to: C:\Users\USER\.stmcufinder\plugins\mcufinder//mcu/
2026-02-22 00:28:17,515 [WARN] DbFile:41 - Overriding database path with different value: C:\Users\USER\.stmcufinder\plugins\mcufinder/ => C:\Users\USER\.stmcufinder\plugins\mcufinder
2026-02-22 00:28:17,515 [WARN] DbFile:41 - Overriding database path with different value: C:\Users\USER\.stmcufinder\plugins\mcufinder/ => C:\Users\USER\.stmcufinder\plugins\mcufinder
2026-02-22 00:28:17,515 [INFO] CrossReferenceDbSqlite:203 - Set database path to: C:\Users\USER\.stmcufinder\plugins\mcufinder//mcu/cs/
2026-02-22 00:28:17,529 [INFO] ApplicationProperties:184 - Using Application install path: C:\ST\STM32CubeIDE_1.19.0\STM32CubeIDE\plugins\com.st.stm32cube.common.mx_6.15.0.202507011659
2026-02-22 00:28:17,530 [INFO] PluginManage:196 - Search for loadable plugins [exclusion list=, ]
2026-02-22 00:28:17,530 [INFO] PluginManage:310 - Check plugin analytics
2026-02-22 00:28:17,665 [INFO] AnalyticsPlugin:253 - Accepted Software Licenses: 
2026-02-22 00:28:17,665 [INFO] AnalyticsPlugin:255 - Accepted CMSIS Pack Licenses: 
2026-02-22 00:28:17,667 [INFO] AnalyticsPlugin:257 - Accepted Firmware Licenses: FW.F4.1.28.0
2026-02-22 00:28:17,668 [INFO] PluginManage:359 - Loaded plugin analytics (category:tool,tabindex:-1)
2026-02-22 00:28:17,669 [INFO] PluginManage:310 - Check plugin cadmodel
2026-02-22 00:28:17,671 [INFO] CADModel:105 - Init CAD model plugin
2026-02-22 00:28:17,671 [INFO] PluginManage:359 - Loaded plugin cadmodel (category:power,tabindex:5)
2026-02-22 00:28:17,672 [INFO] PluginManage:310 - Check plugin clock
2026-02-22 00:28:17,677 [INFO] PluginManage:359 - Loaded plugin clock (category:base,tabindex:2)
2026-02-22 00:28:17,677 [INFO] PluginManage:310 - Check plugin ddr
2026-02-22 00:28:17,679 [INFO] PluginManage:359 - Loaded plugin ddr (category:tool,tabindex:6)
2026-02-22 00:28:17,679 [INFO] PluginManage:310 - Check plugin filemanager
2026-02-22 00:28:17,826 [INFO] PluginManage:359 - Loaded plugin filemanager (category:base,tabindex:10)
2026-02-22 00:28:17,826 [INFO] PluginManage:310 - Check plugin ipmanager
2026-02-22 00:28:17,832 [INFO] PluginManage:359 - Loaded plugin ipmanager (category:base,tabindex:5)
2026-02-22 00:28:17,832 [INFO] PluginManage:310 - Check plugin lpbam
2026-02-22 00:28:17,838 [INFO] PluginManage:359 - Loaded plugin lpbam (category:base,tabindex:0)
2026-02-22 00:28:17,838 [INFO] PluginManage:310 - Check plugin memorymap
2026-02-22 00:28:17,846 [INFO] PluginManage:359 - Loaded plugin memorymap (category:base,tabindex:4)
2026-02-22 00:28:17,847 [INFO] PluginManage:310 - Check plugin pinoutandconfiguration
2026-02-22 00:28:17,851 [INFO] PluginManage:359 - Loaded plugin pinoutandconfiguration (category:base,tabindex:1)
2026-02-22 00:28:17,851 [INFO] PluginManage:310 - Check plugin pinoutconfig
2026-02-22 00:28:17,913 [WARN] SupportedApi:132 - Cannot load RTOS API schema: s4s-elt-must-match.1: The content of 'definitions' must match (annotation?, (simpleType | complexType)?, (unique | key | keyref)*)). A problem was found starting at: attribute.
2026-02-22 00:28:18,012 [INFO] PluginManage:359 - Loaded plugin pinoutconfig (category:base,tabindex:0)
2026-02-22 00:28:18,012 [INFO] PluginManage:310 - Check plugin power
2026-02-22 00:28:18,018 [INFO] PluginManage:359 - Loaded plugin power (category:power,tabindex:4)
2026-02-22 00:28:18,018 [INFO] PluginManage:310 - Check plugin projectmanager
2026-02-22 00:28:18,029 [INFO] PluginManage:359 - Loaded plugin projectmanager (category:projectmanager,tabindex:4)
2026-02-22 00:28:18,029 [INFO] PluginManage:310 - Check plugin rif
2026-02-22 00:28:18,035 [INFO] PluginManage:359 - Loaded plugin rif (category:base,tabindex:3)
2026-02-22 00:28:18,035 [INFO] PluginManage:310 - Check plugin thirdparty
2026-02-22 00:28:18,121 [INFO] PluginManage:359 - Loaded plugin thirdparty (category:base,tabindex:-1)
2026-02-22 00:28:18,121 [INFO] PluginManage:310 - Check plugin tools
2026-02-22 00:28:18,121 [WARN] IntegrityCheckThread:84 - waiting for thirdparty lock release [integrity check]
2026-02-22 00:28:18,121 [INFO] IntegrityCheckThread:86 - entering critical section [integrity check]
2026-02-22 00:28:18,121 [INFO] ThirdPartyUpdaterWithRetryManager:70 - Updater plugin not ready yet. [1/15]
2026-02-22 00:28:18,124 [INFO] PluginManage:359 - Loaded plugin tools (category:base,tabindex:7)
2026-02-22 00:28:18,124 [INFO] PluginManage:310 - Check plugin tutovideos
2026-02-22 00:28:18,255 [INFO] PluginManage:359 - Loaded plugin tutovideos (category:base,tabindex:-1)
2026-02-22 00:28:18,255 [INFO] PluginManage:310 - Check plugin updater
2026-02-22 00:28:18,269 [INFO] PluginManage:359 - Loaded plugin updater (category:base,tabindex:12)
2026-02-22 00:28:18,269 [INFO] PluginManage:310 - Check plugin userauth
2026-02-22 00:28:18,271 [INFO] UserAuth:118 - Init User Auth plugin
2026-02-22 00:28:18,272 [INFO] PluginManage:359 - Loaded plugin userauth (category:base,tabindex:14)
2026-02-22 00:28:18,272 [INFO] PluginManage:283 - PluginManage : Loaded plugins [18]
2026-02-22 00:28:18,407 [INFO] PinOutPanel:1589 - setPackage(No Configuration,No Configuration)
2026-02-22 00:28:18,465 [INFO] CADModel:165 - CPN selected for project level
2026-02-22 00:28:18,465 [INFO] CADModel:114 - Register for checkConnection events
2026-02-22 00:28:18,476 [INFO] IPUIPlugin:80 - create IPUIPlugin
2026-02-22 00:28:18,477 [INFO] PluginManager:220 - loadIPPluginJar : add adc
2026-02-22 00:28:18,479 [INFO] IPUIPlugin:80 - create IPUIPlugin
2026-02-22 00:28:18,479 [INFO] PluginManager:220 - loadIPPluginJar : add aes
2026-02-22 00:28:18,480 [INFO] IPUIPlugin:80 - create IPUIPlugin
2026-02-22 00:28:18,481 [INFO] PluginManager:220 - loadIPPluginJar : add can
2026-02-22 00:28:18,482 [INFO] IPUIPlugin:80 - create IPUIPlugin
2026-02-22 00:28:18,482 [INFO] PluginManager:220 - loadIPPluginJar : add comp
2026-02-22 00:28:18,483 [INFO] IPUIPlugin:80 - create IPUIPlugin
2026-02-22 00:28:18,483 [INFO] PluginManager:220 - loadIPPluginJar : add cryp
2026-02-22 00:28:18,486 [INFO] IPUIPlugin:80 - create IPUIPlugin
2026-02-22 00:28:18,486 [INFO] PluginManager:220 - loadIPPluginJar : add ddr_ctrl_phy
2026-02-22 00:28:18,487 [INFO] IPUIPlugin:80 - create IPUIPlugin
2026-02-22 00:28:18,487 [INFO] PluginManager:220 - loadIPPluginJar : add dfsdm
2026-02-22 00:28:18,490 [INFO] IPUIPlugin:80 - create IPUIPlugin
2026-02-22 00:28:18,491 [INFO] PluginManager:220 - loadIPPluginJar : add dma
2026-02-22 00:28:18,492 [INFO] IPUIPlugin:80 - create IPUIPlugin
2026-02-22 00:28:18,492 [INFO] PluginManager:220 - loadIPPluginJar : add dma3
2026-02-22 00:28:18,494 [INFO] IPUIPlugin:80 - create IPUIPlugin
2026-02-22 00:28:18,494 [INFO] PluginManager:220 - loadIPPluginJar : add extmemmanager
2026-02-22 00:28:18,495 [INFO] IPUIPlugin:80 - create IPUIPlugin
2026-02-22 00:28:18,495 [INFO] PluginManager:220 - loadIPPluginJar : add fatfs
2026-02-22 00:28:18,499 [INFO] IPUIPlugin:80 - create IPUIPlugin
2026-02-22 00:28:18,499 [INFO] PluginManager:220 - loadIPPluginJar : add fmc
2026-02-22 00:28:18,502 [INFO] IPUIPlugin:80 - create IPUIPlugin
2026-02-22 00:28:18,502 [INFO] PluginManager:220 - loadIPPluginJar : add freertos
2026-02-22 00:28:18,503 [INFO] IPUIPlugin:80 - create IPUIPlugin
2026-02-22 00:28:18,503 [INFO] PluginManager:220 - loadIPPluginJar : add genericplugin
2026-02-22 00:28:18,504 [INFO] IPUIPlugin:80 - create IPUIPlugin
2026-02-22 00:28:18,504 [INFO] PluginManager:220 - loadIPPluginJar : add gfxmmu
2026-02-22 00:28:18,508 [INFO] IPUIPlugin:80 - create IPUIPlugin
2026-02-22 00:28:18,508 [INFO] PluginManager:220 - loadIPPluginJar : add gic
2026-02-22 00:28:18,510 [INFO] IPUIPlugin:80 - create IPUIPlugin
2026-02-22 00:28:18,510 [INFO] PluginManager:220 - loadIPPluginJar : add gpio
2026-02-22 00:28:18,513 [INFO] IPUIPlugin:80 - create IPUIPlugin
2026-02-22 00:28:18,514 [INFO] PluginManager:220 - loadIPPluginJar : add gtzc
2026-02-22 00:28:18,515 [INFO] IPUIPlugin:80 - create IPUIPlugin
2026-02-22 00:28:18,515 [INFO] PluginManager:220 - loadIPPluginJar : add hash
2026-02-22 00:28:18,517 [INFO] IPUIPlugin:80 - create IPUIPlugin
2026-02-22 00:28:18,517 [INFO] PluginManager:220 - loadIPPluginJar : add i2c
2026-02-22 00:28:18,518 [INFO] IPUIPlugin:80 - create IPUIPlugin
2026-02-22 00:28:18,518 [INFO] PluginManager:220 - loadIPPluginJar : add i2s
2026-02-22 00:28:18,520 [INFO] IPUIPlugin:80 - create IPUIPlugin
2026-02-22 00:28:18,520 [INFO] PluginManager:220 - loadIPPluginJar : add i3c
2026-02-22 00:28:18,522 [INFO] IPUIPlugin:80 - create IPUIPlugin
2026-02-22 00:28:18,522 [INFO] PluginManager:220 - loadIPPluginJar : add ipddr
2026-02-22 00:28:18,526 [INFO] IPUIPlugin:80 - create IPUIPlugin
2026-02-22 00:28:18,527 [INFO] PluginManager:220 - loadIPPluginJar : add linkedlist
2026-02-22 00:28:18,528 [INFO] IPUIPlugin:80 - create IPUIPlugin
2026-02-22 00:28:18,530 [INFO] PluginManager:220 - loadIPPluginJar : add lorawan
2026-02-22 00:28:18,530 [INFO] IPUIPlugin:80 - create IPUIPlugin
2026-02-22 00:28:18,531 [INFO] PluginManager:220 - loadIPPluginJar : add ltdc
2026-02-22 00:28:18,534 [INFO] IPUIPlugin:80 - create IPUIPlugin
2026-02-22 00:28:18,534 [INFO] PluginManager:220 - loadIPPluginJar : add mdma
2026-02-22 00:28:18,536 [INFO] IPUIPlugin:80 - create IPUIPlugin
2026-02-22 00:28:18,536 [INFO] PluginManager:220 - loadIPPluginJar : add nvic
2026-02-22 00:28:18,537 [INFO] IPUIPlugin:80 - create IPUIPlugin
2026-02-22 00:28:18,538 [INFO] PluginManager:220 - loadIPPluginJar : add opamp
2026-02-22 00:28:18,540 [INFO] IPUIPlugin:80 - create IPUIPlugin
2026-02-22 00:28:18,540 [INFO] PluginManager:220 - loadIPPluginJar : add openamp
2026-02-22 00:28:18,542 [INFO] IPUIPlugin:80 - create IPUIPlugin
2026-02-22 00:28:18,542 [INFO] PluginManager:220 - loadIPPluginJar : add pdm2pcm
2026-02-22 00:28:18,547 [INFO] IPUIPlugin:80 - create IPUIPlugin
2026-02-22 00:28:18,548 [INFO] PluginManager:220 - loadIPPluginJar : add plateformsettings
2026-02-22 00:28:18,548 [INFO] IPUIPlugin:80 - create IPUIPlugin
2026-02-22 00:28:18,548 [INFO] PluginManager:220 - loadIPPluginJar : add quadspi
2026-02-22 00:28:18,549 [INFO] IPUIPlugin:80 - create IPUIPlugin
2026-02-22 00:28:18,550 [INFO] PluginManager:220 - loadIPPluginJar : add radio
2026-02-22 00:28:18,552 [INFO] IPUIPlugin:80 - create IPUIPlugin
2026-02-22 00:28:18,552 [INFO] PluginManager:220 - loadIPPluginJar : add resmgrutility
2026-02-22 00:28:18,554 [INFO] IPUIPlugin:80 - create IPUIPlugin
2026-02-22 00:28:18,554 [INFO] PluginManager:220 - loadIPPluginJar : add sai
2026-02-22 00:28:18,556 [INFO] IPUIPlugin:80 - create IPUIPlugin
2026-02-22 00:28:18,556 [INFO] PluginManager:220 - loadIPPluginJar : add spi
2026-02-22 00:28:18,558 [INFO] IPUIPlugin:80 - create IPUIPlugin
2026-02-22 00:28:18,558 [INFO] PluginManager:220 - loadIPPluginJar : add stm32_wpan
2026-02-22 00:28:18,559 [INFO] IPUIPlugin:80 - create IPUIPlugin
2026-02-22 00:28:18,560 [INFO] PluginManager:220 - loadIPPluginJar : add tim
2026-02-22 00:28:18,563 [INFO] IPUIPlugin:80 - create IPUIPlugin
2026-02-22 00:28:18,563 [INFO] PluginManager:220 - loadIPPluginJar : add touchsensing
2026-02-22 00:28:18,565 [INFO] IPUIPlugin:80 - create IPUIPlugin
2026-02-22 00:28:18,565 [INFO] PluginManager:220 - loadIPPluginJar : add tracer_emb
2026-02-22 00:28:18,566 [INFO] IPUIPlugin:80 - create IPUIPlugin
2026-02-22 00:28:18,566 [INFO] PluginManager:220 - loadIPPluginJar : add ts
2026-02-22 00:28:18,567 [INFO] IPUIPlugin:80 - create IPUIPlugin
2026-02-22 00:28:18,567 [INFO] PluginManager:220 - loadIPPluginJar : add tsc
2026-02-22 00:28:18,569 [INFO] IPUIPlugin:80 - create IPUIPlugin
2026-02-22 00:28:18,569 [INFO] PluginManager:220 - loadIPPluginJar : add ucpd
2026-02-22 00:28:18,571 [INFO] IPUIPlugin:80 - create IPUIPlugin
2026-02-22 00:28:18,571 [INFO] PluginManager:220 - loadIPPluginJar : add usart
2026-02-22 00:28:18,574 [INFO] IPUIPlugin:80 - create IPUIPlugin
2026-02-22 00:28:18,574 [INFO] PluginManager:220 - loadIPPluginJar : add usbx
2026-02-22 00:28:18,687 [FATAL] Updater:351 - Updater called before beeing initialized
2026-02-22 00:28:18,717 [INFO] RulesReader:64 - Compatibility file has been processed (317 Rules)
2026-02-22 00:28:18,724 [INFO] RulesReader:64 - Compatibility file has been processed (317 Rules)
2026-02-22 00:28:18,731 [INFO] CADModel:165 - CPN selected for project level
2026-02-22 00:28:18,731 [INFO] CADModel:114 - Register for checkConnection events
2026-02-22 00:28:18,731 [FATAL] Updater:351 - Updater called before beeing initialized
2026-02-22 00:28:18,731 [ERROR] CADModel:125 - Updater not yet initialized, retry later 
2026-02-22 00:28:18,828 [FATAL] Updater:351 - Updater called before beeing initialized
2026-02-22 00:28:18,830 [INFO] CADModel:165 - CPN selected for project level
2026-02-22 00:28:18,830 [INFO] CADModel:114 - Register for checkConnection events
2026-02-22 00:28:18,830 [FATAL] Updater:351 - Updater called before beeing initialized
2026-02-22 00:28:18,830 [ERROR] CADModel:125 - Updater not yet initialized, retry later 
2026-02-22 00:28:18,832 [FATAL] Updater:351 - Updater called before beeing initialized
2026-02-22 00:28:18,905 [FATAL] Updater:351 - Updater called before beeing initialized
2026-02-22 00:28:18,909 [INFO] DbMcusAds:53 - JSON generation date=Wed Feb 18 23:32:49 KST 2026 (1771425169371)
2026-02-22 00:28:18,909 [FATAL] Updater:351 - Updater called before beeing initialized
2026-02-22 00:28:18,936 [WARN] DetailPanel:346 - Failed to get advertising image, set to default
2026-02-22 00:28:19,003 [FATAL] Updater:351 - Updater called before beeing initialized
2026-02-22 00:28:19,005 [FATAL] Updater:351 - Updater called before beeing initialized
2026-02-22 00:28:19,005 [FATAL] Updater:351 - Updater called before beeing initialized
2026-02-22 00:28:19,005 [WARN] DetailPanel:346 - Failed to get advertising image, set to default
2026-02-22 00:28:19,006 [FATAL] Updater:351 - Updater called before beeing initialized
2026-02-22 00:28:19,040 [ERROR] Updater:1198 - MainUpdater not yet initialized. External WinMGr cannot be set.
2026-02-22 00:28:19,042 [INFO] Updater:1134 - Updater Version found : 6.15.0
2026-02-22 00:28:19,054 [INFO] ApplicationProperties:184 - Using Application install path: C:\ST\STM32CubeIDE_1.19.0\STM32CubeIDE\plugins\com.st.stm32cube.common.mx_6.15.0.202507011659
2026-02-22 00:28:20,648 [ERROR] LogOutputStream:75 - [STDERR_REDIRECT] Feb 22, 2026 12:28:20 AM java.util.prefs.WindowsPreferences <init>
2026-02-22 00:28:20,649 [ERROR] LogOutputStream:75 - [STDERR_REDIRECT] WARNING: Could not open/create prefs root node Software\JavaSoft\Prefs at root 0xffffffff80000002. Windows RegCreateKeyEx(...) returned error code 5.
2026-02-22 00:28:20,649 [ERROR] LogOutputStream:75 - [STDERR_REDIRECT] 
2026-02-22 00:28:21,123 [INFO] ThirdPartyUpdaterWithRetryManager:70 - Updater plugin not ready yet. [2/15]
2026-02-22 00:28:21,339 [INFO] MainUpdater:2872 - connection check result : 10
2026-02-22 00:28:21,339 [INFO] MainUpdater:289 - Updater Check For Update Now.
2026-02-22 00:28:21,339 [INFO] MicroXplorer:498 - Change Database Version : DB.6.0.150
2026-02-22 00:28:21,343 [INFO] McuFinderGlobals:63 - Set McuFinder mode to 2 (CubeIDE integrated)
2026-02-22 00:28:21,343 [INFO] UserAuth:487 - Internet connection configuration mode: 1
2026-02-22 00:28:21,357 [INFO] JxBrowserEngine:152 - Initiate JxBrowser Engine with user profile folder
2026-02-22 00:28:21,512 [INFO] CheckServerUpdateThread:120 - End of CheckServer Thread
2026-02-22 00:28:21,802 [INFO] WebApp:169 - Instantiating new browser for Auth
2026-02-22 00:28:22,322 [INFO] WebApp:463 - Apply proxy settings
2026-02-22 00:28:22,322 [INFO] WebApp:548 - Chromium requires no authentication
2026-02-22 00:28:22,328 [INFO] WebApp:491 - Direct internet connection detected
2026-02-22 00:28:22,347 [INFO] WebApp:900 - Register for checkConnection events
2026-02-22 00:28:22,347 [INFO] WebApp:463 - Apply proxy settings
2026-02-22 00:28:22,347 [INFO] WebApp:548 - Chromium requires no authentication
2026-02-22 00:28:22,348 [INFO] WebApp:491 - Direct internet connection detected
2026-02-22 00:28:22,482 [INFO] WebApp:225 - Starting web application
2026-02-22 00:28:22,482 [INFO] WebApp:593 - Web application path used C:\ST\STM32CubeIDE_1.19.0\STM32CubeIDE\plugins\com.st.stm32cube.common.mx_6.15.0.202507011659\db\plugins\mcufinder\reactClient1\index.html
2026-02-22 00:28:22,545 [INFO] UserAuth:487 - Internet connection configuration mode: 1
2026-02-22 00:28:22,597 [ERROR] LogOutputStream:75 - [STDERR_REDIRECT] [Fatal Error] :1:1: Premature end of file.
2026-02-22 00:28:22,597 [ERROR] LogOutputStream:75 - [STDERR_REDIRECT] 
2026-02-22 00:28:23,586 [ERROR] LogOutputStream:75 - [STDERR_REDIRECT] [Fatal Error] :1:1: Premature end of file.
2026-02-22 00:28:23,586 [ERROR] LogOutputStream:75 - [STDERR_REDIRECT] 
2026-02-22 00:28:24,232 [INFO] WebApp:191 - Connection restablished
2026-02-22 00:28:24,323 [WARN] PackLoader:240 - Cannot read IP mode file for STMicroelectronics.FP-SNS-MOTENVWB1.1.4.0
2026-02-22 00:28:24,330 [WARN] PackLoader:240 - Cannot read IP mode file for STMicroelectronics.FP-ATR-ASTRA1.2.0.2
2026-02-22 00:28:24,338 [WARN] PackLoader:240 - Cannot read IP mode file for STMicroelectronics.X-CUBE-SMBUS.2.1.0
2026-02-22 00:28:24,376 [WARN] PackLoader:240 - Cannot read IP mode file for STMicroelectronics.X-CUBE-AZRTOS-F7.1.1.0
2026-02-22 00:28:24,385 [WARN] PackLoader:240 - Cannot read IP mode file for STMicroelectronics.FP-SNS-MOTENV1.5.1.0
2026-02-22 00:28:24,393 [WARN] PackLoader:240 - Cannot read IP mode file for WES.I-CUBE-Cesium.1.4.0
2026-02-22 00:28:24,416 [WARN] PackLoader:240 - Cannot read IP mode file for STMicroelectronics.X-CUBE-AZRTOS-H7.3.4.0
2026-02-22 00:28:24,424 [WARN] PackLoader:240 - Cannot read IP mode file for STMicroelectronics.X-CUBE-DISPLAY.3.0.0
2026-02-22 00:28:24,434 [WARN] PackLoader:240 - Cannot read IP mode file for STMicroelectronics.X-CUBE-NFC10.1.0.0
2026-02-22 00:28:24,439 [WARN] PackLoader:240 - Cannot read IP mode file for STMicroelectronics.X-CUBE-ST60.1.1.0
2026-02-22 00:28:24,443 [WARN] PackLoader:240 - Cannot read IP mode file for emotas.I-CUBE-CANOPEN.1.3.0
2026-02-22 00:28:24,449 [WARN] PackLoader:240 - Cannot read IP mode file for STMicroelectronics.X-CUBE-GNSS1.7.1.0
2026-02-22 00:28:24,454 [WARN] PackLoader:240 - Cannot read IP mode file for STMicroelectronics.FP-SNS-STBOX1.2.1.0
2026-02-22 00:28:24,459 [WARN] PackLoader:240 - Cannot read IP mode file for STMicroelectronics.FP-SNS-SMARTAG2.1.2.0
2026-02-22 00:28:24,461 [WARN] PackLoader:240 - Cannot read IP mode file for STMicroelectronics.FP-SNS-FLIGHT1.5.1.0
2026-02-22 00:28:24,467 [INFO] LogOutputStream:77 - [STDOUT_REDIRECT] 1 : Invalid condition id : UX_CORESTACK_Condition cause : null
2026-02-22 00:28:24,468 [INFO] LogOutputStream:77 - [STDOUT_REDIRECT] 1 : Invalid condition id : UX_CORESTACK_Condition cause : null
2026-02-22 00:28:24,469 [INFO] LogOutputStream:77 - [STDOUT_REDIRECT] 1 : Invalid condition id : UX_CORESTACK_Condition cause : null
2026-02-22 00:28:24,470 [INFO] LogOutputStream:77 - [STDOUT_REDIRECT] 1 : Invalid condition id : UX_CORESTACK_Condition cause : null
2026-02-22 00:28:24,471 [INFO] LogOutputStream:77 - [STDOUT_REDIRECT] 1 : Invalid condition id : UX_CORESTACK_Condition cause : null
2026-02-22 00:28:24,474 [WARN] PackLoader:240 - Cannot read IP mode file for STMicroelectronics.X-CUBE-AZRTOS-WL.2.0.0
2026-02-22 00:28:24,490 [WARN] PackLoader:240 - Cannot read IP mode file for STMicroelectronics.X-CUBE-AZRTOS-H7RS.1.2.0
2026-02-22 00:28:24,504 [WARN] PackLoader:240 - Cannot read IP mode file for STMicroelectronics.X-CUBE-BLE2.3.3.0
2026-02-22 00:28:24,533 [WARN] PackLoader:240 - Cannot read IP mode file for Infineon.AIROC-Wi-Fi-Bluetooth-STM32.1.8.0
2026-02-22 00:28:24,541 [WARN] PackLoader:240 - Cannot read IP mode file for STMicroelectronics.X-CUBE-NFC9.1.0.0
2026-02-22 00:28:24,545 [WARN] PackLoader:240 - Cannot read IP mode file for STMicroelectronics.X-CUBE-BLE1.7.1.0
2026-02-22 00:28:24,548 [WARN] PackLoader:240 - Cannot read IP mode file for wolfSSL.I-CUBE-wolfMQTT.1.19.2
2026-02-22 00:28:24,553 [WARN] PackLoader:240 - Cannot read IP mode file for STMicroelectronics.X-CUBE-FREERTOS.1.4.0
2026-02-22 00:28:24,557 [WARN] PackLoader:240 - Cannot read IP mode file for STMicroelectronics.X-CUBE-EEPRMA1.5.2.0
2026-02-22 00:28:24,561 [WARN] PackLoader:240 - Cannot read IP mode file for wolfSSL.I-CUBE-wolfSSL.5.8.4
2026-02-22 00:28:24,564 [WARN] PackLoader:240 - Cannot read IP mode file for Cesanta.I-CUBE-Mongoose.7.20.0
2026-02-22 00:28:24,587 [ERROR] LogOutputStream:75 - [STDERR_REDIRECT] [Fatal Error] :1:1: Premature end of file.
2026-02-22 00:28:24,587 [ERROR] LogOutputStream:75 - [STDERR_REDIRECT] 
2026-02-22 00:28:24,599 [WARN] PackLoader:240 - Cannot read IP mode file for STMicroelectronics.X-CUBE-MEMS1.12.0.0
2026-02-22 00:28:24,679 [WARN] PackLoader:240 - Cannot read IP mode file for STMicroelectronics.X-CUBE-AZRTOS-G0.1.1.0
2026-02-22 00:28:24,685 [WARN] PackLoader:240 - Cannot read IP mode file for STMicroelectronics.X-CUBE-NFC4.3.0.0
2026-02-22 00:28:24,695 [WARN] PackLoader:240 - Cannot read IP mode file for EmbeddedOffice.I-CUBE-FS-RTOS.1.0.1
2026-02-22 00:28:24,703 [WARN] PackLoader:240 - Cannot read IP mode file for STMicroelectronics.X-CUBE-WB05N.2.0.0
2026-02-22 00:28:24,707 [WARN] PackLoader:240 - Cannot read IP mode file for wolfSSL.I-CUBE-wolfTPM.3.8.0
2026-02-22 00:28:24,714 [WARN] PackLoader:240 - Cannot read IP mode file for STMicroelectronics.X-CUBE-TCPP.4.2.0
2026-02-22 00:28:24,721 [WARN] PackLoader:240 - Cannot read IP mode file for RealThread.X-CUBE-RT-Thread_Nano.4.1.1
2026-02-22 00:28:24,725 [WARN] PackLoader:240 - Cannot read IP mode file for STMicroelectronics.FP-ATR-SIGFOX1.3.2.0
2026-02-22 00:28:24,732 [WARN] PackLoader:240 - Cannot read IP mode file for ITTIA_DB.I-CUBE-ITTIADB.8.9.0
2026-02-22 00:28:24,759 [WARN] PackLoader:240 - Cannot read IP mode file for STMicroelectronics.X-CUBE-NFC6.3.2.0
2026-02-22 00:28:24,768 [WARN] PackLoader:240 - Cannot read IP mode file for STMicroelectronics.X-CUBE-AI.10.2.0
2026-02-22 00:28:24,796 [WARN] PackLoader:240 - Cannot read IP mode file for SEGGER.I-CUBE-embOS.1.3.1
2026-02-22 00:28:24,832 [WARN] PackLoader:240 - Cannot read IP mode file for STMicroelectronics.X-CUBE-ALGOBUILD.1.4.0
2026-02-22 00:28:24,834 [WARN] PackLoader:240 - Cannot read IP mode file for STMicroelectronics.X-CUBE-PM33A1.1.0.0
2026-02-22 00:28:24,846 [WARN] PackLoader:240 - Cannot read IP mode file for STMicroelectronics.X-CUBE-AZRTOS-F4.1.1.0
2026-02-22 00:28:24,850 [WARN] PackLoader:240 - Cannot read IP mode file for STMicroelectronics.X-CUBE-ISPU.2.1.0
2026-02-22 00:28:24,859 [WARN] PackLoader:240 - Cannot read IP mode file for STMicroelectronics.X-CUBE-IPS.3.2.0
2026-02-22 00:28:24,870 [WARN] PackLoader:240 - Cannot read IP mode file for STMicroelectronics.X-CUBE-NFC12.1.0.0
2026-02-22 00:28:24,883 [WARN] PackLoader:240 - Cannot read IP mode file for STMicroelectronics.X-CUBE-AZRTOS-L5.2.0.0
2026-02-22 00:28:24,888 [WARN] PackLoader:240 - Cannot read IP mode file for STMicroelectronics.X-CUBE-TOUCHGFX.4.26.0
2026-02-22 00:28:24,891 [WARN] PackLoader:240 - Cannot read IP mode file for STMicroelectronics.FP-SNS-STAIOTCFT.1.0.0
2026-02-22 00:28:24,895 [WARN] PackLoader:240 - Cannot read IP mode file for STMicroelectronics.X-CUBE-DPower.1.3.0
2026-02-22 00:28:24,905 [WARN] ConditionMgr:438 - getConditionDescription Invalid condition id : LAN8742 Phy interface Condition cause : null
2026-02-22 00:28:24,905 [WARN] PackLoader:240 - Cannot read IP mode file for STMicroelectronics.X-CUBE-AZRTOS-L4.2.0.0
2026-02-22 00:28:24,906 [WARN] ConditionMgr:1044 - genDependencies : Invalid condition id : LAN8742 Phy interface Condition cause : null
2026-02-22 00:28:24,906 [WARN] ConditionMgr:1044 - genDependencies : Invalid condition id : LAN8742 Phy interface Condition cause : null
2026-02-22 00:28:24,906 [WARN] ConditionMgr:1044 - genDependencies : Invalid condition id : LAN8742 Phy interface Condition cause : null
2026-02-22 00:28:24,910 [WARN] PackLoader:240 - Cannot read IP mode file for STMicroelectronics.X-CUBE-SFXS2LP1.4.0.0
2026-02-22 00:28:24,915 [WARN] PackLoader:240 - Cannot read IP mode file for STMicroelectronics.X-CUBE-ST67W61.1.2.0
2026-02-22 00:28:24,925 [WARN] PackLoader:240 - Cannot read IP mode file for STMicroelectronics.X-CUBE-BLEMGR.4.1.0
2026-02-22 00:28:24,935 [WARN] ConditionMgr:438 - getConditionDescription Invalid condition id : UX DEVICE CLASS RTOS Condition cause : null
2026-02-22 00:28:24,935 [WARN] ConditionMgr:438 - getConditionDescription Invalid condition id : UX DEVICE CLASS RTOS Condition cause : null
2026-02-22 00:28:24,936 [WARN] PackLoader:240 - Cannot read IP mode file for STMicroelectronics.X-CUBE-AZRTOS-WB.2.0.0
2026-02-22 00:28:24,937 [WARN] ConditionMgr:1044 - genDependencies : Invalid condition id : UX DEVICE CLASS RTOS Condition cause : null
2026-02-22 00:28:24,937 [WARN] ConditionMgr:1044 - genDependencies : Invalid condition id : UX DEVICE CLASS RTOS Condition cause : null
2026-02-22 00:28:24,937 [WARN] ConditionMgr:1044 - genDependencies : Invalid condition id : UX DEVICE CLASS RTOS Condition cause : null
2026-02-22 00:28:24,937 [WARN] ConditionMgr:1044 - genDependencies : Invalid condition id : UX DEVICE CLASS RTOS Condition cause : null
2026-02-22 00:28:24,937 [WARN] ConditionMgr:1044 - genDependencies : Invalid condition id : UX DEVICE CLASS RTOS Condition cause : null
2026-02-22 00:28:24,940 [WARN] ConditionMgr:438 - getConditionDescription Invalid condition id : Cortex-A Device cause : null
2026-02-22 00:28:24,945 [WARN] ConditionMgr:1044 - genDependencies : Invalid condition id : Cortex-A Device cause : null
2026-02-22 00:28:24,945 [WARN] ConditionMgr:1044 - genDependencies : Invalid condition id : Cortex-A Device cause : null
2026-02-22 00:28:24,945 [WARN] ConditionMgr:1044 - genDependencies : Invalid condition id : Cortex-A Device cause : null
2026-02-22 00:28:24,948 [WARN] PackLoader:240 - Cannot read IP mode file for STMicroelectronics.X-CUBE-STSE01.2.0.0
2026-02-22 00:28:24,958 [WARN] PackLoader:240 - Cannot read IP mode file for STMicroelectronics.X-CUBE-SUBG2.5.0.0
2026-02-22 00:28:24,967 [WARN] PackLoader:240 - Cannot read IP mode file for STMicroelectronics.X-CUBE-AZRTOS-G4.2.0.0
2026-02-22 00:28:24,971 [WARN] PackLoader:240 - Cannot read IP mode file for wolfSSL.I-CUBE-wolfSSH.1.4.20
2026-02-22 00:28:24,975 [WARN] PackLoader:240 - Cannot read IP mode file for STMicroelectronics.X-CUBE-NFC7.2.0.0
2026-02-22 00:28:24,978 [WARN] PackLoader:240 - Cannot read IP mode file for STMicroelectronics.X-CUBE-ALS.1.0.2
2026-02-22 00:28:24,983 [WARN] PackLoader:240 - Cannot read IP mode file for STMicroelectronics.X-CUBE-TOF1.3.4.3
2026-02-22 00:28:24,990 [INFO] ThirdParty:978 - Integrity check success = true
2026-02-22 00:28:24,990 [INFO] IntegrityCheckThread:100 - exiting critical section [integrity check]
2026-02-22 00:28:24,991 [INFO] IntegrityCheckThread:103 - End integrity checks thread
2026-02-22 00:28:25,584 [ERROR] LogOutputStream:75 - [STDERR_REDIRECT] [Fatal Error] :1:1: Premature end of file.
2026-02-22 00:28:25,584 [ERROR] LogOutputStream:75 - [STDERR_REDIRECT] 
2026-02-22 00:28:26,592 [ERROR] LogOutputStream:75 - [STDERR_REDIRECT] [Fatal Error] :1:1: Premature end of file.
2026-02-22 00:28:26,593 [ERROR] LogOutputStream:75 - [STDERR_REDIRECT] 
2026-02-22 00:28:27,584 [ERROR] LogOutputStream:75 - [STDERR_REDIRECT] [Fatal Error] :1:1: Premature end of file.
2026-02-22 00:28:27,584 [ERROR] LogOutputStream:75 - [STDERR_REDIRECT] 
2026-02-22 00:28:28,596 [ERROR] LogOutputStream:75 - [STDERR_REDIRECT] [Fatal Error] :1:1: Premature end of file.
2026-02-22 00:28:28,597 [ERROR] LogOutputStream:75 - [STDERR_REDIRECT] 
2026-02-22 00:28:29,595 [ERROR] LogOutputStream:75 - [STDERR_REDIRECT] [Fatal Error] :1:1: Premature end of file.
2026-02-22 00:28:29,595 [ERROR] LogOutputStream:75 - [STDERR_REDIRECT] 
2026-02-22 00:28:30,586 [ERROR] LogOutputStream:75 - [STDERR_REDIRECT] [Fatal Error] :1:1: Premature end of file.
2026-02-22 00:28:30,586 [ERROR] LogOutputStream:75 - [STDERR_REDIRECT] 
2026-02-22 00:28:31,583 [ERROR] LogOutputStream:75 - [STDERR_REDIRECT] [Fatal Error] :1:1: Premature end of file.
2026-02-22 00:28:31,583 [ERROR] LogOutputStream:75 - [STDERR_REDIRECT] 
2026-02-22 00:28:32,583 [ERROR] LogOutputStream:75 - [STDERR_REDIRECT] [Fatal Error] :1:1: Premature end of file.
2026-02-22 00:28:32,585 [ERROR] LogOutputStream:75 - [STDERR_REDIRECT] 
2026-02-22 00:28:33,582 [ERROR] LogOutputStream:75 - [STDERR_REDIRECT] [Fatal Error] :1:1: Premature end of file.
2026-02-22 00:28:33,582 [ERROR] LogOutputStream:75 - [STDERR_REDIRECT] 
2026-02-22 00:28:34,593 [ERROR] LogOutputStream:75 - [STDERR_REDIRECT] [Fatal Error] :1:1: Premature end of file.
2026-02-22 00:28:34,594 [ERROR] LogOutputStream:75 - [STDERR_REDIRECT] 
2026-02-22 00:28:35,592 [ERROR] LogOutputStream:75 - [STDERR_REDIRECT] [Fatal Error] :1:1: Premature end of file.
2026-02-22 00:28:35,592 [ERROR] LogOutputStream:75 - [STDERR_REDIRECT] 
2026-02-22 00:28:36,582 [ERROR] LogOutputStream:75 - [STDERR_REDIRECT] [Fatal Error] :1:1: Premature end of file.
2026-02-22 00:28:36,584 [ERROR] LogOutputStream:75 - [STDERR_REDIRECT] 
2026-02-22 00:28:37,599 [ERROR] LogOutputStream:75 - [STDERR_REDIRECT] [Fatal Error] :1:1: Premature end of file.
2026-02-22 00:28:37,601 [ERROR] LogOutputStream:75 - [STDERR_REDIRECT] 
2026-02-22 00:28:38,583 [ERROR] LogOutputStream:75 - [STDERR_REDIRECT] [Fatal Error] :1:1: Premature end of file.
2026-02-22 00:28:38,583 [ERROR] LogOutputStream:75 - [STDERR_REDIRECT] 
2026-02-22 00:28:39,584 [ERROR] LogOutputStream:75 - [STDERR_REDIRECT] [Fatal Error] :1:1: Premature end of file.
2026-02-22 00:28:39,584 [ERROR] LogOutputStream:75 - [STDERR_REDIRECT] 
2026-02-22 00:28:40,583 [ERROR] LogOutputStream:75 - [STDERR_REDIRECT] [Fatal Error] :1:1: Premature end of file.
2026-02-22 00:28:40,584 [ERROR] LogOutputStream:75 - [STDERR_REDIRECT] 
2026-02-22 00:28:41,584 [ERROR] LogOutputStream:75 - [STDERR_REDIRECT] [Fatal Error] :1:1: Premature end of file.
2026-02-22 00:28:41,584 [ERROR] LogOutputStream:75 - [STDERR_REDIRECT] 
2026-02-22 00:28:42,584 [ERROR] LogOutputStream:75 - [STDERR_REDIRECT] [Fatal Error] :1:1: Premature end of file.
2026-02-22 00:28:42,584 [ERROR] LogOutputStream:75 - [STDERR_REDIRECT] 
2026-02-22 00:28:43,586 [ERROR] LogOutputStream:75 - [STDERR_REDIRECT] [Fatal Error] :1:1: Premature end of file.
2026-02-22 00:28:43,586 [ERROR] LogOutputStream:75 - [STDERR_REDIRECT] 
2026-02-22 00:28:44,585 [ERROR] LogOutputStream:75 - [STDERR_REDIRECT] [Fatal Error] :1:1: Premature end of file.
2026-02-22 00:28:44,585 [ERROR] LogOutputStream:75 - [STDERR_REDIRECT] 
2026-02-22 00:28:45,584 [ERROR] LogOutputStream:75 - [STDERR_REDIRECT] [Fatal Error] :1:1: Premature end of file.
2026-02-22 00:28:45,584 [ERROR] LogOutputStream:75 - [STDERR_REDIRECT] 
2026-02-22 00:28:46,588 [ERROR] LogOutputStream:75 - [STDERR_REDIRECT] [Fatal Error] :1:1: Premature end of file.
2026-02-22 00:28:46,588 [ERROR] LogOutputStream:75 - [STDERR_REDIRECT] 
2026-02-22 00:28:47,589 [ERROR] LogOutputStream:75 - [STDERR_REDIRECT] [Fatal Error] :1:1: Premature end of file.
2026-02-22 00:28:47,589 [ERROR] LogOutputStream:75 - [STDERR_REDIRECT] 
2026-02-22 00:28:48,589 [ERROR] LogOutputStream:75 - [STDERR_REDIRECT] [Fatal Error] :1:1: Premature end of file.
2026-02-22 00:28:48,589 [ERROR] LogOutputStream:75 - [STDERR_REDIRECT] 
2026-02-22 00:28:49,585 [ERROR] LogOutputStream:75 - [STDERR_REDIRECT] [Fatal Error] :1:1: Premature end of file.
2026-02-22 00:28:49,586 [ERROR] LogOutputStream:75 - [STDERR_REDIRECT] 
2026-02-22 00:28:50,585 [ERROR] LogOutputStream:75 - [STDERR_REDIRECT] [Fatal Error] :1:1: Premature end of file.
2026-02-22 00:28:50,585 [ERROR] LogOutputStream:75 - [STDERR_REDIRECT] 
2026-02-22 00:28:51,589 [ERROR] LogOutputStream:75 - [STDERR_REDIRECT] [Fatal Error] :1:1: Premature end of file.
2026-02-22 00:28:51,589 [ERROR] LogOutputStream:75 - [STDERR_REDIRECT] 
2026-02-22 00:28:52,587 [ERROR] LogOutputStream:75 - [STDERR_REDIRECT] [Fatal Error] :1:1: Premature end of file.
2026-02-22 00:28:52,588 [ERROR] LogOutputStream:75 - [STDERR_REDIRECT] 
2026-02-22 00:28:53,588 [ERROR] LogOutputStream:75 - [STDERR_REDIRECT] [Fatal Error] :1:1: Premature end of file.
2026-02-22 00:28:53,588 [ERROR] LogOutputStream:75 - [STDERR_REDIRECT] 
2026-02-22 00:28:54,597 [ERROR] LogOutputStream:75 - [STDERR_REDIRECT] [Fatal Error] :1:1: Premature end of file.
2026-02-22 00:28:54,597 [ERROR] LogOutputStream:75 - [STDERR_REDIRECT] 
2026-02-22 00:28:55,583 [ERROR] LogOutputStream:75 - [STDERR_REDIRECT] [Fatal Error] :1:1: Premature end of file.
2026-02-22 00:28:55,584 [ERROR] LogOutputStream:75 - [STDERR_REDIRECT] 
2026-02-22 00:28:56,602 [ERROR] LogOutputStream:75 - [STDERR_REDIRECT] [Fatal Error] :1:1: Premature end of file.
2026-02-22 00:28:56,602 [ERROR] LogOutputStream:75 - [STDERR_REDIRECT] 
2026-02-22 00:28:57,593 [ERROR] LogOutputStream:75 - [STDERR_REDIRECT] [Fatal Error] :1:1: Premature end of file.
2026-02-22 00:28:57,593 [ERROR] LogOutputStream:75 - [STDERR_REDIRECT] 
2026-02-22 00:28:58,585 [ERROR] LogOutputStream:75 - [STDERR_REDIRECT] [Fatal Error] :1:1: Premature end of file.
2026-02-22 00:28:58,585 [ERROR] LogOutputStream:75 - [STDERR_REDIRECT] 
2026-02-22 00:28:59,584 [ERROR] LogOutputStream:75 - [STDERR_REDIRECT] [Fatal Error] :1:1: Premature end of file.
2026-02-22 00:28:59,584 [ERROR] LogOutputStream:75 - [STDERR_REDIRECT] 
2026-02-22 00:29:00,584 [ERROR] LogOutputStream:75 - [STDERR_REDIRECT] [Fatal Error] :1:1: Premature end of file.
2026-02-22 00:29:00,584 [ERROR] LogOutputStream:75 - [STDERR_REDIRECT] 
2026-02-22 00:29:01,588 [ERROR] LogOutputStream:75 - [STDERR_REDIRECT] [Fatal Error] :1:1: Premature end of file.
2026-02-22 00:29:01,588 [ERROR] LogOutputStream:75 - [STDERR_REDIRECT] 
2026-02-22 00:29:01,715 [INFO] McuFinderGlobals:63 - Set McuFinder mode to 2 (CubeIDE integrated)
2026-02-22 00:29:01,718 [INFO] MainUpdater:2872 - connection check result : 10
2026-02-22 00:29:01,719 [INFO] MainUpdater:2872 - connection check result : 10
2026-02-22 00:29:01,741 [INFO] MicroXplorer:468 - Change Database Path : 
2026-02-22 00:29:01,741 [INFO] MicroXplorer:498 - Change Database Version : DB.6.0.150
2026-02-22 00:29:01,746 [WARN] ThirdParty:871 - waiting for thirdparty lock release [close project]
2026-02-22 00:29:01,746 [INFO] ThirdParty:873 - entering critical section [close project]
2026-02-22 00:29:01,748 [INFO] ThirdParty:883 - exiting critical section [close project]
2026-02-22 00:29:01,750 [INFO] PinOutPanel:1589 - setPackage(No Configuration,No Configuration)
2026-02-22 00:29:01,751 [INFO] UtilMem:75 - Begin LoadConfig() Used Memory: 212906328 Bytes (364904448)
2026-02-22 00:29:01,752 [INFO] MicroXplorer:468 - Change Database Path : 
2026-02-22 00:29:01,752 [INFO] MicroXplorer:498 - Change Database Version : DB.6.0.150
2026-02-22 00:29:01,752 [INFO] OpenFileManager:355 - Change cursor
2026-02-22 00:29:01,769 [INFO] Mcu:2029 - Initializing MCU STM32F405RGTx STM32F405RGTx STM32F405RGT6
2026-02-22 00:29:02,587 [ERROR] LogOutputStream:75 - [STDERR_REDIRECT] [Fatal Error] :1:1: Premature end of file.
2026-02-22 00:29:02,587 [ERROR] LogOutputStream:75 - [STDERR_REDIRECT] 
2026-02-22 00:29:02,929 [INFO] Context:786 - Trying to add GPIOservice into a context  which must be forbidden
2026-02-22 00:29:03,308 [INFO] ImportTextPane:234 - (OptionalMessage_ERROR) Pin8 (VP_RIF_VS_RIF1) cannot be retrieved for this MCU
2026-02-22 00:29:03,445 [INFO] RtosManager:558 - Registered RTOS mode: class=CMSIS, group=RTOS, mode=CMSIS_V1, owner=FREERTOS
2026-02-22 00:29:03,445 [INFO] RtosManager:558 - Registered RTOS mode: class=CMSIS, group=RTOS2, mode=CMSIS_V2, owner=FREERTOS
2026-02-22 00:29:03,445 [INFO] RtosManager:558 - Registered RTOS mode: class=RTOS, group=Core, mode=CMSIS_V1, owner=FREERTOS
2026-02-22 00:29:03,445 [INFO] RtosManager:558 - Registered RTOS mode: class=RTOS, group=Core, mode=CMSIS_V2, owner=FREERTOS
2026-02-22 00:29:03,445 [WARN] ModelIntegratedComponent:184 - Missing modes for component STMicroelectronics:FreeRTOS:0.0.1:STMicroelectronics:RTOS:FreeRTOS:Core:::10.2.0:
2026-02-22 00:29:03,460 [WARN] ModelIntegratedComponent:63 - No mode defined for component null
2026-02-22 00:29:03,460 [WARN] ModelIntegratedComponent:63 - No mode defined for component null
2026-02-22 00:29:03,460 [WARN] ModelIntegratedComponent:63 - No mode defined for component null
2026-02-22 00:29:03,460 [WARN] ModelIntegratedComponent:63 - No mode defined for component null
2026-02-22 00:29:03,460 [WARN] ModelIntegratedComponent:63 - No mode defined for component null
2026-02-22 00:29:03,460 [WARN] ModelIntegratedComponent:63 - No mode defined for component null
2026-02-22 00:29:03,460 [WARN] ModelIntegratedComponent:63 - No mode defined for component null
2026-02-22 00:29:03,460 [WARN] ModelIntegratedComponent:63 - No mode defined for component null
2026-02-22 00:29:03,460 [WARN] ModelIntegratedComponent:63 - No mode defined for component null
2026-02-22 00:29:03,460 [WARN] ModelIntegratedComponent:63 - No mode defined for component null
2026-02-22 00:29:03,460 [WARN] ModelIntegratedComponent:63 - No mode defined for component null
2026-02-22 00:29:03,460 [WARN] ModelIntegratedComponent:63 - No mode defined for component null
2026-02-22 00:29:03,460 [WARN] ModelIntegratedComponent:63 - No mode defined for component null
2026-02-22 00:29:03,460 [WARN] ModelIntegratedComponent:63 - No mode defined for component null
2026-02-22 00:29:03,460 [WARN] ModelIntegratedComponent:63 - No mode defined for component null
2026-02-22 00:29:03,461 [WARN] ModelIntegratedComponent:63 - No mode defined for component null
2026-02-22 00:29:03,461 [WARN] ModelIntegratedComponent:63 - No mode defined for component null
2026-02-22 00:29:03,461 [WARN] ModelIntegratedComponent:63 - No mode defined for component null
2026-02-22 00:29:03,461 [WARN] ModelIntegratedComponent:63 - No mode defined for component null
2026-02-22 00:29:03,461 [WARN] ModelIntegratedComponent:63 - No mode defined for component null
2026-02-22 00:29:03,461 [WARN] ModelIntegratedComponent:63 - No mode defined for component null
2026-02-22 00:29:03,461 [WARN] ModelIntegratedComponent:63 - No mode defined for component null
2026-02-22 00:29:03,461 [WARN] ModelIntegratedComponent:63 - No mode defined for component null
2026-02-22 00:29:03,461 [WARN] ModelIntegratedComponent:63 - No mode defined for component null
2026-02-22 00:29:03,461 [WARN] ModelIntegratedComponent:63 - No mode defined for component null
2026-02-22 00:29:03,461 [WARN] ModelIntegratedComponent:63 - No mode defined for component null
2026-02-22 00:29:03,461 [WARN] ModelIntegratedComponent:63 - No mode defined for component null
2026-02-22 00:29:03,461 [WARN] ModelIntegratedComponent:63 - No mode defined for component null
2026-02-22 00:29:03,461 [WARN] ModelIntegratedComponent:63 - No mode defined for component null
2026-02-22 00:29:03,461 [WARN] ModelIntegratedComponent:63 - No mode defined for component null
2026-02-22 00:29:03,461 [WARN] ModelIntegratedComponent:63 - No mode defined for component null
2026-02-22 00:29:03,461 [WARN] ModelIntegratedComponent:63 - No mode defined for component null
2026-02-22 00:29:03,461 [WARN] ModelIntegratedComponent:63 - No mode defined for component null
2026-02-22 00:29:03,461 [WARN] ModelIntegratedComponent:63 - No mode defined for component null
2026-02-22 00:29:03,461 [WARN] ModelIntegratedComponent:63 - No mode defined for component null
2026-02-22 00:29:03,462 [WARN] ModelPack:524 - Component already loaded: STMicroelectronics:HAL Drivers:0.0.0:STMicroelectronics:Device:STMicro_Driver:XSPI:HAL::0.0.1:HAL_XSPI
2026-02-22 00:29:03,485 [INFO] ThirdPartyModel:298 - Start build external matchings
2026-02-22 00:29:03,585 [ERROR] LogOutputStream:75 - [STDERR_REDIRECT] [Fatal Error] :1:1: Premature end of file.
2026-02-22 00:29:03,585 [ERROR] LogOutputStream:75 - [STDERR_REDIRECT] 
2026-02-22 00:29:03,772 [INFO] ThirdPartyModel:316 - End build external matchings
2026-02-22 00:29:03,784 [INFO] ImportTextPane:234 - (OptionalMessage_ERROR) IP (RCC) : Parameter (48MHZClocksFreq_Value) has invalid value (84000000)
2026-02-22 00:29:03,784 [INFO] ImportTextPane:234 - (OptionalMessage_ERROR) IP (RCC) : Parameter (RTCHSEDivFreq_Value) has invalid value (4000000)
2026-02-22 00:29:04,066 [INFO] ApiDb:581 - Connected to CubeFinder SQLite database (C:\Users\USER\.stmcufinder\plugins\mcufinder\mcu\cube-finder-db.db)
2026-02-22 00:29:04,125 [INFO] ApiDb:668 - CubeFinder database Data Model version=2.1
2026-02-22 00:29:04,125 [INFO] ApiDb:669 - CubeFinder database Configuration version=3.0.39
2026-02-22 00:29:04,125 [INFO] ApiDb:670 - CubeFinder database generation date=2025-12-22 (1766407740)
2026-02-22 00:29:04,125 [INFO] ApiDb:671 - CubeFinder database FW Pack versions=[FP-ATR-ASTRA1_V2.0.0, FP-SNS-FLIGHT1_V5.1.0, FP-SNS-MOTENV1_V5.1.0, FP-SNS-MOTENVWB1_V1.4.0, FP-SNS-SMARTAG2_V1.2.0, FP-SNS-STBOX1_V2.1.0, STM32Cube_FW_C0_V1.4.0, STM32Cube_FW_F4_V1.28.3, STM32Cube_FW_F7_V1.17.4, STM32Cube_FW_G0_V1.6.2, STM32Cube_FW_G4_V1.6.1, STM32Cube_FW_H5_V1.5.1, STM32Cube_FW_H7RS_V1.3.0, STM32Cube_FW_H7_V1.12.1, STM32Cube_FW_L0_V1.12.2, STM32Cube_FW_L4_V1.18.1, STM32Cube_FW_L5_V1.6.0, STM32Cube_FW_N6_V1.3.0, STM32Cube_FW_U0_V1.3.0, STM32Cube_FW_U3_V1.2.1, STM32Cube_FW_U5_V1.8.0, STM32Cube_FW_WB0_V1.4.0, STM32Cube_FW_WBA_V1.8.0, STM32Cube_FW_WB_V1.24.0, STM32Cube_FW_WL3_V1.3.0, STM32Cube_FW_WL_V1.4.0, X-CUBE-ALGOBUILD_V1.4.0, X-CUBE-ALS_V1.0.2, X-CUBE-AZRTOS-F4_V1.1.0, X-CUBE-AZRTOS-F7_V1.1.0, X-CUBE-AZRTOS-G0_V1.1.0, X-CUBE-AZRTOS-G4_V2.0.0, X-CUBE-AZRTOS-H7RS_V1.1.0, X-CUBE-AZRTOS-H7_V3.4.0, X-CUBE-AZRTOS-L4_V2.0.0, X-CUBE-AZRTOS-L5_V2.0.0, X-CUBE-AZRTOS-WB_V2.0.0, X-CUBE-AZRTOS-WL_V2.0.0, X-CUBE-BLE1_V7.1.0, X-CUBE-BLE2_V3.3.0, X-CUBE-BLEMGR_V4.1.0, X-CUBE-EEPRMA1_V5.2.0, X-CUBE-FREERTOS_V1.3.1, X-CUBE-GNSS1_V6.0.0, X-CUBE-MEMS1_V12.0.0, X-CUBE-NFC4_V3.0.0, X-CUBE-NFC7_V2.0.0, X-CUBE-SFXS2LP1_V4.0.0, X-CUBE-ST67W61_V1.1.0, X-CUBE-SUBG2_V5.0.0, X-CUBE-TOF1_V3.4.3]
2026-02-22 00:29:04,176 [INFO] DbBoardsSqlite:226 - include board P-NUCLEO-WB55-NUCLEO as a kit item of type 'Nucleo-64'
2026-02-22 00:29:04,177 [INFO] DbBoardsSqlite:226 - include board P-NUCLEO-WB55-USBDONGLE as a kit item of type 'Nucleo USB Dongle'
2026-02-22 00:29:04,177 [INFO] DbBoardsSqlite:226 - include board STEVAL-IDP005V1 as a kit item of type 'Evaluation Board'
2026-02-22 00:29:04,177 [INFO] DbBoardsSqlite:226 - include board STEVAL-IDP005V2 as a kit item of type 'Evaluation Board'
2026-02-22 00:29:04,238 [INFO] ApiDb:240 - Found 880 in-development CPN: [B-G473E-ZEST1S, B-WB1M-WPAN1, B-WBA5M-WPAN, B-WL5M-SUBG1, NUCLEO-C031C6, NUCLEO-C051C8, NUCLEO-C071RB, NUCLEO-C092RC, NUCLEO-H503RB, NUCLEO-H533RE, NUCLEO-H563ZI, NUCLEO-H7S3L8, NUCLEO-N657X0-Q, NUCLEO-U031R8, NUCLEO-U083RC, NUCLEO-U385RG-Q, NUCLEO-U545RE-Q, NUCLEO-U5A5ZJ-Q, NUCLEO-WB05KZ, NUCLEO-WB07CC, NUCLEO-WB09KE, NUCLEO-WBA52CG, NUCLEO-WBA55CG, NUCLEO-WL33CC1, NUCLEO-WL33CC2, STEVAL-PROTEUS1, STEVAL-SMARTAG2, STEVAL-STWINBX1, STM320518-EVAL, STM32C0116-DK, STM32C011D6Y3TR, STM32C011D6Y6TR, STM32C011F4P3, STM32C011F4P6, STM32C011F4U3, STM32C011F4U6TR, STM32C011F6P3, STM32C011F6P6, STM32C011F6U3, STM32C011F6U6TR, STM32C011J4M3, STM32C011J4M6, STM32C011J6M3, STM32C011J6M6, STM32C0316-DK, STM32C031C4T3, STM32C031C4T6, STM32C031C4U3, STM32C031C4U6, STM32C031C6T3, STM32C031C6T6, STM32C031C6U3, STM32C031C6U6, STM32C031F4P3, STM32C031F4P6, STM32C031F6P3, STM32C031F6P6, STM32C031G4U3, STM32C031G4U6, STM32C031G6U3, STM32C031G6U6, STM32C031K4T3, STM32C031K4T6, STM32C031K4U3, STM32C031K4U6, STM32C031K6T3, STM32C031K6T6, STM32C031K6U3, STM32C031K6U6, STM32C051C6T6, STM32C051C6U6, STM32C051C8T6, STM32C051C8U6, STM32C051D8Y6TR, STM32C051F6P6, STM32C051F8P6, STM32C051G6U6, STM32C051G8U6, STM32C051K6T6, STM32C051K6U6, STM32C051K8T6, STM32C071C8T6, STM32C071C8T6N, STM32C071C8U6, STM32C071C8U6N, STM32C071CBT6, STM32C071CBT6N, STM32C071CBU6, STM32C071CBU6N, STM32C071F8P6, STM32C071F8P6N, STM32C071FBP6, STM32C071FBP6N, STM32C071FBY6TR, STM32C071G8U6, STM32C071G8U6N, STM32C071GBU6, STM32C071GBU6N, STM32C071K8T6, STM32C071K8T6N, STM32C071K8U6, STM32C071K8U6N, STM32C071KBT6, STM32C071KBT6N, STM32C071KBU6, STM32C071KBU6N, STM32C071R8T6, STM32C071R8T6N, STM32C071RBI6N, STM32C071RBT6, STM32C071RBT6N, STM32C091CBT6, STM32C091CBU6, STM32C091CCT6, STM32C091CCU6, STM32C091ECY6TR, STM32C091FBP6, STM32C091FCP6, STM32C091GBU6, STM32C091GCU6, STM32C091KBT6, STM32C091KBU6, STM32C091KCT6, STM32C091KCU6, STM32C091RBT6, STM32C091RCI6, STM32C091RCT6, STM32C092CBT6, STM32C092CBU6, STM32C092CCT6, STM32C092CCU6, STM32C092ECY6TR, STM32C092FBP6, STM32C092FCP6, STM32C092GBU6, STM32C092GCU6, STM32C092KBT6, STM32C092KBU6, STM32C092KCT6, STM32C092KCU6, STM32C092RBT6, STM32C092RCI6, STM32C092RCT6, STM32G071K8TXN, STM32G071K8UXN, STM32G081GBU6N, STM32G081KBT6N, STM32G081KBUXN, STM32G0B1CCT6N, STM32G0B1KCT6, STM32G0B1NEY6TR, STM32G0B1RCT6N, STM32G0C1CCT6, STM32G0C1CCT6N, STM32G0C1CCU6N, STM32G0C1CET6N, STM32G0C1CEU6N, STM32G0C1KCT6, STM32G0C1NEY6TR, STM32G0C1RCI6N, STM32G0C1RCT6N, STM32G0C1REI6N, STM32G0C1RET6N, STM32G0C1VCI6, STM32G0C1VEI6, STM32G411C6T3, STM32G411C6T6, STM32G411C6U3, STM32G411C6U6, STM32G411C8T3, STM32G411C8T6, STM32G411C8U3, STM32G411C8U6, STM32G411CBT3, STM32G411CBT6, STM32G411CBU3, STM32G411CBU6, STM32G411K6T3, STM32G411K6T6, STM32G411K6U3, STM32G411K6U6, STM32G411K8T3, STM32G411K8T6, STM32G411K8U3, STM32G411K8U6, STM32G411KBT3, STM32G411KBT6, STM32G411KBU3, STM32G411KBU6, STM32G411M6T3, STM32G411M6T6, STM32G411M8T3, STM32G411M8T6, STM32G411MBT3, STM32G411MBT6, STM32G411R6T3, STM32G411R6T6, STM32G411R8T3, STM32G411R8T6, STM32G411RBT3, STM32G411RBT6, STM32G414CBT3, STM32G414CBT6, STM32G414CBU3, STM32G414CBU6, STM32G414CCT3, STM32G414CCT6, STM32G414CCU3, STM32G414CCU6, STM32G414MBT3, STM32G414MBT6, STM32G414MCT3, STM32G414MCT6, STM32G414RBT3, STM32G414RBT6, STM32G414RCT3, STM32G414RCT6, STM32G414VBT3, STM32G414VBT6, STM32G414VCT3, STM32G414VCT6, STM32G431CBT3Z, STM32G431RBT3Z, STM32G471CCT6, STM32G471CCU6, STM32G471CET3, STM32G471CET6, STM32G471CEU3, STM32G471CEU6, STM32G471MCT6, STM32G471MET3, STM32G471MET6, STM32G471MEY6TR, STM32G471QCT6, STM32G471QET3, STM32G471RCT6, STM32G471RET3, STM32G471RET6, STM32G471VCH6, STM32G471VCI6, STM32G471VCT6, STM32G471VEH3, STM32G471VEH6, STM32G471VEI3, STM32G471VEI6, STM32G471VET3, STM32G471VET6, STM32G473QET3Z, STM32G473RET3Z, STM32G474CCT6, STM32G491RET3Z, STM32H503CBT6, STM32H503CBU6, STM32H503EBY6TR, STM32H503KBU6, STM32H503RBT6, STM32H523CCT6, STM32H523CCU6, STM32H523CET6, STM32H523CEU6, STM32H523HEY6TR, STM32H523RCT6, STM32H523RET6, STM32H523VCI6, STM32H523VCT6, STM32H523VEI6, STM32H523VET6, STM32H523ZCJ6, STM32H523ZCT6, STM32H523ZEJ6, STM32H523ZET6, STM32H533CET6, STM32H533CEU6, STM32H533HEY6TR, STM32H533RET6, STM32H533VEI6, STM32H533VET6, STM32H533ZEJ6, STM32H533ZET6, STM32H562AGI6, STM32H562AII6, STM32H562IGK6, STM32H562IGT6, STM32H562IIK6, STM32H562IIT6, STM32H562RGT6, STM32H562RGV6, STM32H562RIT6, STM32H562RIV6, STM32H562VGT6, STM32H562VIT6, STM32H562ZGT6, STM32H562ZIT6, STM32H563AGI6, STM32H563AII3Q, STM32H563AII6, STM32H563IGK6, STM32H563IGT6, STM32H563IIK3Q, STM32H563IIK6, STM32H563IIT3Q, STM32H563IIT6, STM32H563MIY3QTR, STM32H563RGT6, STM32H563RGV6, STM32H563RIT6, STM32H563RIV6, STM32H563VGT6, STM32H563VIT3Q, STM32H563VIT6, STM32H563ZGT6, STM32H563ZIT3Q, STM32H563ZIT6, STM32H573AII3Q, STM32H573AII6, STM32H573I-DK, STM32H573IIK3Q, STM32H573IIK6, STM32H573IIT3Q, STM32H573IIT6, STM32H573MIY3QTR, STM32H573RIT6, STM32H573RIV6, STM32H573VIT3Q, STM32H573VIT6, STM32H573ZIT3Q, STM32H573ZIT6, STM32H7R3A8I6, STM32H7R3I8K6, STM32H7R3I8T6, STM32H7R3L8H6, STM32H7R3L8H6H, STM32H7R3R8V6, STM32H7R3V8H6, STM32H7R3V8T6, STM32H7R3V8Y6TR, STM32H7R3Z8J6, STM32H7R3Z8T6, STM32H7R7A8I6, STM32H7R7I8K6, STM32H7R7I8T6, STM32H7R7L8H6, STM32H7R7L8H6H, STM32H7R7Z8J6, STM32H7S3A8I6, STM32H7S3I8K6, STM32H7S3I8T6, STM32H7S3L8H6, STM32H7S3L8H6H, STM32H7S3R8V6, STM32H7S3V8H6, STM32H7S3V8T6, STM32H7S3V8Y6TR, STM32H7S3Z8J6, STM32H7S3Z8T6, STM32H7S78-DK, STM32H7S7A8I6, STM32H7S7I8K6, STM32H7S7I8T6, STM32H7S7L8H6, STM32H7S7L8H6H, STM32H7S7Z8J6, STM32L4R5QGI6STR, STM32MP131AAE3, STM32MP131AAF3, STM32MP131AAG3, STM32MP131CAE3, STM32MP131CAF3, STM32MP131CAG3, STM32MP131DAE7, STM32MP131DAF7, STM32MP131DAG7, STM32MP131FAE7, STM32MP131FAF7, STM32MP131FAG7, STM32MP133AAE3, STM32MP133AAF3, STM32MP133AAG3, STM32MP133CAE3, STM32MP133CAF3, STM32MP133CAG3, STM32MP133DAE7, STM32MP133DAF7, STM32MP133DAG7, STM32MP133FAE7, STM32MP133FAF7, STM32MP133FAG7, STM32MP135AAE3, STM32MP135AAF3, STM32MP135AAG3, STM32MP135CAE3, STM32MP135CAF3, STM32MP135CAG3, STM32MP135DAE7, STM32MP135DAF7, STM32MP135DAG7, STM32MP135F-DK, STM32MP135FAE7, STM32MP135FAF7, STM32MP135FAF7T, STM32MP135FAF7U, STM32MP135FAG7, STM32MP211AAL3, STM32MP211AAM3, STM32MP211AAN3, STM32MP211AAO3, STM32MP211CAL3, STM32MP211CAM3, STM32MP211CAN3, STM32MP211CAO3, STM32MP211DAL3, STM32MP211DAM3, STM32MP211DAN3, STM32MP211DAO3, STM32MP211FAL3, STM32MP211FAM3, STM32MP211FAN3, STM32MP211FAO3, STM32MP213AAL3, STM32MP213AAM3, STM32MP213AAN3, STM32MP213AAO3, STM32MP213CAL3, STM32MP213CAM3, STM32MP213CAN3, STM32MP213CAO3, STM32MP213DAL3, STM32MP213DAM3, STM32MP213DAN3, STM32MP213DAO3, STM32MP213FAL3, STM32MP213FAM3, STM32MP213FAN3, STM32MP213FAO3, STM32MP215AAL3, STM32MP215AAM3, STM32MP215AAN3, STM32MP215AAO3, STM32MP215CAL3, STM32MP215CAM3, STM32MP215CAN3, STM32MP215CAO3, STM32MP215DAL3, STM32MP215DAM3, STM32MP215DAN3, STM32MP215DAO3, STM32MP215F-DK, STM32MP215FAL3, STM32MP215FAM3, STM32MP215FAN3, STM32MP215FAO3, STM32MP231AAJ3, STM32MP231AAK3, STM32MP231AAL3, STM32MP231CAJ3, STM32MP231CAK3, STM32MP231CAL3, STM32MP231DAJ3, STM32MP231DAK3, STM32MP231DAL3, STM32MP231FAJ3, STM32MP231FAK3, STM32MP231FAL3, STM32MP233AAJ3, STM32MP233AAK3, STM32MP233AAL3, STM32MP233CAJ3, STM32MP233CAK3, STM32MP233CAL3, STM32MP233DAJ3, STM32MP233DAK3, STM32MP233DAL3, STM32MP233FAJ3, STM32MP233FAK3, STM32MP233FAL3, STM32MP235AAJ3, STM32MP235AAK3, STM32MP235AAL3, STM32MP235CAJ3, STM32MP235CAK3, STM32MP235CAL3, STM32MP235DAJ3, STM32MP235DAK3, STM32MP235DAL3, STM32MP235FAJ3, STM32MP235FAK3, STM32MP235FAL3, STM32MP251AAI3, STM32MP251AAK3, STM32MP251AAL3, STM32MP251CAI3, STM32MP251CAK3, STM32MP251CAL3, STM32MP251DAI3, STM32MP251DAK3, STM32MP251DAL3, STM32MP251FAI3, STM32MP251FAK3, STM32MP251FAL3, STM32MP253AAI3, STM32MP253AAK3, STM32MP253AAL3, STM32MP253CAI3, STM32MP253CAK3, STM32MP253CAL3, STM32MP253DAI3, STM32MP253DAK3, STM32MP253DAL3, STM32MP253FAI3, STM32MP253FAK3, STM32MP253FAL3, STM32MP255AAI3, STM32MP255AAK3, STM32MP255AAL3, STM32MP255CAI3, STM32MP255CAK3, STM32MP255CAL3, STM32MP255DAI3, STM32MP255DAK3, STM32MP255DAL3, STM32MP255FAI3, STM32MP255FAK3, STM32MP255FAL3, STM32MP257AAI3, STM32MP257AAK3, STM32MP257AAL3, STM32MP257CAI3, STM32MP257CAK3, STM32MP257CAL3, STM32MP257DAI3, STM32MP257DAK3, STM32MP257DAL3, STM32MP257F-DK, STM32MP257F-EV1, STM32MP257FAI3, STM32MP257FAK3, STM32MP257FAL3, STM32N645A0H3Q, STM32N645B0H3Q, STM32N645I0H3Q, STM32N645L0H3Q, STM32N645X0H3Q, STM32N645Z0H3Q, STM32N647A0H3Q, STM32N647B0H3Q, STM32N647I0H3Q, STM32N647L0H3Q, STM32N647X0H3Q, STM32N647Z0H3Q, STM32N655A0H3Q, STM32N655B0H3Q, STM32N655I0H3Q, STM32N655L0H3Q, STM32N655X0H3Q, STM32N655Z0H3Q, STM32N6570-DK, STM32N657A0H3Q, STM32N657B0H3Q, STM32N657I0H3Q, STM32N657L0H3Q, STM32N657X0H3Q, STM32N657Z0H3Q, STM32U031C6T6, STM32U031C6U6, STM32U031C8T6, STM32U031C8U6, STM32U031F4P6, STM32U031F6P6, STM32U031F8P6, STM32U031G6Y6TR, STM32U031G8Y6TR, STM32U031K4U6, STM32U031K6U6, STM32U031K8U6, STM32U031R6I6, STM32U031R6T6, STM32U031R8I6, STM32U031R8T6, STM32U073C8T6, STM32U073C8U6, STM32U073CBT6, STM32U073CBU6, STM32U073CCT6, STM32U073CCU6, STM32U073H8Y6TR, STM32U073HBY6TR, STM32U073HCY6TR, STM32U073K8U6, STM32U073KBU6, STM32U073KCU6, STM32U073M8I6, STM32U073M8T6, STM32U073MBI6, STM32U073MBT6, STM32U073MCI6, STM32U073MCT6, STM32U073R8I6, STM32U073R8T6, STM32U073RBI6, STM32U073RBT6, STM32U073RCI6, STM32U073RCT6, STM32U083C-DK, STM32U083CCT6, STM32U083CCU6, STM32U083HCY6TR, STM32U083KCU6, STM32U083MCI6, STM32U083MCT6, STM32U083RCI6, STM32U083RCT6, STM32U375CET6, STM32U375CET6Q, STM32U375CEU6, STM32U375CEU6Q, STM32U375CEY6QTR, STM32U375CGT6, STM32U375CGT6Q, STM32U375CGU6, STM32U375CGU6Q, STM32U375CGY6QTR, STM32U375KEU6, STM32U375KGU6, STM32U375REI6, STM32U375REI6Q, STM32U375RET6, STM32U375RET6Q, STM32U375REY6GTR, STM32U375REY6QTR, STM32U375RGI6, STM32U375RGI6Q, STM32U375RGT6, STM32U375RGT6Q, STM32U375RGY6GTR, STM32U375RGY6QTR, STM32U375VEI6, STM32U375VEI6Q, STM32U375VET6, STM32U375VET6Q, STM32U375VGI6, STM32U375VGI6Q, STM32U375VGT6, STM32U375VGT6Q, STM32U385CGT6, STM32U385CGT6Q, STM32U385CGU6, STM32U385CGU6Q, STM32U385CGY6QTR, STM32U385KGU6, STM32U385RGI6, STM32U385RGI6Q, STM32U385RGT6, STM32U385RGT6Q, STM32U385RGY6GTR, STM32U385RGY6QTR, STM32U385VGI6, STM32U385VGI6Q, STM32U385VGT6, STM32U385VGT6Q, STM32U535CBT6, STM32U535CBT6Q, STM32U535CBU6, STM32U535CBU6Q, STM32U535CCT6, STM32U535CCT6Q, STM32U535CCU6, STM32U535CCU6Q, STM32U535CET6, STM32U535CET6Q, STM32U535CEU6, STM32U535CEU6Q, STM32U535JEY6QTR, STM32U535NCY6QTR, STM32U535NEY6QTR, STM32U535RBI6, STM32U535RBI6Q, STM32U535RBT6, STM32U535RBT6Q, STM32U535RCI6, STM32U535RCI6Q, STM32U535RCT6, STM32U535RCT6Q, STM32U535REI6, STM32U535REI6Q, STM32U535RET6, STM32U535RET6Q, STM32U535VCI6, STM32U535VCI6Q, STM32U535VCT6, STM32U535VCT6Q, STM32U535VEI6, STM32U535VEI6Q, STM32U535VET6, STM32U535VET6Q, STM32U545CET6, STM32U545CET6Q, STM32U545CEU6, STM32U545CEU6Q, STM32U545JEY6QTR, STM32U545NEY6QTR, STM32U545REI6, STM32U545REI6Q, STM32U545RET6, STM32U545RET6Q, STM32U545VEI6, STM32U545VEI6Q, STM32U545VET6, STM32U545VET6Q, STM32U595AIH6, STM32U595AIH6Q, STM32U595AJH6, STM32U595AJH6Q, STM32U595QII6, STM32U595QII6Q, STM32U595QJI6, STM32U595QJI6Q, STM32U595RIT6, STM32U595RIT6Q, STM32U595RJT6, STM32U595RJT6Q, STM32U595VIT6, STM32U595VIT6Q, STM32U595VJT6, STM32U595VJT6Q, STM32U595ZIT6, STM32U595ZIT6Q, STM32U595ZIY6QTR, STM32U595ZJT6, STM32U595ZJT6Q, STM32U595ZJY6QTR, STM32U599BJY6QTR, STM32U599NIH6Q, STM32U599NJH6Q, STM32U599VIT6Q, STM32U599VJT6, STM32U599VJT6Q, STM32U599ZIT6Q, STM32U599ZIY6QTR, STM32U599ZJT6Q, STM32U599ZJY6QTR, STM32U5A5AJH6, STM32U5A5AJH6Q, STM32U5A5QII3Q , STM32U5A5QJI6, STM32U5A5QJI6Q, STM32U5A5RJT6, STM32U5A5RJT6Q, STM32U5A5VJT6, STM32U5A5VJT6Q, STM32U5A5ZJT6, STM32U5A5ZJT6Q, STM32U5A5ZJY6QTR, STM32U5A9BJY6QTR, STM32U5A9J-DK, STM32U5A9NJH6Q, STM32U5A9VJT6Q, STM32U5A9ZJT6Q, STM32U5A9ZJY6QTR, STM32U5F7VIT6, STM32U5F7VIT6Q, STM32U5F7VJT6, STM32U5F7VJT6Q, STM32U5F9BJY6QTR, STM32U5F9NJH6Q, STM32U5F9VIT6Q, STM32U5F9VJT6Q, STM32U5F9ZIJ6QTR, STM32U5F9ZIT6Q, STM32U5F9ZJJ6QTR, STM32U5F9ZJT6Q, STM32U5G7VJT6, STM32U5G7VJT6Q, STM32U5G9BJY6QTR, STM32U5G9J-DK1, STM32U5G9J-DK2, STM32U5G9NJH6Q, STM32U5G9VJT6Q, STM32U5G9ZJJ6QTR, STM32U5G9ZJT6Q, STM32WB05KZV6TR, STM32WB05KZV7TR, STM32WB05TZF6TR, STM32WB05TZF7TR, STM32WB06CCF6TR, STM32WB06CCF7TR, STM32WB06CCV6TR, STM32WB06CCV7TR, STM32WB06KCV6TR, STM32WB06KCV7TR, STM32WB07CCF6TR, STM32WB07CCF7TR, STM32WB07CCV6TR, STM32WB07CCV7TR, STM32WB07KCV6TR, STM32WB07KCV7TR, STM32WB09KEV6TR, STM32WB09KEV7TR, STM32WB09TEF6TR, STM32WB09TEF7TR, STM32WB1MMCH6, STM32WBA50KGU6, STM32WBA50KGU6TR, STM32WBA52CEU6, STM32WBA52CEU6TR, STM32WBA52CEU7, STM32WBA52CEU7TR, STM32WBA52CGU6, STM32WBA52CGU6TR, STM32WBA52CGU6U, STM32WBA52CGU7, STM32WBA52CGU7TR, STM32WBA52KEU6, STM32WBA52KEU6TR, STM32WBA52KGU6, STM32WBA52KGU6TR, STM32WBA54CEU6, STM32WBA54CEU6TR, STM32WBA54CEU7, STM32WBA54CEU7TR, STM32WBA54CGU6, STM32WBA54CGU6TR, STM32WBA54CGU7, STM32WBA54CGU7TR, STM32WBA54KEU6, STM32WBA54KEU6TR, STM32WBA54KEU7, STM32WBA54KEU7TR, STM32WBA54KGU6, STM32WBA54KGU6TR, STM32WBA54KGU7, STM32WBA54KGU7TR, STM32WBA55CEU6, STM32WBA55CEU6TR, STM32WBA55CEU7, STM32WBA55CEU7TR, STM32WBA55CGU6, STM32WBA55CGU6TR, STM32WBA55CGU6U, STM32WBA55CGU7, STM32WBA55CGU7TR, STM32WBA55G-DK1, STM32WBA55HEF6, STM32WBA55HEF7, STM32WBA55HGF6, STM32WBA55HGF7, STM32WBA55UEI6, STM32WBA55UEI6TR, STM32WBA55UEI7, STM32WBA55UEI7TR, STM32WBA55UGI6, STM32WBA55UGI6TR, STM32WBA55UGI7, STM32WBA55UGI7TR, STM32WBA5MMGH6TR, STM32WBA62MGF6, STM32WBA62MIF6, STM32WBA65MGF7, STM32WBA65MIF6, STM32WBA65MIF7, STM32WL30K8V6, STM32WL30KBV6, STM32WL31C8V6, STM32WL31CBV6, STM32WL31K8V6, STM32WL31KBV6, STM32WL33C8V6, STM32WL33C8V6X, STM32WL33CBV6, STM32WL33CBV6X, STM32WL33CCV6, STM32WL33CCV6A, STM32WL33CCV6X, STM32WL33K8V7, STM32WL33K8V7X, STM32WL33KBV7 , STM32WL33KBV7X, STM32WL33KCV7, STM32WL33KCV7X, STM32WL5MOCH6, STM32WL5MOCH6TR]
2026-02-22 00:29:04,241 [INFO] ApiDb:668 - CubeFinder database Data Model version=2.1
2026-02-22 00:29:04,241 [INFO] ApiDb:669 - CubeFinder database Configuration version=3.0.39
2026-02-22 00:29:04,241 [INFO] ApiDb:670 - CubeFinder database generation date=2025-12-22 (1766407740)
2026-02-22 00:29:04,241 [INFO] ApiDb:671 - CubeFinder database FW Pack versions=[FP-ATR-ASTRA1_V2.0.0, FP-SNS-FLIGHT1_V5.1.0, FP-SNS-MOTENV1_V5.1.0, FP-SNS-MOTENVWB1_V1.4.0, FP-SNS-SMARTAG2_V1.2.0, FP-SNS-STBOX1_V2.1.0, STM32Cube_FW_C0_V1.4.0, STM32Cube_FW_F4_V1.28.3, STM32Cube_FW_F7_V1.17.4, STM32Cube_FW_G0_V1.6.2, STM32Cube_FW_G4_V1.6.1, STM32Cube_FW_H5_V1.5.1, STM32Cube_FW_H7RS_V1.3.0, STM32Cube_FW_H7_V1.12.1, STM32Cube_FW_L0_V1.12.2, STM32Cube_FW_L4_V1.18.1, STM32Cube_FW_L5_V1.6.0, STM32Cube_FW_N6_V1.3.0, STM32Cube_FW_U0_V1.3.0, STM32Cube_FW_U3_V1.2.1, STM32Cube_FW_U5_V1.8.0, STM32Cube_FW_WB0_V1.4.0, STM32Cube_FW_WBA_V1.8.0, STM32Cube_FW_WB_V1.24.0, STM32Cube_FW_WL3_V1.3.0, STM32Cube_FW_WL_V1.4.0, X-CUBE-ALGOBUILD_V1.4.0, X-CUBE-ALS_V1.0.2, X-CUBE-AZRTOS-F4_V1.1.0, X-CUBE-AZRTOS-F7_V1.1.0, X-CUBE-AZRTOS-G0_V1.1.0, X-CUBE-AZRTOS-G4_V2.0.0, X-CUBE-AZRTOS-H7RS_V1.1.0, X-CUBE-AZRTOS-H7_V3.4.0, X-CUBE-AZRTOS-L4_V2.0.0, X-CUBE-AZRTOS-L5_V2.0.0, X-CUBE-AZRTOS-WB_V2.0.0, X-CUBE-AZRTOS-WL_V2.0.0, X-CUBE-BLE1_V7.1.0, X-CUBE-BLE2_V3.3.0, X-CUBE-BLEMGR_V4.1.0, X-CUBE-EEPRMA1_V5.2.0, X-CUBE-FREERTOS_V1.3.1, X-CUBE-GNSS1_V6.0.0, X-CUBE-MEMS1_V12.0.0, X-CUBE-NFC4_V3.0.0, X-CUBE-NFC7_V2.0.0, X-CUBE-SFXS2LP1_V4.0.0, X-CUBE-ST67W61_V1.1.0, X-CUBE-SUBG2_V5.0.0, X-CUBE-TOF1_V3.4.3]
2026-02-22 00:29:04,585 [ERROR] LogOutputStream:75 - [STDERR_REDIRECT] [Fatal Error] :1:1: Premature end of file.
2026-02-22 00:29:04,585 [ERROR] LogOutputStream:75 - [STDERR_REDIRECT] 
2026-02-22 00:29:05,587 [ERROR] LogOutputStream:75 - [STDERR_REDIRECT] [Fatal Error] :1:1: Premature end of file.
2026-02-22 00:29:05,587 [ERROR] LogOutputStream:75 - [STDERR_REDIRECT] 
2026-02-22 00:29:06,171 [INFO] ApiDb:240 - Found 880 in-development CPN: [B-G473E-ZEST1S, B-WB1M-WPAN1, B-WBA5M-WPAN, B-WL5M-SUBG1, NUCLEO-C031C6, NUCLEO-C051C8, NUCLEO-C071RB, NUCLEO-C092RC, NUCLEO-H503RB, NUCLEO-H533RE, NUCLEO-H563ZI, NUCLEO-H7S3L8, NUCLEO-N657X0-Q, NUCLEO-U031R8, NUCLEO-U083RC, NUCLEO-U385RG-Q, NUCLEO-U545RE-Q, NUCLEO-U5A5ZJ-Q, NUCLEO-WB05KZ, NUCLEO-WB07CC, NUCLEO-WB09KE, NUCLEO-WBA52CG, NUCLEO-WBA55CG, NUCLEO-WL33CC1, NUCLEO-WL33CC2, STEVAL-PROTEUS1, STEVAL-SMARTAG2, STEVAL-STWINBX1, STM320518-EVAL, STM32C0116-DK, STM32C011D6Y3TR, STM32C011D6Y6TR, STM32C011F4P3, STM32C011F4P6, STM32C011F4U3, STM32C011F4U6TR, STM32C011F6P3, STM32C011F6P6, STM32C011F6U3, STM32C011F6U6TR, STM32C011J4M3, STM32C011J4M6, STM32C011J6M3, STM32C011J6M6, STM32C0316-DK, STM32C031C4T3, STM32C031C4T6, STM32C031C4U3, STM32C031C4U6, STM32C031C6T3, STM32C031C6T6, STM32C031C6U3, STM32C031C6U6, STM32C031F4P3, STM32C031F4P6, STM32C031F6P3, STM32C031F6P6, STM32C031G4U3, STM32C031G4U6, STM32C031G6U3, STM32C031G6U6, STM32C031K4T3, STM32C031K4T6, STM32C031K4U3, STM32C031K4U6, STM32C031K6T3, STM32C031K6T6, STM32C031K6U3, STM32C031K6U6, STM32C051C6T6, STM32C051C6U6, STM32C051C8T6, STM32C051C8U6, STM32C051D8Y6TR, STM32C051F6P6, STM32C051F8P6, STM32C051G6U6, STM32C051G8U6, STM32C051K6T6, STM32C051K6U6, STM32C051K8T6, STM32C071C8T6, STM32C071C8T6N, STM32C071C8U6, STM32C071C8U6N, STM32C071CBT6, STM32C071CBT6N, STM32C071CBU6, STM32C071CBU6N, STM32C071F8P6, STM32C071F8P6N, STM32C071FBP6, STM32C071FBP6N, STM32C071FBY6TR, STM32C071G8U6, STM32C071G8U6N, STM32C071GBU6, STM32C071GBU6N, STM32C071K8T6, STM32C071K8T6N, STM32C071K8U6, STM32C071K8U6N, STM32C071KBT6, STM32C071KBT6N, STM32C071KBU6, STM32C071KBU6N, STM32C071R8T6, STM32C071R8T6N, STM32C071RBI6N, STM32C071RBT6, STM32C071RBT6N, STM32C091CBT6, STM32C091CBU6, STM32C091CCT6, STM32C091CCU6, STM32C091ECY6TR, STM32C091FBP6, STM32C091FCP6, STM32C091GBU6, STM32C091GCU6, STM32C091KBT6, STM32C091KBU6, STM32C091KCT6, STM32C091KCU6, STM32C091RBT6, STM32C091RCI6, STM32C091RCT6, STM32C092CBT6, STM32C092CBU6, STM32C092CCT6, STM32C092CCU6, STM32C092ECY6TR, STM32C092FBP6, STM32C092FCP6, STM32C092GBU6, STM32C092GCU6, STM32C092KBT6, STM32C092KBU6, STM32C092KCT6, STM32C092KCU6, STM32C092RBT6, STM32C092RCI6, STM32C092RCT6, STM32G071K8TXN, STM32G071K8UXN, STM32G081GBU6N, STM32G081KBT6N, STM32G081KBUXN, STM32G0B1CCT6N, STM32G0B1KCT6, STM32G0B1NEY6TR, STM32G0B1RCT6N, STM32G0C1CCT6, STM32G0C1CCT6N, STM32G0C1CCU6N, STM32G0C1CET6N, STM32G0C1CEU6N, STM32G0C1KCT6, STM32G0C1NEY6TR, STM32G0C1RCI6N, STM32G0C1RCT6N, STM32G0C1REI6N, STM32G0C1RET6N, STM32G0C1VCI6, STM32G0C1VEI6, STM32G411C6T3, STM32G411C6T6, STM32G411C6U3, STM32G411C6U6, STM32G411C8T3, STM32G411C8T6, STM32G411C8U3, STM32G411C8U6, STM32G411CBT3, STM32G411CBT6, STM32G411CBU3, STM32G411CBU6, STM32G411K6T3, STM32G411K6T6, STM32G411K6U3, STM32G411K6U6, STM32G411K8T3, STM32G411K8T6, STM32G411K8U3, STM32G411K8U6, STM32G411KBT3, STM32G411KBT6, STM32G411KBU3, STM32G411KBU6, STM32G411M6T3, STM32G411M6T6, STM32G411M8T3, STM32G411M8T6, STM32G411MBT3, STM32G411MBT6, STM32G411R6T3, STM32G411R6T6, STM32G411R8T3, STM32G411R8T6, STM32G411RBT3, STM32G411RBT6, STM32G414CBT3, STM32G414CBT6, STM32G414CBU3, STM32G414CBU6, STM32G414CCT3, STM32G414CCT6, STM32G414CCU3, STM32G414CCU6, STM32G414MBT3, STM32G414MBT6, STM32G414MCT3, STM32G414MCT6, STM32G414RBT3, STM32G414RBT6, STM32G414RCT3, STM32G414RCT6, STM32G414VBT3, STM32G414VBT6, STM32G414VCT3, STM32G414VCT6, STM32G431CBT3Z, STM32G431RBT3Z, STM32G471CCT6, STM32G471CCU6, STM32G471CET3, STM32G471CET6, STM32G471CEU3, STM32G471CEU6, STM32G471MCT6, STM32G471MET3, STM32G471MET6, STM32G471MEY6TR, STM32G471QCT6, STM32G471QET3, STM32G471RCT6, STM32G471RET3, STM32G471RET6, STM32G471VCH6, STM32G471VCI6, STM32G471VCT6, STM32G471VEH3, STM32G471VEH6, STM32G471VEI3, STM32G471VEI6, STM32G471VET3, STM32G471VET6, STM32G473QET3Z, STM32G473RET3Z, STM32G474CCT6, STM32G491RET3Z, STM32H503CBT6, STM32H503CBU6, STM32H503EBY6TR, STM32H503KBU6, STM32H503RBT6, STM32H523CCT6, STM32H523CCU6, STM32H523CET6, STM32H523CEU6, STM32H523HEY6TR, STM32H523RCT6, STM32H523RET6, STM32H523VCI6, STM32H523VCT6, STM32H523VEI6, STM32H523VET6, STM32H523ZCJ6, STM32H523ZCT6, STM32H523ZEJ6, STM32H523ZET6, STM32H533CET6, STM32H533CEU6, STM32H533HEY6TR, STM32H533RET6, STM32H533VEI6, STM32H533VET6, STM32H533ZEJ6, STM32H533ZET6, STM32H562AGI6, STM32H562AII6, STM32H562IGK6, STM32H562IGT6, STM32H562IIK6, STM32H562IIT6, STM32H562RGT6, STM32H562RGV6, STM32H562RIT6, STM32H562RIV6, STM32H562VGT6, STM32H562VIT6, STM32H562ZGT6, STM32H562ZIT6, STM32H563AGI6, STM32H563AII3Q, STM32H563AII6, STM32H563IGK6, STM32H563IGT6, STM32H563IIK3Q, STM32H563IIK6, STM32H563IIT3Q, STM32H563IIT6, STM32H563MIY3QTR, STM32H563RGT6, STM32H563RGV6, STM32H563RIT6, STM32H563RIV6, STM32H563VGT6, STM32H563VIT3Q, STM32H563VIT6, STM32H563ZGT6, STM32H563ZIT3Q, STM32H563ZIT6, STM32H573AII3Q, STM32H573AII6, STM32H573I-DK, STM32H573IIK3Q, STM32H573IIK6, STM32H573IIT3Q, STM32H573IIT6, STM32H573MIY3QTR, STM32H573RIT6, STM32H573RIV6, STM32H573VIT3Q, STM32H573VIT6, STM32H573ZIT3Q, STM32H573ZIT6, STM32H7R3A8I6, STM32H7R3I8K6, STM32H7R3I8T6, STM32H7R3L8H6, STM32H7R3L8H6H, STM32H7R3R8V6, STM32H7R3V8H6, STM32H7R3V8T6, STM32H7R3V8Y6TR, STM32H7R3Z8J6, STM32H7R3Z8T6, STM32H7R7A8I6, STM32H7R7I8K6, STM32H7R7I8T6, STM32H7R7L8H6, STM32H7R7L8H6H, STM32H7R7Z8J6, STM32H7S3A8I6, STM32H7S3I8K6, STM32H7S3I8T6, STM32H7S3L8H6, STM32H7S3L8H6H, STM32H7S3R8V6, STM32H7S3V8H6, STM32H7S3V8T6, STM32H7S3V8Y6TR, STM32H7S3Z8J6, STM32H7S3Z8T6, STM32H7S78-DK, STM32H7S7A8I6, STM32H7S7I8K6, STM32H7S7I8T6, STM32H7S7L8H6, STM32H7S7L8H6H, STM32H7S7Z8J6, STM32L4R5QGI6STR, STM32MP131AAE3, STM32MP131AAF3, STM32MP131AAG3, STM32MP131CAE3, STM32MP131CAF3, STM32MP131CAG3, STM32MP131DAE7, STM32MP131DAF7, STM32MP131DAG7, STM32MP131FAE7, STM32MP131FAF7, STM32MP131FAG7, STM32MP133AAE3, STM32MP133AAF3, STM32MP133AAG3, STM32MP133CAE3, STM32MP133CAF3, STM32MP133CAG3, STM32MP133DAE7, STM32MP133DAF7, STM32MP133DAG7, STM32MP133FAE7, STM32MP133FAF7, STM32MP133FAG7, STM32MP135AAE3, STM32MP135AAF3, STM32MP135AAG3, STM32MP135CAE3, STM32MP135CAF3, STM32MP135CAG3, STM32MP135DAE7, STM32MP135DAF7, STM32MP135DAG7, STM32MP135F-DK, STM32MP135FAE7, STM32MP135FAF7, STM32MP135FAF7T, STM32MP135FAF7U, STM32MP135FAG7, STM32MP211AAL3, STM32MP211AAM3, STM32MP211AAN3, STM32MP211AAO3, STM32MP211CAL3, STM32MP211CAM3, STM32MP211CAN3, STM32MP211CAO3, STM32MP211DAL3, STM32MP211DAM3, STM32MP211DAN3, STM32MP211DAO3, STM32MP211FAL3, STM32MP211FAM3, STM32MP211FAN3, STM32MP211FAO3, STM32MP213AAL3, STM32MP213AAM3, STM32MP213AAN3, STM32MP213AAO3, STM32MP213CAL3, STM32MP213CAM3, STM32MP213CAN3, STM32MP213CAO3, STM32MP213DAL3, STM32MP213DAM3, STM32MP213DAN3, STM32MP213DAO3, STM32MP213FAL3, STM32MP213FAM3, STM32MP213FAN3, STM32MP213FAO3, STM32MP215AAL3, STM32MP215AAM3, STM32MP215AAN3, STM32MP215AAO3, STM32MP215CAL3, STM32MP215CAM3, STM32MP215CAN3, STM32MP215CAO3, STM32MP215DAL3, STM32MP215DAM3, STM32MP215DAN3, STM32MP215DAO3, STM32MP215F-DK, STM32MP215FAL3, STM32MP215FAM3, STM32MP215FAN3, STM32MP215FAO3, STM32MP231AAJ3, STM32MP231AAK3, STM32MP231AAL3, STM32MP231CAJ3, STM32MP231CAK3, STM32MP231CAL3, STM32MP231DAJ3, STM32MP231DAK3, STM32MP231DAL3, STM32MP231FAJ3, STM32MP231FAK3, STM32MP231FAL3, STM32MP233AAJ3, STM32MP233AAK3, STM32MP233AAL3, STM32MP233CAJ3, STM32MP233CAK3, STM32MP233CAL3, STM32MP233DAJ3, STM32MP233DAK3, STM32MP233DAL3, STM32MP233FAJ3, STM32MP233FAK3, STM32MP233FAL3, STM32MP235AAJ3, STM32MP235AAK3, STM32MP235AAL3, STM32MP235CAJ3, STM32MP235CAK3, STM32MP235CAL3, STM32MP235DAJ3, STM32MP235DAK3, STM32MP235DAL3, STM32MP235FAJ3, STM32MP235FAK3, STM32MP235FAL3, STM32MP251AAI3, STM32MP251AAK3, STM32MP251AAL3, STM32MP251CAI3, STM32MP251CAK3, STM32MP251CAL3, STM32MP251DAI3, STM32MP251DAK3, STM32MP251DAL3, STM32MP251FAI3, STM32MP251FAK3, STM32MP251FAL3, STM32MP253AAI3, STM32MP253AAK3, STM32MP253AAL3, STM32MP253CAI3, STM32MP253CAK3, STM32MP253CAL3, STM32MP253DAI3, STM32MP253DAK3, STM32MP253DAL3, STM32MP253FAI3, STM32MP253FAK3, STM32MP253FAL3, STM32MP255AAI3, STM32MP255AAK3, STM32MP255AAL3, STM32MP255CAI3, STM32MP255CAK3, STM32MP255CAL3, STM32MP255DAI3, STM32MP255DAK3, STM32MP255DAL3, STM32MP255FAI3, STM32MP255FAK3, STM32MP255FAL3, STM32MP257AAI3, STM32MP257AAK3, STM32MP257AAL3, STM32MP257CAI3, STM32MP257CAK3, STM32MP257CAL3, STM32MP257DAI3, STM32MP257DAK3, STM32MP257DAL3, STM32MP257F-DK, STM32MP257F-EV1, STM32MP257FAI3, STM32MP257FAK3, STM32MP257FAL3, STM32N645A0H3Q, STM32N645B0H3Q, STM32N645I0H3Q, STM32N645L0H3Q, STM32N645X0H3Q, STM32N645Z0H3Q, STM32N647A0H3Q, STM32N647B0H3Q, STM32N647I0H3Q, STM32N647L0H3Q, STM32N647X0H3Q, STM32N647Z0H3Q, STM32N655A0H3Q, STM32N655B0H3Q, STM32N655I0H3Q, STM32N655L0H3Q, STM32N655X0H3Q, STM32N655Z0H3Q, STM32N6570-DK, STM32N657A0H3Q, STM32N657B0H3Q, STM32N657I0H3Q, STM32N657L0H3Q, STM32N657X0H3Q, STM32N657Z0H3Q, STM32U031C6T6, STM32U031C6U6, STM32U031C8T6, STM32U031C8U6, STM32U031F4P6, STM32U031F6P6, STM32U031F8P6, STM32U031G6Y6TR, STM32U031G8Y6TR, STM32U031K4U6, STM32U031K6U6, STM32U031K8U6, STM32U031R6I6, STM32U031R6T6, STM32U031R8I6, STM32U031R8T6, STM32U073C8T6, STM32U073C8U6, STM32U073CBT6, STM32U073CBU6, STM32U073CCT6, STM32U073CCU6, STM32U073H8Y6TR, STM32U073HBY6TR, STM32U073HCY6TR, STM32U073K8U6, STM32U073KBU6, STM32U073KCU6, STM32U073M8I6, STM32U073M8T6, STM32U073MBI6, STM32U073MBT6, STM32U073MCI6, STM32U073MCT6, STM32U073R8I6, STM32U073R8T6, STM32U073RBI6, STM32U073RBT6, STM32U073RCI6, STM32U073RCT6, STM32U083C-DK, STM32U083CCT6, STM32U083CCU6, STM32U083HCY6TR, STM32U083KCU6, STM32U083MCI6, STM32U083MCT6, STM32U083RCI6, STM32U083RCT6, STM32U375CET6, STM32U375CET6Q, STM32U375CEU6, STM32U375CEU6Q, STM32U375CEY6QTR, STM32U375CGT6, STM32U375CGT6Q, STM32U375CGU6, STM32U375CGU6Q, STM32U375CGY6QTR, STM32U375KEU6, STM32U375KGU6, STM32U375REI6, STM32U375REI6Q, STM32U375RET6, STM32U375RET6Q, STM32U375REY6GTR, STM32U375REY6QTR, STM32U375RGI6, STM32U375RGI6Q, STM32U375RGT6, STM32U375RGT6Q, STM32U375RGY6GTR, STM32U375RGY6QTR, STM32U375VEI6, STM32U375VEI6Q, STM32U375VET6, STM32U375VET6Q, STM32U375VGI6, STM32U375VGI6Q, STM32U375VGT6, STM32U375VGT6Q, STM32U385CGT6, STM32U385CGT6Q, STM32U385CGU6, STM32U385CGU6Q, STM32U385CGY6QTR, STM32U385KGU6, STM32U385RGI6, STM32U385RGI6Q, STM32U385RGT6, STM32U385RGT6Q, STM32U385RGY6GTR, STM32U385RGY6QTR, STM32U385VGI6, STM32U385VGI6Q, STM32U385VGT6, STM32U385VGT6Q, STM32U535CBT6, STM32U535CBT6Q, STM32U535CBU6, STM32U535CBU6Q, STM32U535CCT6, STM32U535CCT6Q, STM32U535CCU6, STM32U535CCU6Q, STM32U535CET6, STM32U535CET6Q, STM32U535CEU6, STM32U535CEU6Q, STM32U535JEY6QTR, STM32U535NCY6QTR, STM32U535NEY6QTR, STM32U535RBI6, STM32U535RBI6Q, STM32U535RBT6, STM32U535RBT6Q, STM32U535RCI6, STM32U535RCI6Q, STM32U535RCT6, STM32U535RCT6Q, STM32U535REI6, STM32U535REI6Q, STM32U535RET6, STM32U535RET6Q, STM32U535VCI6, STM32U535VCI6Q, STM32U535VCT6, STM32U535VCT6Q, STM32U535VEI6, STM32U535VEI6Q, STM32U535VET6, STM32U535VET6Q, STM32U545CET6, STM32U545CET6Q, STM32U545CEU6, STM32U545CEU6Q, STM32U545JEY6QTR, STM32U545NEY6QTR, STM32U545REI6, STM32U545REI6Q, STM32U545RET6, STM32U545RET6Q, STM32U545VEI6, STM32U545VEI6Q, STM32U545VET6, STM32U545VET6Q, STM32U595AIH6, STM32U595AIH6Q, STM32U595AJH6, STM32U595AJH6Q, STM32U595QII6, STM32U595QII6Q, STM32U595QJI6, STM32U595QJI6Q, STM32U595RIT6, STM32U595RIT6Q, STM32U595RJT6, STM32U595RJT6Q, STM32U595VIT6, STM32U595VIT6Q, STM32U595VJT6, STM32U595VJT6Q, STM32U595ZIT6, STM32U595ZIT6Q, STM32U595ZIY6QTR, STM32U595ZJT6, STM32U595ZJT6Q, STM32U595ZJY6QTR, STM32U599BJY6QTR, STM32U599NIH6Q, STM32U599NJH6Q, STM32U599VIT6Q, STM32U599VJT6, STM32U599VJT6Q, STM32U599ZIT6Q, STM32U599ZIY6QTR, STM32U599ZJT6Q, STM32U599ZJY6QTR, STM32U5A5AJH6, STM32U5A5AJH6Q, STM32U5A5QII3Q , STM32U5A5QJI6, STM32U5A5QJI6Q, STM32U5A5RJT6, STM32U5A5RJT6Q, STM32U5A5VJT6, STM32U5A5VJT6Q, STM32U5A5ZJT6, STM32U5A5ZJT6Q, STM32U5A5ZJY6QTR, STM32U5A9BJY6QTR, STM32U5A9J-DK, STM32U5A9NJH6Q, STM32U5A9VJT6Q, STM32U5A9ZJT6Q, STM32U5A9ZJY6QTR, STM32U5F7VIT6, STM32U5F7VIT6Q, STM32U5F7VJT6, STM32U5F7VJT6Q, STM32U5F9BJY6QTR, STM32U5F9NJH6Q, STM32U5F9VIT6Q, STM32U5F9VJT6Q, STM32U5F9ZIJ6QTR, STM32U5F9ZIT6Q, STM32U5F9ZJJ6QTR, STM32U5F9ZJT6Q, STM32U5G7VJT6, STM32U5G7VJT6Q, STM32U5G9BJY6QTR, STM32U5G9J-DK1, STM32U5G9J-DK2, STM32U5G9NJH6Q, STM32U5G9VJT6Q, STM32U5G9ZJJ6QTR, STM32U5G9ZJT6Q, STM32WB05KZV6TR, STM32WB05KZV7TR, STM32WB05TZF6TR, STM32WB05TZF7TR, STM32WB06CCF6TR, STM32WB06CCF7TR, STM32WB06CCV6TR, STM32WB06CCV7TR, STM32WB06KCV6TR, STM32WB06KCV7TR, STM32WB07CCF6TR, STM32WB07CCF7TR, STM32WB07CCV6TR, STM32WB07CCV7TR, STM32WB07KCV6TR, STM32WB07KCV7TR, STM32WB09KEV6TR, STM32WB09KEV7TR, STM32WB09TEF6TR, STM32WB09TEF7TR, STM32WB1MMCH6, STM32WBA50KGU6, STM32WBA50KGU6TR, STM32WBA52CEU6, STM32WBA52CEU6TR, STM32WBA52CEU7, STM32WBA52CEU7TR, STM32WBA52CGU6, STM32WBA52CGU6TR, STM32WBA52CGU6U, STM32WBA52CGU7, STM32WBA52CGU7TR, STM32WBA52KEU6, STM32WBA52KEU6TR, STM32WBA52KGU6, STM32WBA52KGU6TR, STM32WBA54CEU6, STM32WBA54CEU6TR, STM32WBA54CEU7, STM32WBA54CEU7TR, STM32WBA54CGU6, STM32WBA54CGU6TR, STM32WBA54CGU7, STM32WBA54CGU7TR, STM32WBA54KEU6, STM32WBA54KEU6TR, STM32WBA54KEU7, STM32WBA54KEU7TR, STM32WBA54KGU6, STM32WBA54KGU6TR, STM32WBA54KGU7, STM32WBA54KGU7TR, STM32WBA55CEU6, STM32WBA55CEU6TR, STM32WBA55CEU7, STM32WBA55CEU7TR, STM32WBA55CGU6, STM32WBA55CGU6TR, STM32WBA55CGU6U, STM32WBA55CGU7, STM32WBA55CGU7TR, STM32WBA55G-DK1, STM32WBA55HEF6, STM32WBA55HEF7, STM32WBA55HGF6, STM32WBA55HGF7, STM32WBA55UEI6, STM32WBA55UEI6TR, STM32WBA55UEI7, STM32WBA55UEI7TR, STM32WBA55UGI6, STM32WBA55UGI6TR, STM32WBA55UGI7, STM32WBA55UGI7TR, STM32WBA5MMGH6TR, STM32WBA62MGF6, STM32WBA62MIF6, STM32WBA65MGF7, STM32WBA65MIF6, STM32WBA65MIF7, STM32WL30K8V6, STM32WL30KBV6, STM32WL31C8V6, STM32WL31CBV6, STM32WL31K8V6, STM32WL31KBV6, STM32WL33C8V6, STM32WL33C8V6X, STM32WL33CBV6, STM32WL33CBV6X, STM32WL33CCV6, STM32WL33CCV6A, STM32WL33CCV6X, STM32WL33K8V7, STM32WL33K8V7X, STM32WL33KBV7 , STM32WL33KBV7X, STM32WL33KCV7, STM32WL33KCV7X, STM32WL5MOCH6, STM32WL5MOCH6TR]
2026-02-22 00:29:06,175 [INFO] DbMcus:218 - Found 4876 MCUs, 4876 are supported
2026-02-22 00:29:06,176 [INFO] ApiDb:423 - Load user favorites file C:\Users\USER/.stm32cubeide/favorites.mcus.txt: 0 item(s)
2026-02-22 00:29:06,176 [INFO] ApiDb:427 - User favorites MCUs=[]
2026-02-22 00:29:06,176 [INFO] DbMcus:224 - Set 0 / 0 favorites MCUs
2026-02-22 00:29:06,595 [ERROR] LogOutputStream:75 - [STDERR_REDIRECT] [Fatal Error] :1:1: Premature end of file.
2026-02-22 00:29:06,595 [ERROR] LogOutputStream:75 - [STDERR_REDIRECT] 
2026-02-22 00:29:06,658 [INFO] BoardInfo:889 - No configuration file found for board P-NUCLEO-WB55
2026-02-22 00:29:06,659 [INFO] DbBoards:161 - Kit is not supported: P-NUCLEO-WB55
2026-02-22 00:29:06,663 [INFO] BoardInfo:889 - No configuration file found for board STEVAL-BFA001V1B
2026-02-22 00:29:06,664 [INFO] DbBoards:161 - Kit is not supported: STEVAL-BFA001V1B
2026-02-22 00:29:06,664 [INFO] BoardInfo:889 - No configuration file found for board STEVAL-BFA001V2B
2026-02-22 00:29:06,665 [INFO] DbBoards:161 - Kit is not supported: STEVAL-BFA001V2B
2026-02-22 00:29:06,768 [INFO] DbBoards:168 - Found 212 boards, 209 are supported
2026-02-22 00:29:06,768 [INFO] DbBoards:169 - Found 212 boards, 43 of them is supported for  Bsp
2026-02-22 00:29:06,770 [INFO] ApiDb:423 - Load user favorites file C:\Users\USER/.stm32cubeide/favorites.boards.txt: 0 item(s)
2026-02-22 00:29:06,770 [INFO] ApiDb:427 - User favorites Boards=[]
2026-02-22 00:29:06,770 [INFO] DbBoards:198 - Set 0 / 0 favorites Boards
2026-02-22 00:29:06,831 [INFO] UtilMem:75 - End LoadConfig() Used Memory: 389194208 Bytes (465567744)
2026-02-22 00:29:06,946 [WARN] ThirdParty:833 - waiting for thirdparty lock release [change project]
2026-02-22 00:29:06,946 [INFO] ThirdParty:835 - entering critical section [change project]
2026-02-22 00:29:06,946 [INFO] ThirdParty:1030 - CMSIS Pack Vendor :STMicroelectronics X-CUBE-PM33A1 1.0.0
2026-02-22 00:29:06,946 [INFO] ThirdParty:1030 - CMSIS Pack Vendor :STMicroelectronics USBPD 4.1
2026-02-22 00:29:06,946 [INFO] ThirdParty:1030 - CMSIS Pack Vendor :STMicroelectronics X-CUBE-NFC9 1.0.0
2026-02-22 00:29:06,946 [INFO] ThirdParty:1030 - CMSIS Pack Vendor :STMicroelectronics USB_HOST 2.0.0
2026-02-22 00:29:06,946 [INFO] ThirdParty:1030 - CMSIS Pack Vendor :STMicroelectronics FP-SNS-MOTENVWB1 1.4.0
2026-02-22 00:29:06,946 [INFO] ThirdParty:1030 - CMSIS Pack Vendor :STMicroelectronics X-CUBE-AZRTOS-F4 1.1.0
2026-02-22 00:29:06,946 [INFO] ThirdParty:1030 - CMSIS Pack Vendor :STMicroelectronics LIBJPEG 8.0.0
2026-02-22 00:29:06,946 [INFO] ThirdParty:1030 - CMSIS Pack Vendor :STMicroelectronics FP-ATR-ASTRA1 2.0.2
2026-02-22 00:29:06,947 [INFO] ThirdParty:1030 - CMSIS Pack Vendor :STMicroelectronics X-CUBE-BLE1 7.1.0
2026-02-22 00:29:06,947 [INFO] ThirdParty:1030 - CMSIS Pack Vendor :STMicroelectronics X-CUBE-SMBUS 2.1.0
2026-02-22 00:29:06,947 [INFO] ThirdParty:1030 - CMSIS Pack Vendor :wolfSSL I-CUBE-wolfMQTT 1.19.2
2026-02-22 00:29:06,947 [INFO] ThirdParty:1030 - CMSIS Pack Vendor :STMicroelectronics USB_DEVICE 3.0.0
2026-02-22 00:29:06,947 [INFO] ThirdParty:1030 - CMSIS Pack Vendor :STMicroelectronics X-CUBE-ISPU 2.1.0
2026-02-22 00:29:06,947 [INFO] ThirdParty:1030 - CMSIS Pack Vendor :STMicroelectronics X-CUBE-FREERTOS 1.4.0
2026-02-22 00:29:06,947 [INFO] ThirdParty:1030 - CMSIS Pack Vendor :STMicroelectronics X-CUBE-EEPRMA1 5.2.0
2026-02-22 00:29:06,947 [INFO] ThirdParty:1030 - CMSIS Pack Vendor :STMicroelectronics X-CUBE-IPS 3.2.0
2026-02-22 00:29:06,947 [INFO] ThirdParty:1030 - CMSIS Pack Vendor :STMicroelectronics X-CUBE-BLEMGR 4.1.0
2026-02-22 00:29:06,947 [INFO] ThirdParty:1030 - CMSIS Pack Vendor :STMicroelectronics X-CUBE-AZRTOS-WB 2.0.0
2026-02-22 00:29:06,947 [INFO] ThirdParty:1030 - CMSIS Pack Vendor :wolfSSL I-CUBE-wolfSSL 5.8.4
2026-02-22 00:29:06,947 [INFO] ThirdParty:1030 - CMSIS Pack Vendor :Cesanta I-CUBE-Mongoose 7.20.0
2026-02-22 00:29:06,947 [INFO] ThirdParty:1030 - CMSIS Pack Vendor :STMicroelectronics X-CUBE-NFC12 1.0.0
2026-02-22 00:29:06,947 [INFO] ThirdParty:1030 - CMSIS Pack Vendor :STMicroelectronics X-CUBE-AZRTOS-F7 1.1.0
2026-02-22 00:29:06,947 [INFO] ThirdParty:1030 - CMSIS Pack Vendor :STMicroelectronics X-CUBE-AZRTOS-L5 2.0.0
2026-02-22 00:29:06,947 [INFO] ThirdParty:1030 - CMSIS Pack Vendor :STMicroelectronics USB_DEVICE 2.0.0
2026-02-22 00:29:06,947 [INFO] ThirdParty:1030 - CMSIS Pack Vendor :quantropi X-CUBE-qispace-sdk-base 2.1.0
2026-02-22 00:29:06,947 [INFO] ThirdParty:1030 - CMSIS Pack Vendor :STMicroelectronics X-CUBE-MEMS1 12.0.0
2026-02-22 00:29:06,947 [INFO] ThirdParty:1030 - CMSIS Pack Vendor :STMicroelectronics X-CUBE-STSE01 2.0.0
2026-02-22 00:29:06,947 [INFO] ThirdParty:1030 - CMSIS Pack Vendor :STMicroelectronics FP-SNS-MOTENV1 5.1.0
2026-02-22 00:29:06,947 [INFO] ThirdParty:1030 - CMSIS Pack Vendor :STMicroelectronics FreeRTOS 0.0.1
2026-02-22 00:29:06,947 [INFO] ThirdParty:1030 - CMSIS Pack Vendor :STMicroelectronics X-CUBE-AZRTOS-G0 1.1.0
2026-02-22 00:29:06,947 [INFO] ThirdParty:1030 - CMSIS Pack Vendor :STMicroelectronics X-CUBE-NFC4 3.0.0
2026-02-22 00:29:06,947 [INFO] ThirdParty:1030 - CMSIS Pack Vendor :STMicroelectronics X-CUBE-SUBG2 5.0.0
2026-02-22 00:29:06,947 [INFO] ThirdParty:1030 - CMSIS Pack Vendor :STMicroelectronics STM32_WPAN 1.0.0
2026-02-22 00:29:06,947 [INFO] ThirdParty:1030 - CMSIS Pack Vendor :EmbeddedOffice I-CUBE-FS-RTOS 1.0.1
2026-02-22 00:29:06,947 [INFO] ThirdParty:1030 - CMSIS Pack Vendor :STMicroelectronics lwIP 2.0.3
2026-02-22 00:29:06,947 [INFO] ThirdParty:1030 - CMSIS Pack Vendor :WES I-CUBE-Cesium 1.4.0
2026-02-22 00:29:06,947 [INFO] ThirdParty:1030 - CMSIS Pack Vendor :STMicroelectronics USB_HOST 1.0.0
2026-02-22 00:29:06,947 [INFO] ThirdParty:1030 - CMSIS Pack Vendor :STMicroelectronics X-CUBE-AZRTOS-G4 2.0.0
2026-02-22 00:29:06,948 [INFO] ThirdParty:1030 - CMSIS Pack Vendor :STMicroelectronics X-CUBE-WB05N 2.0.0
2026-02-22 00:29:06,948 [INFO] ThirdParty:1030 - CMSIS Pack Vendor :STMicroelectronics PDM2PCM 3.1.0
2026-02-22 00:29:06,948 [INFO] ThirdParty:1030 - CMSIS Pack Vendor :STMicroelectronics PDM2PCM 3.3.0
2026-02-22 00:29:06,948 [INFO] ThirdParty:1030 - CMSIS Pack Vendor :wolfSSL I-CUBE-wolfTPM 3.8.0
2026-02-22 00:29:06,948 [INFO] ThirdParty:1030 - CMSIS Pack Vendor :STMicroelectronics X-CUBE-AZRTOS-H7 3.4.0
2026-02-22 00:29:06,948 [INFO] ThirdParty:1030 - CMSIS Pack Vendor :STMicroelectronics X-CUBE-DISPLAY 3.0.0
2026-02-22 00:29:06,948 [INFO] ThirdParty:1030 - CMSIS Pack Vendor :wolfSSL I-CUBE-wolfSSH 1.4.20
2026-02-22 00:29:06,948 [INFO] ThirdParty:1030 - CMSIS Pack Vendor :STMicroelectronics X-CUBE-NFC7 2.0.0
2026-02-22 00:29:06,948 [INFO] ThirdParty:1030 - CMSIS Pack Vendor :STMicroelectronics X-CUBE-TCPP 4.2.0
2026-02-22 00:29:06,948 [INFO] ThirdParty:1030 - CMSIS Pack Vendor :RealThread X-CUBE-RT-Thread_Nano 4.1.1
2026-02-22 00:29:06,948 [INFO] ThirdParty:1030 - CMSIS Pack Vendor :STMicroelectronics FP-ATR-SIGFOX1 3.2.0
2026-02-22 00:29:06,948 [INFO] ThirdParty:1030 - CMSIS Pack Vendor :STMicroelectronics X-CUBE-NFC10 1.0.0
2026-02-22 00:29:06,948 [INFO] ThirdParty:1030 - CMSIS Pack Vendor :STMicroelectronics HAL Drivers 0.0.0
2026-02-22 00:29:06,948 [INFO] ThirdParty:1030 - CMSIS Pack Vendor :STMicroelectronics MBEDTLS 2.16.2
2026-02-22 00:29:06,948 [INFO] ThirdParty:1030 - CMSIS Pack Vendor :STMicroelectronics X-CUBE-ST60 1.1.0
2026-02-22 00:29:06,948 [INFO] ThirdParty:1030 - CMSIS Pack Vendor :STMicroelectronics X-CUBE-ALS 1.0.2
2026-02-22 00:29:06,948 [INFO] ThirdParty:1030 - CMSIS Pack Vendor :emotas I-CUBE-CANOPEN 1.3.0
2026-02-22 00:29:06,948 [INFO] ThirdParty:1030 - CMSIS Pack Vendor :STMicroelectronics MBEDTLS 2.14.1
2026-02-22 00:29:06,948 [INFO] ThirdParty:1030 - CMSIS Pack Vendor :STMicroelectronics X-CUBE-GNSS1 7.1.0
2026-02-22 00:29:06,948 [INFO] ThirdParty:1030 - CMSIS Pack Vendor :ITTIA_DB I-CUBE-ITTIADB 8.9.0
2026-02-22 00:29:06,948 [INFO] ThirdParty:1030 - CMSIS Pack Vendor :STMicroelectronics X-CUBE-TOUCHGFX 4.26.0
2026-02-22 00:29:06,948 [INFO] ThirdParty:1030 - CMSIS Pack Vendor :STMicroelectronics X-CUBE-NFC6 3.2.0
2026-02-22 00:29:06,948 [INFO] ThirdParty:1030 - CMSIS Pack Vendor :STMicroelectronics FP-SNS-STBOX1 2.1.0
2026-02-22 00:29:06,948 [INFO] ThirdParty:1030 - CMSIS Pack Vendor :STMicroelectronics X-CUBE-AI 10.2.0
2026-02-22 00:29:06,948 [INFO] ThirdParty:1030 - CMSIS Pack Vendor :STMicroelectronics FP-SNS-STAIOTCFT 1.0.0
2026-02-22 00:29:06,948 [INFO] ThirdParty:1030 - CMSIS Pack Vendor :STMicroelectronics ThreadX 1.0.0
2026-02-22 00:29:06,948 [INFO] ThirdParty:1030 - CMSIS Pack Vendor :STMicroelectronics FP-SNS-SMARTAG2 1.2.0
2026-02-22 00:29:06,948 [INFO] ThirdParty:1030 - CMSIS Pack Vendor :STMicroelectronics FP-SNS-FLIGHT1 5.1.0
2026-02-22 00:29:06,948 [INFO] ThirdParty:1030 - CMSIS Pack Vendor :STMicroelectronics X-CUBE-AZRTOS-WL 2.0.0
2026-02-22 00:29:06,949 [INFO] ThirdParty:1030 - CMSIS Pack Vendor :SEGGER I-CUBE-embOS 1.3.1
2026-02-22 00:29:06,949 [INFO] ThirdParty:1030 - CMSIS Pack Vendor :STMicroelectronics X-CUBE-ALGOBUILD 1.4.0
2026-02-22 00:29:06,949 [INFO] ThirdParty:1030 - CMSIS Pack Vendor :STMicroelectronics X-CUBE-DPower 1.3.0
2026-02-22 00:29:06,949 [INFO] ThirdParty:1030 - CMSIS Pack Vendor :STMicroelectronics USB_DEVICE 1.0.0
2026-02-22 00:29:06,949 [INFO] ThirdParty:1030 - CMSIS Pack Vendor :STMicroelectronics X-CUBE-AZRTOS-H7RS 1.2.0
2026-02-22 00:29:06,949 [INFO] ThirdParty:1030 - CMSIS Pack Vendor :STMicroelectronics X-CUBE-AZRTOS-L4 2.0.0
2026-02-22 00:29:06,949 [INFO] ThirdParty:1030 - CMSIS Pack Vendor :STMicroelectronics ThreadX 0.0.2
2026-02-22 00:29:06,949 [INFO] ThirdParty:1030 - CMSIS Pack Vendor :STMicroelectronics lwIP 2.1.2
2026-02-22 00:29:06,949 [INFO] ThirdParty:1030 - CMSIS Pack Vendor :STMicroelectronics X-CUBE-SFXS2LP1 4.0.0
2026-02-22 00:29:06,949 [INFO] ThirdParty:1030 - CMSIS Pack Vendor :STMicroelectronics X-CUBE-BLE2 3.3.0
2026-02-22 00:29:06,949 [INFO] ThirdParty:1030 - CMSIS Pack Vendor :Avnet-IOTCONNECT X-CUBE-iotc-st67-sdk 1.0.0
2026-02-22 00:29:06,949 [INFO] ThirdParty:1030 - CMSIS Pack Vendor :STMicroelectronics X-CUBE-TOF1 3.4.3
2026-02-22 00:29:06,949 [INFO] ThirdParty:1030 - CMSIS Pack Vendor :Infineon AIROC-Wi-Fi-Bluetooth-STM32 1.8.0
2026-02-22 00:29:06,949 [INFO] ThirdParty:1030 - CMSIS Pack Vendor :STMicroelectronics PDM2PCM 3.2.0
2026-02-22 00:29:06,949 [INFO] ThirdParty:1030 - CMSIS Pack Vendor :STMicroelectronics X-CUBE-ST67W61 1.2.0
2026-02-22 00:29:06,949 [INFO] ThirdParty:841 - exiting critical section [change project]
2026-02-22 00:29:07,309 [INFO] PinOutPanel:1589 - setPackage(No Configuration,No Configuration)
2026-02-22 00:29:07,310 [INFO] PinOutPanel:1589 - setPackage(STM32F405RGTx,LQFP64)
2026-02-22 00:29:07,592 [ERROR] LogOutputStream:75 - [STDERR_REDIRECT] [Fatal Error] :1:1: Premature end of file.
2026-02-22 00:29:07,593 [ERROR] LogOutputStream:75 - [STDERR_REDIRECT] 
2026-02-22 00:29:07,746 [INFO] UtilMem:75 - Before build in PCC Used Memory: 359715688 Bytes (465567744)
2026-02-22 00:29:08,266 [INFO] UtilMem:75 - After build in PCC Used Memory: 429054480 Bytes (465567744)
2026-02-22 00:29:08,291 [INFO] IPUIPlugin:80 - create IPUIPlugin
2026-02-22 00:29:08,291 [INFO] IPUIPlugin:80 - create IPUIPlugin
2026-02-22 00:29:08,291 [INFO] IPUIPlugin:80 - create IPUIPlugin
2026-02-22 00:29:08,291 [INFO] IPUIPlugin:80 - create IPUIPlugin
2026-02-22 00:29:08,291 [INFO] IPUIPlugin:80 - create IPUIPlugin
2026-02-22 00:29:08,292 [INFO] IPUIPlugin:80 - create IPUIPlugin
2026-02-22 00:29:08,292 [INFO] IPUIPlugin:80 - create IPUIPlugin
2026-02-22 00:29:08,292 [INFO] IPUIPlugin:80 - create IPUIPlugin
2026-02-22 00:29:08,292 [INFO] IPUIPlugin:80 - create IPUIPlugin
2026-02-22 00:29:08,292 [INFO] IPUIPlugin:80 - create IPUIPlugin
2026-02-22 00:29:08,292 [INFO] IPUIPlugin:80 - create IPUIPlugin
2026-02-22 00:29:08,292 [INFO] IPUIPlugin:80 - create IPUIPlugin
2026-02-22 00:29:08,292 [INFO] IPUIPlugin:80 - create IPUIPlugin
2026-02-22 00:29:08,292 [INFO] IPUIPlugin:80 - create IPUIPlugin
2026-02-22 00:29:08,292 [INFO] IPUIPlugin:80 - create IPUIPlugin
2026-02-22 00:29:08,292 [INFO] IPUIPlugin:80 - create IPUIPlugin
2026-02-22 00:29:08,292 [INFO] IPUIPlugin:80 - create IPUIPlugin
2026-02-22 00:29:08,293 [INFO] IPUIPlugin:80 - create IPUIPlugin
2026-02-22 00:29:08,293 [INFO] IPUIPlugin:80 - create IPUIPlugin
2026-02-22 00:29:08,293 [INFO] IPUIPlugin:80 - create IPUIPlugin
2026-02-22 00:29:08,293 [INFO] IPUIPlugin:80 - create IPUIPlugin
2026-02-22 00:29:08,293 [INFO] IPUIPlugin:80 - create IPUIPlugin
2026-02-22 00:29:08,293 [INFO] IPUIPlugin:80 - create IPUIPlugin
2026-02-22 00:29:08,293 [INFO] IPUIPlugin:80 - create IPUIPlugin
2026-02-22 00:29:08,294 [INFO] IPUIPlugin:80 - create IPUIPlugin
2026-02-22 00:29:08,294 [INFO] IPUIPlugin:80 - create IPUIPlugin
2026-02-22 00:29:08,294 [INFO] IPUIPlugin:80 - create IPUIPlugin
2026-02-22 00:29:08,294 [INFO] IPUIPlugin:80 - create IPUIPlugin
2026-02-22 00:29:08,294 [INFO] IPUIPlugin:80 - create IPUIPlugin
2026-02-22 00:29:08,295 [INFO] IPUIPlugin:80 - create IPUIPlugin
2026-02-22 00:29:08,295 [INFO] IPUIPlugin:80 - create IPUIPlugin
2026-02-22 00:29:08,295 [INFO] IPUIPlugin:80 - create IPUIPlugin
2026-02-22 00:29:08,295 [INFO] IPUIPlugin:80 - create IPUIPlugin
2026-02-22 00:29:08,295 [INFO] IPUIPlugin:80 - create IPUIPlugin
2026-02-22 00:29:08,295 [INFO] IPUIPlugin:80 - create IPUIPlugin
2026-02-22 00:29:08,296 [INFO] IPUIPlugin:80 - create IPUIPlugin
2026-02-22 00:29:08,296 [INFO] IPUIPlugin:80 - create IPUIPlugin
2026-02-22 00:29:08,296 [INFO] IPUIPlugin:80 - create IPUIPlugin
2026-02-22 00:29:08,296 [INFO] IPUIPlugin:80 - create IPUIPlugin
2026-02-22 00:29:08,296 [INFO] IPUIPlugin:80 - create IPUIPlugin
2026-02-22 00:29:08,297 [INFO] IPUIPlugin:80 - create IPUIPlugin
2026-02-22 00:29:08,297 [INFO] IPUIPlugin:80 - create IPUIPlugin
2026-02-22 00:29:08,297 [INFO] IPUIPlugin:80 - create IPUIPlugin
2026-02-22 00:29:08,297 [INFO] IPUIPlugin:80 - create IPUIPlugin
2026-02-22 00:29:08,297 [INFO] IPUIPlugin:80 - create IPUIPlugin
2026-02-22 00:29:08,298 [INFO] IPUIPlugin:80 - create IPUIPlugin
2026-02-22 00:29:08,298 [INFO] IPUIPlugin:80 - create IPUIPlugin
2026-02-22 00:29:08,298 [INFO] IPUIPlugin:80 - create IPUIPlugin
2026-02-22 00:29:08,298 [INFO] IPUIPlugin:80 - create IPUIPlugin
2026-02-22 00:29:08,299 [INFO] IPUIPlugin:80 - create IPUIPlugin
2026-02-22 00:29:08,299 [INFO] IPUIPlugin:80 - create IPUIPlugin
2026-02-22 00:29:08,299 [INFO] IPUIPlugin:80 - create IPUIPlugin
2026-02-22 00:29:08,299 [INFO] IPUIPlugin:80 - create IPUIPlugin
2026-02-22 00:29:08,300 [INFO] IPUIPlugin:80 - create IPUIPlugin
2026-02-22 00:29:08,370 [INFO] ApiDbMcu:532 - Load IP Config File for PDM2PCM
2026-02-22 00:29:08,517 [INFO] CADModel:165 - CPN selected for project levelSTM32F405RGT6
2026-02-22 00:29:08,517 [INFO] CADModel:114 - Register for checkConnection events
2026-02-22 00:29:08,568 [INFO] OpenFileManager:386 - Restore cursor
2026-02-22 00:29:08,590 [ERROR] LogOutputStream:75 - [STDERR_REDIRECT] [Fatal Error] :1:1: Premature end of file.
2026-02-22 00:29:08,590 [ERROR] LogOutputStream:75 - [STDERR_REDIRECT] 
2026-02-22 00:29:09,594 [ERROR] LogOutputStream:75 - [STDERR_REDIRECT] [Fatal Error] :1:1: Premature end of file.
2026-02-22 00:29:09,594 [ERROR] LogOutputStream:75 - [STDERR_REDIRECT] 
2026-02-22 00:29:10,583 [ERROR] LogOutputStream:75 - [STDERR_REDIRECT] [Fatal Error] :1:1: Premature end of file.
2026-02-22 00:29:10,585 [ERROR] LogOutputStream:75 - [STDERR_REDIRECT] 
2026-02-22 00:29:11,589 [ERROR] LogOutputStream:75 - [STDERR_REDIRECT] [Fatal Error] :1:1: Premature end of file.
2026-02-22 00:29:11,590 [ERROR] LogOutputStream:75 - [STDERR_REDIRECT] 
2026-02-22 00:29:12,585 [ERROR] LogOutputStream:75 - [STDERR_REDIRECT] [Fatal Error] :1:1: Premature end of file.
2026-02-22 00:29:12,585 [ERROR] LogOutputStream:75 - [STDERR_REDIRECT] 
2026-02-22 00:29:13,590 [ERROR] LogOutputStream:75 - [STDERR_REDIRECT] [Fatal Error] :1:1: Premature end of file.
2026-02-22 00:29:13,590 [ERROR] LogOutputStream:75 - [STDERR_REDIRECT] 
2026-02-22 00:29:14,592 [ERROR] LogOutputStream:75 - [STDERR_REDIRECT] [Fatal Error] :1:1: Premature end of file.
2026-02-22 00:29:14,593 [ERROR] LogOutputStream:75 - [STDERR_REDIRECT] 
2026-02-22 00:29:15,591 [ERROR] LogOutputStream:75 - [STDERR_REDIRECT] [Fatal Error] :1:1: Premature end of file.
2026-02-22 00:29:15,591 [ERROR] LogOutputStream:75 - [STDERR_REDIRECT] 
2026-02-22 00:29:16,594 [ERROR] LogOutputStream:75 - [STDERR_REDIRECT] [Fatal Error] :1:1: Premature end of file.
2026-02-22 00:29:16,594 [ERROR] LogOutputStream:75 - [STDERR_REDIRECT] 
2026-02-22 00:29:17,588 [ERROR] LogOutputStream:75 - [STDERR_REDIRECT] [Fatal Error] :1:1: Premature end of file.
2026-02-22 00:29:17,588 [ERROR] LogOutputStream:75 - [STDERR_REDIRECT] 
2026-02-22 00:29:18,588 [ERROR] LogOutputStream:75 - [STDERR_REDIRECT] [Fatal Error] :1:1: Premature end of file.
2026-02-22 00:29:18,589 [ERROR] LogOutputStream:75 - [STDERR_REDIRECT] 
2026-02-22 00:29:19,585 [ERROR] LogOutputStream:75 - [STDERR_REDIRECT] [Fatal Error] :1:1: Premature end of file.
2026-02-22 00:29:19,585 [ERROR] LogOutputStream:75 - [STDERR_REDIRECT] 
2026-02-22 00:29:20,584 [ERROR] LogOutputStream:75 - [STDERR_REDIRECT] [Fatal Error] :1:1: Premature end of file.
2026-02-22 00:29:20,584 [ERROR] LogOutputStream:75 - [STDERR_REDIRECT] 
2026-02-22 00:29:21,592 [ERROR] LogOutputStream:75 - [STDERR_REDIRECT] [Fatal Error] :1:1: Premature end of file.
2026-02-22 00:29:21,592 [ERROR] LogOutputStream:75 - [STDERR_REDIRECT] 
2026-02-22 00:29:22,584 [ERROR] LogOutputStream:75 - [STDERR_REDIRECT] [Fatal Error] :1:1: Premature end of file.
2026-02-22 00:29:22,584 [ERROR] LogOutputStream:75 - [STDERR_REDIRECT] 
2026-02-22 00:29:23,592 [ERROR] LogOutputStream:75 - [STDERR_REDIRECT] [Fatal Error] :1:1: Premature end of file.
2026-02-22 00:29:23,592 [ERROR] LogOutputStream:75 - [STDERR_REDIRECT] 
2026-02-22 00:29:24,601 [ERROR] LogOutputStream:75 - [STDERR_REDIRECT] [Fatal Error] :1:1: Premature end of file.
2026-02-22 00:29:24,601 [ERROR] LogOutputStream:75 - [STDERR_REDIRECT] 
2026-02-22 00:29:25,584 [ERROR] LogOutputStream:75 - [STDERR_REDIRECT] [Fatal Error] :1:1: Premature end of file.
2026-02-22 00:29:25,585 [ERROR] LogOutputStream:75 - [STDERR_REDIRECT] 
2026-02-22 00:29:26,584 [ERROR] LogOutputStream:75 - [STDERR_REDIRECT] [Fatal Error] :1:1: Premature end of file.
2026-02-22 00:29:26,584 [ERROR] LogOutputStream:75 - [STDERR_REDIRECT] 
2026-02-22 00:29:27,583 [ERROR] LogOutputStream:75 - [STDERR_REDIRECT] [Fatal Error] :1:1: Premature end of file.
2026-02-22 00:29:27,583 [ERROR] LogOutputStream:75 - [STDERR_REDIRECT] 
2026-02-22 00:29:28,594 [ERROR] LogOutputStream:75 - [STDERR_REDIRECT] [Fatal Error] :1:1: Premature end of file.
2026-02-22 00:29:28,594 [ERROR] LogOutputStream:75 - [STDERR_REDIRECT] 
2026-02-22 00:29:29,600 [ERROR] LogOutputStream:75 - [STDERR_REDIRECT] [Fatal Error] :1:1: Premature end of file.
2026-02-22 00:29:29,601 [ERROR] LogOutputStream:75 - [STDERR_REDIRECT] 
2026-02-22 00:29:30,599 [ERROR] LogOutputStream:75 - [STDERR_REDIRECT] [Fatal Error] :1:1: Premature end of file.
2026-02-22 00:29:30,600 [ERROR] LogOutputStream:75 - [STDERR_REDIRECT] 
2026-02-22 00:29:31,584 [ERROR] LogOutputStream:75 - [STDERR_REDIRECT] [Fatal Error] :1:1: Premature end of file.
2026-02-22 00:29:31,584 [ERROR] LogOutputStream:75 - [STDERR_REDIRECT] 
2026-02-22 00:29:32,583 [ERROR] LogOutputStream:75 - [STDERR_REDIRECT] [Fatal Error] :1:1: Premature end of file.
2026-02-22 00:29:32,583 [ERROR] LogOutputStream:75 - [STDERR_REDIRECT] 
2026-02-22 00:29:33,582 [ERROR] LogOutputStream:75 - [STDERR_REDIRECT] [Fatal Error] :1:1: Premature end of file.
2026-02-22 00:29:33,582 [ERROR] LogOutputStream:75 - [STDERR_REDIRECT] 
2026-02-22 00:29:34,587 [ERROR] LogOutputStream:75 - [STDERR_REDIRECT] [Fatal Error] :1:1: Premature end of file.
2026-02-22 00:29:34,587 [ERROR] LogOutputStream:75 - [STDERR_REDIRECT] 
2026-02-22 00:29:35,586 [ERROR] LogOutputStream:75 - [STDERR_REDIRECT] [Fatal Error] :1:1: Premature end of file.
2026-02-22 00:29:35,586 [ERROR] LogOutputStream:75 - [STDERR_REDIRECT] 
2026-02-22 00:29:36,585 [ERROR] LogOutputStream:75 - [STDERR_REDIRECT] [Fatal Error] :1:1: Premature end of file.
2026-02-22 00:29:36,585 [ERROR] LogOutputStream:75 - [STDERR_REDIRECT] 
2026-02-22 00:29:37,584 [ERROR] LogOutputStream:75 - [STDERR_REDIRECT] [Fatal Error] :1:1: Premature end of file.
2026-02-22 00:29:37,584 [ERROR] LogOutputStream:75 - [STDERR_REDIRECT] 
2026-02-22 00:29:38,593 [ERROR] LogOutputStream:75 - [STDERR_REDIRECT] [Fatal Error] :1:1: Premature end of file.
2026-02-22 00:29:38,593 [ERROR] LogOutputStream:75 - [STDERR_REDIRECT] 
2026-02-22 00:29:39,596 [ERROR] LogOutputStream:75 - [STDERR_REDIRECT] [Fatal Error] :1:1: Premature end of file.
2026-02-22 00:29:39,596 [ERROR] LogOutputStream:75 - [STDERR_REDIRECT] 
2026-02-22 00:29:40,585 [ERROR] LogOutputStream:75 - [STDERR_REDIRECT] [Fatal Error] :1:1: Premature end of file.
2026-02-22 00:29:40,585 [ERROR] LogOutputStream:75 - [STDERR_REDIRECT] 
2026-02-22 00:29:41,583 [ERROR] LogOutputStream:75 - [STDERR_REDIRECT] [Fatal Error] :1:1: Premature end of file.
2026-02-22 00:29:41,583 [ERROR] LogOutputStream:75 - [STDERR_REDIRECT] 
2026-02-22 00:29:42,589 [ERROR] LogOutputStream:75 - [STDERR_REDIRECT] [Fatal Error] :1:1: Premature end of file.
2026-02-22 00:29:42,589 [ERROR] LogOutputStream:75 - [STDERR_REDIRECT] 
2026-02-22 00:29:43,583 [ERROR] LogOutputStream:75 - [STDERR_REDIRECT] [Fatal Error] :1:1: Premature end of file.
2026-02-22 00:29:43,583 [ERROR] LogOutputStream:75 - [STDERR_REDIRECT] 
2026-02-22 00:29:44,594 [ERROR] LogOutputStream:75 - [STDERR_REDIRECT] [Fatal Error] :1:1: Premature end of file.
2026-02-22 00:29:44,594 [ERROR] LogOutputStream:75 - [STDERR_REDIRECT] 
2026-02-22 00:29:45,595 [ERROR] LogOutputStream:75 - [STDERR_REDIRECT] [Fatal Error] :1:1: Premature end of file.
2026-02-22 00:29:45,595 [ERROR] LogOutputStream:75 - [STDERR_REDIRECT] 
2026-02-22 00:29:46,589 [ERROR] LogOutputStream:75 - [STDERR_REDIRECT] [Fatal Error] :1:1: Premature end of file.
2026-02-22 00:29:46,589 [ERROR] LogOutputStream:75 - [STDERR_REDIRECT] 
2026-02-22 00:29:47,585 [ERROR] LogOutputStream:75 - [STDERR_REDIRECT] [Fatal Error] :1:1: Premature end of file.
2026-02-22 00:29:47,585 [ERROR] LogOutputStream:75 - [STDERR_REDIRECT] 
2026-02-22 00:29:48,586 [ERROR] LogOutputStream:75 - [STDERR_REDIRECT] [Fatal Error] :1:1: Premature end of file.
2026-02-22 00:29:48,586 [ERROR] LogOutputStream:75 - [STDERR_REDIRECT] 
2026-02-22 00:29:49,589 [ERROR] LogOutputStream:75 - [STDERR_REDIRECT] [Fatal Error] :1:1: Premature end of file.
2026-02-22 00:29:49,589 [ERROR] LogOutputStream:75 - [STDERR_REDIRECT] 
2026-02-22 00:29:50,583 [ERROR] LogOutputStream:75 - [STDERR_REDIRECT] [Fatal Error] :1:1: Premature end of file.
2026-02-22 00:29:50,583 [ERROR] LogOutputStream:75 - [STDERR_REDIRECT] 
2026-02-22 00:29:51,583 [ERROR] LogOutputStream:75 - [STDERR_REDIRECT] [Fatal Error] :1:1: Premature end of file.
2026-02-22 00:29:51,583 [ERROR] LogOutputStream:75 - [STDERR_REDIRECT] 
2026-02-22 00:29:52,585 [ERROR] LogOutputStream:75 - [STDERR_REDIRECT] [Fatal Error] :1:1: Premature end of file.
2026-02-22 00:29:52,585 [ERROR] LogOutputStream:75 - [STDERR_REDIRECT] 
2026-02-22 00:29:53,582 [ERROR] LogOutputStream:75 - [STDERR_REDIRECT] [Fatal Error] :1:1: Premature end of file.
2026-02-22 00:29:53,583 [ERROR] LogOutputStream:75 - [STDERR_REDIRECT] 
2026-02-22 00:29:54,582 [ERROR] LogOutputStream:75 - [STDERR_REDIRECT] [Fatal Error] :1:1: Premature end of file.
2026-02-22 00:29:54,583 [ERROR] LogOutputStream:75 - [STDERR_REDIRECT] 
2026-02-22 00:29:55,585 [ERROR] LogOutputStream:75 - [STDERR_REDIRECT] [Fatal Error] :1:1: Premature end of file.
2026-02-22 00:29:55,585 [ERROR] LogOutputStream:75 - [STDERR_REDIRECT] 
2026-02-22 00:29:56,581 [ERROR] LogOutputStream:75 - [STDERR_REDIRECT] [Fatal Error] :1:1: Premature end of file.
2026-02-22 00:29:56,582 [ERROR] LogOutputStream:75 - [STDERR_REDIRECT] 
2026-02-22 00:29:57,589 [ERROR] LogOutputStream:75 - [STDERR_REDIRECT] [Fatal Error] :1:1: Premature end of file.
2026-02-22 00:29:57,589 [ERROR] LogOutputStream:75 - [STDERR_REDIRECT] 
2026-02-22 00:29:58,584 [ERROR] LogOutputStream:75 - [STDERR_REDIRECT] [Fatal Error] :1:1: Premature end of file.
2026-02-22 00:29:58,584 [ERROR] LogOutputStream:75 - [STDERR_REDIRECT] 
2026-02-22 00:29:59,588 [ERROR] LogOutputStream:75 - [STDERR_REDIRECT] [Fatal Error] :1:1: Premature end of file.
2026-02-22 00:29:59,588 [ERROR] LogOutputStream:75 - [STDERR_REDIRECT] 
2026-02-22 00:30:00,592 [ERROR] LogOutputStream:75 - [STDERR_REDIRECT] [Fatal Error] :1:1: Premature end of file.
2026-02-22 00:30:00,593 [ERROR] LogOutputStream:75 - [STDERR_REDIRECT] 
2026-02-22 00:30:01,596 [ERROR] LogOutputStream:75 - [STDERR_REDIRECT] [Fatal Error] :1:1: Premature end of file.
2026-02-22 00:30:01,596 [ERROR] LogOutputStream:75 - [STDERR_REDIRECT] 
2026-02-22 00:30:02,590 [ERROR] LogOutputStream:75 - [STDERR_REDIRECT] [Fatal Error] :1:1: Premature end of file.
2026-02-22 00:30:02,590 [ERROR] LogOutputStream:75 - [STDERR_REDIRECT] 
2026-02-22 00:30:03,596 [ERROR] LogOutputStream:75 - [STDERR_REDIRECT] [Fatal Error] :1:1: Premature end of file.
2026-02-22 00:30:03,596 [ERROR] LogOutputStream:75 - [STDERR_REDIRECT] 
2026-02-22 00:30:04,593 [ERROR] LogOutputStream:75 - [STDERR_REDIRECT] [Fatal Error] :1:1: Premature end of file.
2026-02-22 00:30:04,593 [ERROR] LogOutputStream:75 - [STDERR_REDIRECT] 
2026-02-22 00:30:05,596 [ERROR] LogOutputStream:75 - [STDERR_REDIRECT] [Fatal Error] :1:1: Premature end of file.
2026-02-22 00:30:05,596 [ERROR] LogOutputStream:75 - [STDERR_REDIRECT] 
2026-02-22 00:30:06,593 [ERROR] LogOutputStream:75 - [STDERR_REDIRECT] [Fatal Error] :1:1: Premature end of file.
2026-02-22 00:30:06,593 [ERROR] LogOutputStream:75 - [STDERR_REDIRECT] 
2026-02-22 00:30:07,597 [ERROR] LogOutputStream:75 - [STDERR_REDIRECT] [Fatal Error] :1:1: Premature end of file.
2026-02-22 00:30:07,597 [ERROR] LogOutputStream:75 - [STDERR_REDIRECT] 
2026-02-22 00:30:08,592 [ERROR] LogOutputStream:75 - [STDERR_REDIRECT] [Fatal Error] :1:1: Premature end of file.
2026-02-22 00:30:08,593 [ERROR] LogOutputStream:75 - [STDERR_REDIRECT] 
2026-02-22 00:30:09,583 [ERROR] LogOutputStream:75 - [STDERR_REDIRECT] [Fatal Error] :1:1: Premature end of file.
2026-02-22 00:30:09,584 [ERROR] LogOutputStream:75 - [STDERR_REDIRECT] 
2026-02-22 00:30:10,582 [ERROR] LogOutputStream:75 - [STDERR_REDIRECT] [Fatal Error] :1:1: Premature end of file.
2026-02-22 00:30:10,582 [ERROR] LogOutputStream:75 - [STDERR_REDIRECT] 
2026-02-22 00:30:11,584 [ERROR] LogOutputStream:75 - [STDERR_REDIRECT] [Fatal Error] :1:1: Premature end of file.
2026-02-22 00:30:11,584 [ERROR] LogOutputStream:75 - [STDERR_REDIRECT] 
2026-02-22 00:30:12,586 [ERROR] LogOutputStream:75 - [STDERR_REDIRECT] [Fatal Error] :1:1: Premature end of file.
2026-02-22 00:30:12,586 [ERROR] LogOutputStream:75 - [STDERR_REDIRECT] 
2026-02-22 00:30:13,584 [ERROR] LogOutputStream:75 - [STDERR_REDIRECT] [Fatal Error] :1:1: Premature end of file.
2026-02-22 00:30:13,585 [ERROR] LogOutputStream:75 - [STDERR_REDIRECT] 
2026-02-22 00:30:14,583 [ERROR] LogOutputStream:75 - [STDERR_REDIRECT] [Fatal Error] :1:1: Premature end of file.
2026-02-22 00:30:14,583 [ERROR] LogOutputStream:75 - [STDERR_REDIRECT] 
2026-02-22 00:30:15,588 [ERROR] LogOutputStream:75 - [STDERR_REDIRECT] [Fatal Error] :1:1: Premature end of file.
2026-02-22 00:30:15,588 [ERROR] LogOutputStream:75 - [STDERR_REDIRECT] 
2026-02-22 00:30:16,584 [ERROR] LogOutputStream:75 - [STDERR_REDIRECT] [Fatal Error] :1:1: Premature end of file.
2026-02-22 00:30:16,584 [ERROR] LogOutputStream:75 - [STDERR_REDIRECT] 
2026-02-22 00:30:17,476 [INFO] NvicIntPanel:101 - NVIC parent = com.st.microxplorer.plugins.ip.nvic.MultiNvicIntPanel[,0,0,450x418,layout=javax.swing.BoxLayout,alignmentX=0.0,alignmentY=0.0,border=,flags=9,maximumSize=,minimumSize=,preferredSize=]
2026-02-22 00:30:17,584 [ERROR] LogOutputStream:75 - [STDERR_REDIRECT] [Fatal Error] :1:1: Premature end of file.
2026-02-22 00:30:17,584 [ERROR] LogOutputStream:75 - [STDERR_REDIRECT] 
2026-02-22 00:30:18,600 [ERROR] LogOutputStream:75 - [STDERR_REDIRECT] [Fatal Error] :1:1: Premature end of file.
2026-02-22 00:30:18,600 [ERROR] LogOutputStream:75 - [STDERR_REDIRECT] 
2026-02-22 00:30:19,584 [ERROR] LogOutputStream:75 - [STDERR_REDIRECT] [Fatal Error] :1:1: Premature end of file.
2026-02-22 00:30:19,584 [ERROR] LogOutputStream:75 - [STDERR_REDIRECT] 
2026-02-22 00:30:20,583 [ERROR] LogOutputStream:75 - [STDERR_REDIRECT] [Fatal Error] :1:1: Premature end of file.
2026-02-22 00:30:20,583 [ERROR] LogOutputStream:75 - [STDERR_REDIRECT] 
2026-02-22 00:30:21,585 [ERROR] LogOutputStream:75 - [STDERR_REDIRECT] [Fatal Error] :1:1: Premature end of file.
2026-02-22 00:30:21,585 [ERROR] LogOutputStream:75 - [STDERR_REDIRECT] 
2026-02-22 00:30:21,916 [INFO] NvicIntPanel:101 - NVIC parent = com.st.microxplorer.plugins.ip.nvic.MultiNvicIntPanel[,0,0,0x0,invalid,layout=javax.swing.BoxLayout,alignmentX=0.0,alignmentY=0.0,border=,flags=9,maximumSize=,minimumSize=,preferredSize=]
2026-02-22 00:30:22,586 [ERROR] LogOutputStream:75 - [STDERR_REDIRECT] [Fatal Error] :1:1: Premature end of file.
2026-02-22 00:30:22,586 [ERROR] LogOutputStream:75 - [STDERR_REDIRECT] 
2026-02-22 00:30:23,589 [ERROR] LogOutputStream:75 - [STDERR_REDIRECT] [Fatal Error] :1:1: Premature end of file.
2026-02-22 00:30:23,590 [ERROR] LogOutputStream:75 - [STDERR_REDIRECT] 
2026-02-22 00:30:24,583 [ERROR] LogOutputStream:75 - [STDERR_REDIRECT] [Fatal Error] :1:1: Premature end of file.
2026-02-22 00:30:24,583 [ERROR] LogOutputStream:75 - [STDERR_REDIRECT] 
2026-02-22 00:30:25,598 [ERROR] LogOutputStream:75 - [STDERR_REDIRECT] [Fatal Error] :1:1: Premature end of file.
2026-02-22 00:30:25,598 [ERROR] LogOutputStream:75 - [STDERR_REDIRECT] 
2026-02-22 00:30:26,585 [ERROR] LogOutputStream:75 - [STDERR_REDIRECT] [Fatal Error] :1:1: Premature end of file.
2026-02-22 00:30:26,585 [ERROR] LogOutputStream:75 - [STDERR_REDIRECT] 
2026-02-22 00:30:27,584 [ERROR] LogOutputStream:75 - [STDERR_REDIRECT] [Fatal Error] :1:1: Premature end of file.
2026-02-22 00:30:27,584 [ERROR] LogOutputStream:75 - [STDERR_REDIRECT] 
2026-02-22 00:30:28,583 [ERROR] LogOutputStream:75 - [STDERR_REDIRECT] [Fatal Error] :1:1: Premature end of file.
2026-02-22 00:30:28,583 [ERROR] LogOutputStream:75 - [STDERR_REDIRECT] 
2026-02-22 00:30:29,592 [ERROR] LogOutputStream:75 - [STDERR_REDIRECT] [Fatal Error] :1:1: Premature end of file.
2026-02-22 00:30:29,592 [ERROR] LogOutputStream:75 - [STDERR_REDIRECT] 
2026-02-22 00:30:30,584 [ERROR] LogOutputStream:75 - [STDERR_REDIRECT] [Fatal Error] :1:1: Premature end of file.
2026-02-22 00:30:30,585 [ERROR] LogOutputStream:75 - [STDERR_REDIRECT] 
2026-02-22 00:30:31,585 [ERROR] LogOutputStream:75 - [STDERR_REDIRECT] [Fatal Error] :1:1: Premature end of file.
2026-02-22 00:30:31,586 [ERROR] LogOutputStream:75 - [STDERR_REDIRECT] 
2026-02-22 00:30:32,583 [ERROR] LogOutputStream:75 - [STDERR_REDIRECT] [Fatal Error] :1:1: Premature end of file.
2026-02-22 00:30:32,583 [ERROR] LogOutputStream:75 - [STDERR_REDIRECT] 
2026-02-22 00:30:33,592 [ERROR] LogOutputStream:75 - [STDERR_REDIRECT] [Fatal Error] :1:1: Premature end of file.
2026-02-22 00:30:33,592 [ERROR] LogOutputStream:75 - [STDERR_REDIRECT] 
2026-02-22 00:30:34,586 [ERROR] LogOutputStream:75 - [STDERR_REDIRECT] [Fatal Error] :1:1: Premature end of file.
2026-02-22 00:30:34,586 [ERROR] LogOutputStream:75 - [STDERR_REDIRECT] 
2026-02-22 00:30:35,594 [ERROR] LogOutputStream:75 - [STDERR_REDIRECT] [Fatal Error] :1:1: Premature end of file.
2026-02-22 00:30:35,594 [ERROR] LogOutputStream:75 - [STDERR_REDIRECT] 
2026-02-22 00:30:36,586 [ERROR] LogOutputStream:75 - [STDERR_REDIRECT] [Fatal Error] :1:1: Premature end of file.
2026-02-22 00:30:36,586 [ERROR] LogOutputStream:75 - [STDERR_REDIRECT] 
2026-02-22 00:30:37,584 [ERROR] LogOutputStream:75 - [STDERR_REDIRECT] [Fatal Error] :1:1: Premature end of file.
2026-02-22 00:30:37,584 [ERROR] LogOutputStream:75 - [STDERR_REDIRECT] 
2026-02-22 00:30:38,583 [ERROR] LogOutputStream:75 - [STDERR_REDIRECT] [Fatal Error] :1:1: Premature end of file.
2026-02-22 00:30:38,583 [ERROR] LogOutputStream:75 - [STDERR_REDIRECT] 
2026-02-22 00:30:39,588 [ERROR] LogOutputStream:75 - [STDERR_REDIRECT] [Fatal Error] :1:1: Premature end of file.
2026-02-22 00:30:39,590 [ERROR] LogOutputStream:75 - [STDERR_REDIRECT] 
2026-02-22 00:30:40,583 [ERROR] LogOutputStream:75 - [STDERR_REDIRECT] [Fatal Error] :1:1: Premature end of file.
2026-02-22 00:30:40,583 [ERROR] LogOutputStream:75 - [STDERR_REDIRECT] 
2026-02-22 00:30:41,582 [ERROR] LogOutputStream:75 - [STDERR_REDIRECT] [Fatal Error] :1:1: Premature end of file.
2026-02-22 00:30:41,582 [ERROR] LogOutputStream:75 - [STDERR_REDIRECT] 
2026-02-22 00:30:42,581 [ERROR] LogOutputStream:75 - [STDERR_REDIRECT] [Fatal Error] :1:1: Premature end of file.
2026-02-22 00:30:42,581 [ERROR] LogOutputStream:75 - [STDERR_REDIRECT] 
2026-02-22 00:30:43,596 [ERROR] LogOutputStream:75 - [STDERR_REDIRECT] [Fatal Error] :1:1: Premature end of file.
2026-02-22 00:30:43,597 [ERROR] LogOutputStream:75 - [STDERR_REDIRECT] 
2026-02-22 00:30:44,596 [ERROR] LogOutputStream:75 - [STDERR_REDIRECT] [Fatal Error] :1:1: Premature end of file.
2026-02-22 00:30:44,596 [ERROR] LogOutputStream:75 - [STDERR_REDIRECT] 
2026-02-22 00:30:45,591 [ERROR] LogOutputStream:75 - [STDERR_REDIRECT] [Fatal Error] :1:1: Premature end of file.
2026-02-22 00:30:45,591 [ERROR] LogOutputStream:75 - [STDERR_REDIRECT] 
2026-02-22 00:30:46,587 [ERROR] LogOutputStream:75 - [STDERR_REDIRECT] [Fatal Error] :1:1: Premature end of file.
2026-02-22 00:30:46,587 [ERROR] LogOutputStream:75 - [STDERR_REDIRECT] 
2026-02-22 00:30:47,594 [ERROR] LogOutputStream:75 - [STDERR_REDIRECT] [Fatal Error] :1:1: Premature end of file.
2026-02-22 00:30:47,594 [ERROR] LogOutputStream:75 - [STDERR_REDIRECT] 
2026-02-22 00:30:48,592 [ERROR] LogOutputStream:75 - [STDERR_REDIRECT] [Fatal Error] :1:1: Premature end of file.
2026-02-22 00:30:48,592 [ERROR] LogOutputStream:75 - [STDERR_REDIRECT] 
2026-02-22 00:30:49,594 [ERROR] LogOutputStream:75 - [STDERR_REDIRECT] [Fatal Error] :1:1: Premature end of file.
2026-02-22 00:30:49,595 [ERROR] LogOutputStream:75 - [STDERR_REDIRECT] 
2026-02-22 00:30:50,595 [ERROR] LogOutputStream:75 - [STDERR_REDIRECT] [Fatal Error] :1:1: Premature end of file.
2026-02-22 00:30:50,596 [ERROR] LogOutputStream:75 - [STDERR_REDIRECT] 
2026-02-22 00:30:51,581 [ERROR] LogOutputStream:75 - [STDERR_REDIRECT] [Fatal Error] :1:1: Premature end of file.
2026-02-22 00:30:51,581 [ERROR] LogOutputStream:75 - [STDERR_REDIRECT] 
2026-02-22 00:30:52,610 [ERROR] LogOutputStream:75 - [STDERR_REDIRECT] [Fatal Error] :1:1: Premature end of file.
2026-02-22 00:30:52,610 [ERROR] LogOutputStream:75 - [STDERR_REDIRECT] 
2026-02-22 00:30:53,581 [ERROR] LogOutputStream:75 - [STDERR_REDIRECT] [Fatal Error] :1:1: Premature end of file.
2026-02-22 00:30:53,582 [ERROR] LogOutputStream:75 - [STDERR_REDIRECT] 
2026-02-22 00:30:53,946 [INFO] UtilMem:75 - End SaveConfig() Used Memory: 919553664 Bytes (1073741824)
2026-02-22 00:30:54,596 [ERROR] LogOutputStream:75 - [STDERR_REDIRECT] [Fatal Error] :1:1: Premature end of file.
2026-02-22 00:30:54,597 [ERROR] LogOutputStream:75 - [STDERR_REDIRECT] 
2026-02-22 00:30:55,588 [ERROR] LogOutputStream:75 - [STDERR_REDIRECT] [Fatal Error] :1:1: Premature end of file.
2026-02-22 00:30:55,588 [ERROR] LogOutputStream:75 - [STDERR_REDIRECT] 
2026-02-22 00:30:56,413 [INFO] UtilMem:75 - End SaveConfig() Used Memory: 720345976 Bytes (1073741824)
2026-02-22 00:30:56,602 [ERROR] LogOutputStream:75 - [STDERR_REDIRECT] [Fatal Error] :1:1: Premature end of file.
2026-02-22 00:30:56,602 [ERROR] LogOutputStream:75 - [STDERR_REDIRECT] 
2026-02-22 00:30:57,095 [INFO] BlockDiagram:2775 - set Specific Code input for plugin: TIM1_8
2026-02-22 00:30:57,095 [INFO] BlockDiagram:2775 - set Specific Code input for plugin: SYS
2026-02-22 00:30:57,095 [INFO] BlockDiagram:2775 - set Specific Code input for plugin: RCC
2026-02-22 00:30:57,096 [INFO] BlockDiagram:2775 - set Specific Code input for plugin: NVIC
2026-02-22 00:30:57,096 [INFO] BlockDiagram:2775 - set Specific Code input for plugin: USART
2026-02-22 00:30:57,096 [INFO] BlockDiagram:2775 - set Specific Code input for plugin: GPIO
2026-02-22 00:30:57,098 [INFO] CodeGenerator:892 - code generatio: config db path: C:\ST\STM32CubeIDE_1.19.0\STM32CubeIDE\plugins\com.st.stm32cube.common.mx_6.15.0.202507011659\\db\
2026-02-22 00:30:57,201 [INFO] CodeEngine:265 - oldGeneratedFile, C:\Users\USER\Desktop\Dron\1_Debug_UART\MXTmpFiles\license.tmp_save
2026-02-22 00:30:57,522 [INFO] CodeEngine:289 - Generated code: C:\Users\USER\Desktop\Dron\1_Debug_UART\MXTmpFiles\license.tmp
2026-02-22 00:30:57,589 [ERROR] LogOutputStream:75 - [STDERR_REDIRECT] [Fatal Error] :1:1: Premature end of file.
2026-02-22 00:30:57,589 [ERROR] LogOutputStream:75 - [STDERR_REDIRECT] 
2026-02-22 00:30:57,605 [INFO] CodeEngine:265 - oldGeneratedFile, C:\Users\USER\Desktop\Dron\1_Debug_UART\Core\Src\gpio.c_save
2026-02-22 00:30:57,707 [INFO] CodeEngine:289 - Generated code: C:\Users\USER\Desktop\Dron\1_Debug_UART\Core\Src\gpio.c
2026-02-22 00:30:57,712 [INFO] CodeEngine:265 - oldGeneratedFile, C:\Users\USER\Desktop\Dron\1_Debug_UART\Core\Inc\gpio.h_save
2026-02-22 00:30:57,774 [INFO] CodeEngine:289 - Generated code: C:\Users\USER\Desktop\Dron\1_Debug_UART\Core\Inc\gpio.h
2026-02-22 00:30:57,968 [INFO] CodeEngine:265 - oldGeneratedFile, C:\Users\USER\Desktop\Dron\1_Debug_UART\Core\Src\tim.c_save
2026-02-22 00:30:58,096 [INFO] CodeEngine:289 - Generated code: C:\Users\USER\Desktop\Dron\1_Debug_UART\Core\Src\tim.c
2026-02-22 00:30:58,102 [INFO] CodeEngine:265 - oldGeneratedFile, C:\Users\USER\Desktop\Dron\1_Debug_UART\Core\Inc\tim.h_save
2026-02-22 00:30:58,160 [INFO] CodeEngine:289 - Generated code: C:\Users\USER\Desktop\Dron\1_Debug_UART\Core\Inc\tim.h
2026-02-22 00:30:58,172 [INFO] CodeEngine:265 - oldGeneratedFile, C:\Users\USER\Desktop\Dron\1_Debug_UART\Core\Src\usart.c_save
2026-02-22 00:30:58,251 [INFO] CodeEngine:289 - Generated code: C:\Users\USER\Desktop\Dron\1_Debug_UART\Core\Src\usart.c
2026-02-22 00:30:58,256 [INFO] CodeEngine:265 - oldGeneratedFile, C:\Users\USER\Desktop\Dron\1_Debug_UART\Core\Inc\usart.h_save
2026-02-22 00:30:58,316 [INFO] CodeEngine:289 - Generated code: C:\Users\USER\Desktop\Dron\1_Debug_UART\Core\Inc\usart.h
2026-02-22 00:30:58,331 [INFO] CodeEngine:265 - oldGeneratedFile, C:\Users\USER\Desktop\Dron\1_Debug_UART\Core\Src\stm32f4xx_it.c_save
2026-02-22 00:30:58,421 [INFO] CodeEngine:289 - Generated code: C:\Users\USER\Desktop\Dron\1_Debug_UART\Core\Src\stm32f4xx_it.c
2026-02-22 00:30:58,427 [INFO] CodeEngine:265 - oldGeneratedFile, C:\Users\USER\Desktop\Dron\1_Debug_UART\Core\Inc\stm32f4xx_it.h_save
2026-02-22 00:30:58,487 [INFO] CodeEngine:289 - Generated code: C:\Users\USER\Desktop\Dron\1_Debug_UART\Core\Inc\stm32f4xx_it.h
2026-02-22 00:30:58,501 [INFO] CodeEngine:265 - oldGeneratedFile, C:\Users\USER\Desktop\Dron\1_Debug_UART\Core\Src\stm32f4xx_hal_msp.c_save
2026-02-22 00:30:58,576 [INFO] CodeEngine:289 - Generated code: C:\Users\USER\Desktop\Dron\1_Debug_UART\Core\Src\stm32f4xx_hal_msp.c
2026-02-22 00:30:58,581 [INFO] CodeEngine:265 - oldGeneratedFile, C:\Users\USER\Desktop\Dron\1_Debug_UART\MXTmpFiles\system.tmp_save
2026-02-22 00:30:58,588 [ERROR] LogOutputStream:75 - [STDERR_REDIRECT] [Fatal Error] :1:1: Premature end of file.
2026-02-22 00:30:58,588 [ERROR] LogOutputStream:75 - [STDERR_REDIRECT] 
2026-02-22 00:30:58,626 [INFO] CodeEngine:289 - Generated code: C:\Users\USER\Desktop\Dron\1_Debug_UART\MXTmpFiles\system.tmp
2026-02-22 00:30:58,632 [INFO] CodeEngine:265 - oldGeneratedFile, C:\Users\USER\Desktop\Dron\1_Debug_UART\Core\Inc\stm32_assert.h_save
2026-02-22 00:30:58,680 [INFO] CodeEngine:289 - Generated code: C:\Users\USER\Desktop\Dron\1_Debug_UART\Core\Inc\stm32_assert.h
2026-02-22 00:30:58,690 [INFO] CodeEngine:321 - oldGeneratedFile, C:\Users\USER\Desktop\Dron\1_Debug_UART\Core\Inc\stm32f4xx_hal_conf.h_save
2026-02-22 00:30:58,745 [INFO] CodeEngine:345 - Generated code: C:\Users\USER\Desktop\Dron\1_Debug_UART\Core\Inc\stm32f4xx_hal_conf.h
2026-02-22 00:30:58,788 [INFO] ApiDbMcu:532 - Load IP Config File for TIM3
2026-02-22 00:30:58,792 [INFO] ApiDbMcu:532 - Load IP Config File for USART6
2026-02-22 00:30:58,794 [INFO] ApiDbMcu:532 - Load IP Config File for RCC
2026-02-22 00:30:58,803 [INFO] CodeEngine:265 - oldGeneratedFile, C:\Users\USER\Desktop\Dron\1_Debug_UART\Core\Inc\main.h_save
2026-02-22 00:30:58,878 [INFO] CodeEngine:289 - Generated code: C:\Users\USER\Desktop\Dron\1_Debug_UART\Core\Inc\main.h
2026-02-22 00:30:58,884 [INFO] CodeEngine:265 - oldGeneratedFile, C:\Users\USER\Desktop\Dron\1_Debug_UART\Core\Src\main.c_save
2026-02-22 00:30:58,986 [INFO] CodeEngine:289 - Generated code: C:\Users\USER\Desktop\Dron\1_Debug_UART\Core\Src\main.c
2026-02-22 00:30:59,336 [INFO] ProjectBuilder:3606 - Time for Copy HAL[1] : 144mS.
2026-02-22 00:30:59,341 [INFO] ProjectBuilder:5216 - Project Generator version: 4.7.0-B52
2026-02-22 00:30:59,431 [INFO] ConfigFileManager:1595 - The Die is : DIE413
2026-02-22 00:30:59,440 [INFO] ApiDbMcu:532 - Load IP Config File for FATFS
2026-02-22 00:30:59,444 [INFO] ApiDbMcu:532 - Load IP Config File for FREERTOS
2026-02-22 00:30:59,445 [INFO] ApiDbMcu:532 - Load IP Config File for LIBJPEG
2026-02-22 00:30:59,451 [INFO] ApiDbMcu:532 - Load IP Config File for MBEDTLS
2026-02-22 00:30:59,456 [INFO] ApiDbMcu:532 - Load IP Config File for USB_DEVICE
2026-02-22 00:30:59,461 [INFO] ApiDbMcu:532 - Load IP Config File for USB_HOST
2026-02-22 00:30:59,592 [ERROR] LogOutputStream:75 - [STDERR_REDIRECT] [Fatal Error] :1:1: Premature end of file.
2026-02-22 00:30:59,592 [ERROR] LogOutputStream:75 - [STDERR_REDIRECT] 
2026-02-22 00:30:59,770 [INFO] LogOutputStream:77 - [STDOUT_REDIRECT] 
2026-02-22 00:31:00,514 [INFO] ProjectBuilder:5496 - Time for Generating toolchain IDE Files: 1172mS.
2026-02-22 00:31:00,514 [INFO] ProjectBuilder:3463 - Time for Copy CMSIS : 0mS.
2026-02-22 00:31:00,517 [INFO] ProjectBuilder:3463 - Time for Copy CMSIS : 0mS.
2026-02-22 00:31:00,609 [ERROR] LogOutputStream:75 - [STDERR_REDIRECT] [Fatal Error] :1:1: Premature end of file.
2026-02-22 00:31:00,610 [ERROR] LogOutputStream:75 - [STDERR_REDIRECT] 
2026-02-22 00:31:01,588 [ERROR] LogOutputStream:75 - [STDERR_REDIRECT] [Fatal Error] :1:1: Premature end of file.
2026-02-22 00:31:01,588 [ERROR] LogOutputStream:75 - [STDERR_REDIRECT] 
2026-02-22 00:31:02,584 [ERROR] LogOutputStream:75 - [STDERR_REDIRECT] [Fatal Error] :1:1: Premature end of file.
2026-02-22 00:31:02,584 [ERROR] LogOutputStream:75 - [STDERR_REDIRECT] 
2026-02-22 00:31:03,586 [ERROR] LogOutputStream:75 - [STDERR_REDIRECT] [Fatal Error] :1:1: Premature end of file.
2026-02-22 00:31:03,586 [ERROR] LogOutputStream:75 - [STDERR_REDIRECT] 
2026-02-22 00:31:04,586 [ERROR] LogOutputStream:75 - [STDERR_REDIRECT] [Fatal Error] :1:1: Premature end of file.
2026-02-22 00:31:04,586 [ERROR] LogOutputStream:75 - [STDERR_REDIRECT] 
2026-02-22 00:31:05,583 [ERROR] LogOutputStream:75 - [STDERR_REDIRECT] [Fatal Error] :1:1: Premature end of file.
2026-02-22 00:31:05,583 [ERROR] LogOutputStream:75 - [STDERR_REDIRECT] 
2026-02-22 00:31:06,597 [ERROR] LogOutputStream:75 - [STDERR_REDIRECT] [Fatal Error] :1:1: Premature end of file.
2026-02-22 00:31:06,598 [ERROR] LogOutputStream:75 - [STDERR_REDIRECT] 
2026-02-22 00:31:07,591 [ERROR] LogOutputStream:75 - [STDERR_REDIRECT] [Fatal Error] :1:1: Premature end of file.
2026-02-22 00:31:07,591 [ERROR] LogOutputStream:75 - [STDERR_REDIRECT] 
2026-02-22 00:31:08,613 [ERROR] LogOutputStream:75 - [STDERR_REDIRECT] [Fatal Error] :1:1: Premature end of file.
2026-02-22 00:31:08,613 [ERROR] LogOutputStream:75 - [STDERR_REDIRECT] 
2026-02-22 00:31:09,592 [ERROR] LogOutputStream:75 - [STDERR_REDIRECT] [Fatal Error] :1:1: Premature end of file.
2026-02-22 00:31:09,592 [ERROR] LogOutputStream:75 - [STDERR_REDIRECT] 
2026-02-22 00:31:10,584 [ERROR] LogOutputStream:75 - [STDERR_REDIRECT] [Fatal Error] :1:1: Premature end of file.
2026-02-22 00:31:10,586 [ERROR] LogOutputStream:75 - [STDERR_REDIRECT] 
2026-02-22 00:31:11,582 [ERROR] LogOutputStream:75 - [STDERR_REDIRECT] [Fatal Error] :1:1: Premature end of file.
2026-02-22 00:31:11,583 [ERROR] LogOutputStream:75 - [STDERR_REDIRECT] 
2026-02-22 00:31:12,592 [ERROR] LogOutputStream:75 - [STDERR_REDIRECT] [Fatal Error] :1:1: Premature end of file.
2026-02-22 00:31:12,592 [ERROR] LogOutputStream:75 - [STDERR_REDIRECT] 
2026-02-22 00:31:13,587 [ERROR] LogOutputStream:75 - [STDERR_REDIRECT] [Fatal Error] :1:1: Premature end of file.
2026-02-22 00:31:13,587 [ERROR] LogOutputStream:75 - [STDERR_REDIRECT] 
2026-02-22 00:31:14,582 [ERROR] LogOutputStream:75 - [STDERR_REDIRECT] [Fatal Error] :1:1: Premature end of file.
2026-02-22 00:31:14,582 [ERROR] LogOutputStream:75 - [STDERR_REDIRECT] 
2026-02-22 00:31:15,584 [ERROR] LogOutputStream:75 - [STDERR_REDIRECT] [Fatal Error] :1:1: Premature end of file.
2026-02-22 00:31:15,584 [ERROR] LogOutputStream:75 - [STDERR_REDIRECT] 
2026-02-22 00:31:16,585 [ERROR] LogOutputStream:75 - [STDERR_REDIRECT] [Fatal Error] :1:1: Premature end of file.
2026-02-22 00:31:16,585 [ERROR] LogOutputStream:75 - [STDERR_REDIRECT] 
2026-02-22 00:31:17,592 [ERROR] LogOutputStream:75 - [STDERR_REDIRECT] [Fatal Error] :1:1: Premature end of file.
2026-02-22 00:31:17,592 [ERROR] LogOutputStream:75 - [STDERR_REDIRECT] 
2026-02-22 00:31:18,586 [ERROR] LogOutputStream:75 - [STDERR_REDIRECT] [Fatal Error] :1:1: Premature end of file.
2026-02-22 00:31:18,588 [ERROR] LogOutputStream:75 - [STDERR_REDIRECT] 
2026-02-22 00:31:19,583 [ERROR] LogOutputStream:75 - [STDERR_REDIRECT] [Fatal Error] :1:1: Premature end of file.
2026-02-22 00:31:19,583 [ERROR] LogOutputStream:75 - [STDERR_REDIRECT] 
2026-02-22 00:31:20,583 [ERROR] LogOutputStream:75 - [STDERR_REDIRECT] [Fatal Error] :1:1: Premature end of file.
2026-02-22 00:31:20,583 [ERROR] LogOutputStream:75 - [STDERR_REDIRECT] 
2026-02-22 00:31:21,584 [ERROR] LogOutputStream:75 - [STDERR_REDIRECT] [Fatal Error] :1:1: Premature end of file.
2026-02-22 00:31:21,584 [ERROR] LogOutputStream:75 - [STDERR_REDIRECT] 
2026-02-22 00:31:22,598 [ERROR] LogOutputStream:75 - [STDERR_REDIRECT] [Fatal Error] :1:1: Premature end of file.
2026-02-22 00:31:22,598 [ERROR] LogOutputStream:75 - [STDERR_REDIRECT] 
2026-02-22 00:31:23,582 [ERROR] LogOutputStream:75 - [STDERR_REDIRECT] [Fatal Error] :1:1: Premature end of file.
2026-02-22 00:31:23,582 [ERROR] LogOutputStream:75 - [STDERR_REDIRECT] 
2026-02-22 00:31:24,590 [ERROR] LogOutputStream:75 - [STDERR_REDIRECT] [Fatal Error] :1:1: Premature end of file.
2026-02-22 00:31:24,590 [ERROR] LogOutputStream:75 - [STDERR_REDIRECT] 
2026-02-22 00:31:25,592 [ERROR] LogOutputStream:75 - [STDERR_REDIRECT] [Fatal Error] :1:1: Premature end of file.
2026-02-22 00:31:25,592 [ERROR] LogOutputStream:75 - [STDERR_REDIRECT] 
2026-02-22 00:31:26,603 [ERROR] LogOutputStream:75 - [STDERR_REDIRECT] [Fatal Error] :1:1: Premature end of file.
2026-02-22 00:31:26,603 [ERROR] LogOutputStream:75 - [STDERR_REDIRECT] 
2026-02-22 00:31:27,586 [ERROR] LogOutputStream:75 - [STDERR_REDIRECT] [Fatal Error] :1:1: Premature end of file.
2026-02-22 00:31:27,587 [ERROR] LogOutputStream:75 - [STDERR_REDIRECT] 
2026-02-22 00:31:28,585 [ERROR] LogOutputStream:75 - [STDERR_REDIRECT] [Fatal Error] :1:1: Premature end of file.
2026-02-22 00:31:28,586 [ERROR] LogOutputStream:75 - [STDERR_REDIRECT] 
2026-02-22 00:31:29,588 [ERROR] LogOutputStream:75 - [STDERR_REDIRECT] [Fatal Error] :1:1: Premature end of file.
2026-02-22 00:31:29,588 [ERROR] LogOutputStream:75 - [STDERR_REDIRECT] 
2026-02-22 00:31:30,581 [ERROR] LogOutputStream:75 - [STDERR_REDIRECT] [Fatal Error] :1:1: Premature end of file.
2026-02-22 00:31:30,581 [ERROR] LogOutputStream:75 - [STDERR_REDIRECT] 
2026-02-22 00:31:31,591 [ERROR] LogOutputStream:75 - [STDERR_REDIRECT] [Fatal Error] :1:1: Premature end of file.
2026-02-22 00:31:31,591 [ERROR] LogOutputStream:75 - [STDERR_REDIRECT] 
2026-02-22 00:31:32,595 [ERROR] LogOutputStream:75 - [STDERR_REDIRECT] [Fatal Error] :1:1: Premature end of file.
2026-02-22 00:31:32,595 [ERROR] LogOutputStream:75 - [STDERR_REDIRECT] 
2026-02-22 00:31:33,582 [ERROR] LogOutputStream:75 - [STDERR_REDIRECT] [Fatal Error] :1:1: Premature end of file.
2026-02-22 00:31:33,582 [ERROR] LogOutputStream:75 - [STDERR_REDIRECT] 
2026-02-22 00:31:34,583 [ERROR] LogOutputStream:75 - [STDERR_REDIRECT] [Fatal Error] :1:1: Premature end of file.
2026-02-22 00:31:34,583 [ERROR] LogOutputStream:75 - [STDERR_REDIRECT] 
2026-02-22 00:31:35,590 [ERROR] LogOutputStream:75 - [STDERR_REDIRECT] [Fatal Error] :1:1: Premature end of file.
2026-02-22 00:31:35,591 [ERROR] LogOutputStream:75 - [STDERR_REDIRECT] 
2026-02-22 00:31:36,584 [ERROR] LogOutputStream:75 - [STDERR_REDIRECT] [Fatal Error] :1:1: Premature end of file.
2026-02-22 00:31:36,584 [ERROR] LogOutputStream:75 - [STDERR_REDIRECT] 
2026-02-22 00:31:37,590 [ERROR] LogOutputStream:75 - [STDERR_REDIRECT] [Fatal Error] :1:1: Premature end of file.
2026-02-22 00:31:37,591 [ERROR] LogOutputStream:75 - [STDERR_REDIRECT] 
2026-02-22 00:31:38,602 [ERROR] LogOutputStream:75 - [STDERR_REDIRECT] [Fatal Error] :1:1: Premature end of file.
2026-02-22 00:31:38,603 [ERROR] LogOutputStream:75 - [STDERR_REDIRECT] 
2026-02-22 00:31:39,591 [ERROR] LogOutputStream:75 - [STDERR_REDIRECT] [Fatal Error] :1:1: Premature end of file.
2026-02-22 00:31:39,592 [ERROR] LogOutputStream:75 - [STDERR_REDIRECT] 
2026-02-22 00:31:40,591 [ERROR] LogOutputStream:75 - [STDERR_REDIRECT] [Fatal Error] :1:1: Premature end of file.
2026-02-22 00:31:40,593 [ERROR] LogOutputStream:75 - [STDERR_REDIRECT] 
2026-02-22 00:31:41,589 [ERROR] LogOutputStream:75 - [STDERR_REDIRECT] [Fatal Error] :1:1: Premature end of file.
2026-02-22 00:31:41,589 [ERROR] LogOutputStream:75 - [STDERR_REDIRECT] 
2026-02-22 00:31:42,593 [ERROR] LogOutputStream:75 - [STDERR_REDIRECT] [Fatal Error] :1:1: Premature end of file.
2026-02-22 00:31:42,593 [ERROR] LogOutputStream:75 - [STDERR_REDIRECT] 
2026-02-22 00:31:43,593 [ERROR] LogOutputStream:75 - [STDERR_REDIRECT] [Fatal Error] :1:1: Premature end of file.
2026-02-22 00:31:43,593 [ERROR] LogOutputStream:75 - [STDERR_REDIRECT] 
2026-02-22 00:31:44,591 [ERROR] LogOutputStream:75 - [STDERR_REDIRECT] [Fatal Error] :1:1: Premature end of file.
2026-02-22 00:31:44,592 [ERROR] LogOutputStream:75 - [STDERR_REDIRECT] 
2026-02-22 00:31:45,595 [ERROR] LogOutputStream:75 - [STDERR_REDIRECT] [Fatal Error] :1:1: Premature end of file.
2026-02-22 00:31:45,595 [ERROR] LogOutputStream:75 - [STDERR_REDIRECT] 
2026-02-22 00:31:46,596 [ERROR] LogOutputStream:75 - [STDERR_REDIRECT] [Fatal Error] :1:1: Premature end of file.
2026-02-22 00:31:46,596 [ERROR] LogOutputStream:75 - [STDERR_REDIRECT] 
2026-02-22 00:31:47,583 [ERROR] LogOutputStream:75 - [STDERR_REDIRECT] [Fatal Error] :1:1: Premature end of file.
2026-02-22 00:31:47,583 [ERROR] LogOutputStream:75 - [STDERR_REDIRECT] 
2026-02-22 00:31:48,591 [ERROR] LogOutputStream:75 - [STDERR_REDIRECT] [Fatal Error] :1:1: Premature end of file.
2026-02-22 00:31:48,592 [ERROR] LogOutputStream:75 - [STDERR_REDIRECT] 
2026-02-22 00:31:49,601 [ERROR] LogOutputStream:75 - [STDERR_REDIRECT] [Fatal Error] :1:1: Premature end of file.
2026-02-22 00:31:49,601 [ERROR] LogOutputStream:75 - [STDERR_REDIRECT] 
2026-02-22 00:31:50,581 [ERROR] LogOutputStream:75 - [STDERR_REDIRECT] [Fatal Error] :1:1: Premature end of file.
2026-02-22 00:31:50,581 [ERROR] LogOutputStream:75 - [STDERR_REDIRECT] 
2026-02-22 00:31:51,583 [ERROR] LogOutputStream:75 - [STDERR_REDIRECT] [Fatal Error] :1:1: Premature end of file.
2026-02-22 00:31:51,583 [ERROR] LogOutputStream:75 - [STDERR_REDIRECT] 
2026-02-22 00:31:52,582 [ERROR] LogOutputStream:75 - [STDERR_REDIRECT] [Fatal Error] :1:1: Premature end of file.
2026-02-22 00:31:52,582 [ERROR] LogOutputStream:75 - [STDERR_REDIRECT] 
2026-02-22 00:31:53,595 [ERROR] LogOutputStream:75 - [STDERR_REDIRECT] [Fatal Error] :1:1: Premature end of file.
2026-02-22 00:31:53,595 [ERROR] LogOutputStream:75 - [STDERR_REDIRECT] 
2026-02-22 00:31:54,602 [ERROR] LogOutputStream:75 - [STDERR_REDIRECT] [Fatal Error] :1:1: Premature end of file.
2026-02-22 00:31:54,602 [ERROR] LogOutputStream:75 - [STDERR_REDIRECT] 
2026-02-22 00:31:55,582 [ERROR] LogOutputStream:75 - [STDERR_REDIRECT] [Fatal Error] :1:1: Premature end of file.
2026-02-22 00:31:55,583 [ERROR] LogOutputStream:75 - [STDERR_REDIRECT] 
2026-02-22 00:31:56,587 [ERROR] LogOutputStream:75 - [STDERR_REDIRECT] [Fatal Error] :1:1: Premature end of file.
2026-02-22 00:31:56,587 [ERROR] LogOutputStream:75 - [STDERR_REDIRECT] 
2026-02-22 00:31:57,588 [ERROR] LogOutputStream:75 - [STDERR_REDIRECT] [Fatal Error] :1:1: Premature end of file.
2026-02-22 00:31:57,588 [ERROR] LogOutputStream:75 - [STDERR_REDIRECT] 
2026-02-22 00:31:58,585 [ERROR] LogOutputStream:75 - [STDERR_REDIRECT] [Fatal Error] :1:1: Premature end of file.
2026-02-22 00:31:58,586 [ERROR] LogOutputStream:75 - [STDERR_REDIRECT] 
2026-02-22 00:31:59,583 [ERROR] LogOutputStream:75 - [STDERR_REDIRECT] [Fatal Error] :1:1: Premature end of file.
2026-02-22 00:31:59,583 [ERROR] LogOutputStream:75 - [STDERR_REDIRECT] 
2026-02-22 00:32:00,583 [ERROR] LogOutputStream:75 - [STDERR_REDIRECT] [Fatal Error] :1:1: Premature end of file.
2026-02-22 00:32:00,583 [ERROR] LogOutputStream:75 - [STDERR_REDIRECT] 
2026-02-22 00:32:01,586 [ERROR] LogOutputStream:75 - [STDERR_REDIRECT] [Fatal Error] :1:1: Premature end of file.
2026-02-22 00:32:01,587 [ERROR] LogOutputStream:75 - [STDERR_REDIRECT] 
2026-02-22 00:32:02,592 [ERROR] LogOutputStream:75 - [STDERR_REDIRECT] [Fatal Error] :1:1: Premature end of file.
2026-02-22 00:32:02,593 [ERROR] LogOutputStream:75 - [STDERR_REDIRECT] 
2026-02-22 00:32:03,592 [ERROR] LogOutputStream:75 - [STDERR_REDIRECT] [Fatal Error] :1:1: Premature end of file.
2026-02-22 00:32:03,592 [ERROR] LogOutputStream:75 - [STDERR_REDIRECT] 
2026-02-22 00:32:04,592 [ERROR] LogOutputStream:75 - [STDERR_REDIRECT] [Fatal Error] :1:1: Premature end of file.
2026-02-22 00:32:04,592 [ERROR] LogOutputStream:75 - [STDERR_REDIRECT] 
2026-02-22 00:32:05,594 [ERROR] LogOutputStream:75 - [STDERR_REDIRECT] [Fatal Error] :1:1: Premature end of file.
2026-02-22 00:32:05,595 [ERROR] LogOutputStream:75 - [STDERR_REDIRECT] 
2026-02-22 00:32:06,601 [ERROR] LogOutputStream:75 - [STDERR_REDIRECT] [Fatal Error] :1:1: Premature end of file.
2026-02-22 00:32:06,601 [ERROR] LogOutputStream:75 - [STDERR_REDIRECT] 
2026-02-22 00:32:07,590 [ERROR] LogOutputStream:75 - [STDERR_REDIRECT] [Fatal Error] :1:1: Premature end of file.
2026-02-22 00:32:07,590 [ERROR] LogOutputStream:75 - [STDERR_REDIRECT] 
2026-02-22 00:32:08,592 [ERROR] LogOutputStream:75 - [STDERR_REDIRECT] [Fatal Error] :1:1: Premature end of file.
2026-02-22 00:32:08,592 [ERROR] LogOutputStream:75 - [STDERR_REDIRECT] 
2026-02-22 00:32:09,585 [ERROR] LogOutputStream:75 - [STDERR_REDIRECT] [Fatal Error] :1:1: Premature end of file.
2026-02-22 00:32:09,586 [ERROR] LogOutputStream:75 - [STDERR_REDIRECT] 
2026-02-22 00:32:10,592 [ERROR] LogOutputStream:75 - [STDERR_REDIRECT] [Fatal Error] :1:1: Premature end of file.
2026-02-22 00:32:10,592 [ERROR] LogOutputStream:75 - [STDERR_REDIRECT] 
2026-02-22 00:32:11,592 [ERROR] LogOutputStream:75 - [STDERR_REDIRECT] [Fatal Error] :1:1: Premature end of file.
2026-02-22 00:32:11,593 [ERROR] LogOutputStream:75 - [STDERR_REDIRECT] 
2026-02-22 00:32:12,581 [ERROR] LogOutputStream:75 - [STDERR_REDIRECT] [Fatal Error] :1:1: Premature end of file.
2026-02-22 00:32:12,581 [ERROR] LogOutputStream:75 - [STDERR_REDIRECT] 
2026-02-22 00:32:13,591 [ERROR] LogOutputStream:75 - [STDERR_REDIRECT] [Fatal Error] :1:1: Premature end of file.
2026-02-22 00:32:13,591 [ERROR] LogOutputStream:75 - [STDERR_REDIRECT] 
2026-02-22 00:32:14,603 [ERROR] LogOutputStream:75 - [STDERR_REDIRECT] [Fatal Error] :1:1: Premature end of file.
2026-02-22 00:32:14,603 [ERROR] LogOutputStream:75 - [STDERR_REDIRECT] 
2026-02-22 00:32:15,585 [ERROR] LogOutputStream:75 - [STDERR_REDIRECT] [Fatal Error] :1:1: Premature end of file.
2026-02-22 00:32:15,585 [ERROR] LogOutputStream:75 - [STDERR_REDIRECT] 
2026-02-22 00:32:16,600 [ERROR] LogOutputStream:75 - [STDERR_REDIRECT] [Fatal Error] :1:1: Premature end of file.
2026-02-22 00:32:16,600 [ERROR] LogOutputStream:75 - [STDERR_REDIRECT] 
2026-02-22 00:32:17,583 [ERROR] LogOutputStream:75 - [STDERR_REDIRECT] [Fatal Error] :1:1: Premature end of file.
2026-02-22 00:32:17,583 [ERROR] LogOutputStream:75 - [STDERR_REDIRECT] 
2026-02-22 00:32:18,599 [ERROR] LogOutputStream:75 - [STDERR_REDIRECT] [Fatal Error] :1:1: Premature end of file.
2026-02-22 00:32:18,599 [ERROR] LogOutputStream:75 - [STDERR_REDIRECT] 
2026-02-22 00:32:19,585 [ERROR] LogOutputStream:75 - [STDERR_REDIRECT] [Fatal Error] :1:1: Premature end of file.
2026-02-22 00:32:19,585 [ERROR] LogOutputStream:75 - [STDERR_REDIRECT] 
2026-02-22 00:32:20,586 [ERROR] LogOutputStream:75 - [STDERR_REDIRECT] [Fatal Error] :1:1: Premature end of file.
2026-02-22 00:32:20,586 [ERROR] LogOutputStream:75 - [STDERR_REDIRECT] 
2026-02-22 00:32:21,595 [ERROR] LogOutputStream:75 - [STDERR_REDIRECT] [Fatal Error] :1:1: Premature end of file.
2026-02-22 00:32:21,595 [ERROR] LogOutputStream:75 - [STDERR_REDIRECT] 
2026-02-22 00:32:22,581 [ERROR] LogOutputStream:75 - [STDERR_REDIRECT] [Fatal Error] :1:1: Premature end of file.
2026-02-22 00:32:22,581 [ERROR] LogOutputStream:75 - [STDERR_REDIRECT] 
2026-02-22 00:32:23,582 [ERROR] LogOutputStream:75 - [STDERR_REDIRECT] [Fatal Error] :1:1: Premature end of file.
2026-02-22 00:32:23,583 [ERROR] LogOutputStream:75 - [STDERR_REDIRECT] 
2026-02-22 00:32:24,591 [ERROR] LogOutputStream:75 - [STDERR_REDIRECT] [Fatal Error] :1:1: Premature end of file.
2026-02-22 00:32:24,592 [ERROR] LogOutputStream:75 - [STDERR_REDIRECT] 
2026-02-22 00:32:25,599 [ERROR] LogOutputStream:75 - [STDERR_REDIRECT] [Fatal Error] :1:1: Premature end of file.
2026-02-22 00:32:25,600 [ERROR] LogOutputStream:75 - [STDERR_REDIRECT] 
2026-02-22 00:32:26,591 [ERROR] LogOutputStream:75 - [STDERR_REDIRECT] [Fatal Error] :1:1: Premature end of file.
2026-02-22 00:32:26,591 [ERROR] LogOutputStream:75 - [STDERR_REDIRECT] 
2026-02-22 00:32:27,590 [ERROR] LogOutputStream:75 - [STDERR_REDIRECT] [Fatal Error] :1:1: Premature end of file.
2026-02-22 00:32:27,590 [ERROR] LogOutputStream:75 - [STDERR_REDIRECT] 
2026-02-22 00:32:28,591 [ERROR] LogOutputStream:75 - [STDERR_REDIRECT] [Fatal Error] :1:1: Premature end of file.
2026-02-22 00:32:28,591 [ERROR] LogOutputStream:75 - [STDERR_REDIRECT] 
2026-02-22 00:32:29,586 [ERROR] LogOutputStream:75 - [STDERR_REDIRECT] [Fatal Error] :1:1: Premature end of file.
2026-02-22 00:32:29,587 [ERROR] LogOutputStream:75 - [STDERR_REDIRECT] 
2026-02-22 00:32:30,589 [ERROR] LogOutputStream:75 - [STDERR_REDIRECT] [Fatal Error] :1:1: Premature end of file.
2026-02-22 00:32:30,590 [ERROR] LogOutputStream:75 - [STDERR_REDIRECT] 
2026-02-22 00:32:31,593 [ERROR] LogOutputStream:75 - [STDERR_REDIRECT] [Fatal Error] :1:1: Premature end of file.
2026-02-22 00:32:31,593 [ERROR] LogOutputStream:75 - [STDERR_REDIRECT] 
2026-02-22 00:32:32,582 [ERROR] LogOutputStream:75 - [STDERR_REDIRECT] [Fatal Error] :1:1: Premature end of file.
2026-02-22 00:32:32,582 [ERROR] LogOutputStream:75 - [STDERR_REDIRECT] 
2026-02-22 00:32:33,582 [ERROR] LogOutputStream:75 - [STDERR_REDIRECT] [Fatal Error] :1:1: Premature end of file.
2026-02-22 00:32:33,582 [ERROR] LogOutputStream:75 - [STDERR_REDIRECT] 
2026-02-22 00:32:34,595 [ERROR] LogOutputStream:75 - [STDERR_REDIRECT] [Fatal Error] :1:1: Premature end of file.
2026-02-22 00:32:34,595 [ERROR] LogOutputStream:75 - [STDERR_REDIRECT] 
2026-02-22 00:32:35,582 [ERROR] LogOutputStream:75 - [STDERR_REDIRECT] [Fatal Error] :1:1: Premature end of file.
2026-02-22 00:32:35,582 [ERROR] LogOutputStream:75 - [STDERR_REDIRECT] 
2026-02-22 00:32:36,590 [ERROR] LogOutputStream:75 - [STDERR_REDIRECT] [Fatal Error] :1:1: Premature end of file.
2026-02-22 00:32:36,590 [ERROR] LogOutputStream:75 - [STDERR_REDIRECT] 
2026-02-22 00:32:37,740 [ERROR] LogOutputStream:75 - [STDERR_REDIRECT] [Fatal Error] :1:1: Premature end of file.
2026-02-22 00:32:37,740 [ERROR] LogOutputStream:75 - [STDERR_REDIRECT] 
2026-02-22 00:32:38,718 [ERROR] LogOutputStream:75 - [STDERR_REDIRECT] [Fatal Error] :1:1: Premature end of file.
2026-02-22 00:32:38,718 [ERROR] LogOutputStream:75 - [STDERR_REDIRECT] 
2026-02-22 00:32:39,584 [ERROR] LogOutputStream:75 - [STDERR_REDIRECT] [Fatal Error] :1:1: Premature end of file.
2026-02-22 00:32:39,584 [ERROR] LogOutputStream:75 - [STDERR_REDIRECT] 
2026-02-22 00:32:40,595 [ERROR] LogOutputStream:75 - [STDERR_REDIRECT] [Fatal Error] :1:1: Premature end of file.
2026-02-22 00:32:40,595 [ERROR] LogOutputStream:75 - [STDERR_REDIRECT] 
2026-02-22 00:32:41,584 [ERROR] LogOutputStream:75 - [STDERR_REDIRECT] [Fatal Error] :1:1: Premature end of file.
2026-02-22 00:32:41,584 [ERROR] LogOutputStream:75 - [STDERR_REDIRECT] 
2026-02-22 00:32:42,582 [ERROR] LogOutputStream:75 - [STDERR_REDIRECT] [Fatal Error] :1:1: Premature end of file.
2026-02-22 00:32:42,583 [ERROR] LogOutputStream:75 - [STDERR_REDIRECT] 
2026-02-22 00:32:43,583 [ERROR] LogOutputStream:75 - [STDERR_REDIRECT] [Fatal Error] :1:1: Premature end of file.
2026-02-22 00:32:43,583 [ERROR] LogOutputStream:75 - [STDERR_REDIRECT] 
2026-02-22 00:32:44,590 [ERROR] LogOutputStream:75 - [STDERR_REDIRECT] [Fatal Error] :1:1: Premature end of file.
2026-02-22 00:32:44,590 [ERROR] LogOutputStream:75 - [STDERR_REDIRECT] 
2026-02-22 00:32:45,591 [ERROR] LogOutputStream:75 - [STDERR_REDIRECT] [Fatal Error] :1:1: Premature end of file.
2026-02-22 00:32:45,591 [ERROR] LogOutputStream:75 - [STDERR_REDIRECT] 
2026-02-22 00:32:46,594 [ERROR] LogOutputStream:75 - [STDERR_REDIRECT] [Fatal Error] :1:1: Premature end of file.
2026-02-22 00:32:46,594 [ERROR] LogOutputStream:75 - [STDERR_REDIRECT] 
2026-02-22 00:32:47,592 [ERROR] LogOutputStream:75 - [STDERR_REDIRECT] [Fatal Error] :1:1: Premature end of file.
2026-02-22 00:32:47,592 [ERROR] LogOutputStream:75 - [STDERR_REDIRECT] 
2026-02-22 00:32:48,592 [ERROR] LogOutputStream:75 - [STDERR_REDIRECT] [Fatal Error] :1:1: Premature end of file.
2026-02-22 00:32:48,593 [ERROR] LogOutputStream:75 - [STDERR_REDIRECT] 
2026-02-22 00:32:49,591 [ERROR] LogOutputStream:75 - [STDERR_REDIRECT] [Fatal Error] :1:1: Premature end of file.
2026-02-22 00:32:49,591 [ERROR] LogOutputStream:75 - [STDERR_REDIRECT] 
2026-02-22 00:32:50,584 [ERROR] LogOutputStream:75 - [STDERR_REDIRECT] [Fatal Error] :1:1: Premature end of file.
2026-02-22 00:32:50,584 [ERROR] LogOutputStream:75 - [STDERR_REDIRECT] 
2026-02-22 00:32:51,595 [ERROR] LogOutputStream:75 - [STDERR_REDIRECT] [Fatal Error] :1:1: Premature end of file.
2026-02-22 00:32:51,596 [ERROR] LogOutputStream:75 - [STDERR_REDIRECT] 
2026-02-22 00:32:52,597 [ERROR] LogOutputStream:75 - [STDERR_REDIRECT] [Fatal Error] :1:1: Premature end of file.
2026-02-22 00:32:52,597 [ERROR] LogOutputStream:75 - [STDERR_REDIRECT] 
2026-02-22 00:32:53,586 [ERROR] LogOutputStream:75 - [STDERR_REDIRECT] [Fatal Error] :1:1: Premature end of file.
2026-02-22 00:32:53,586 [ERROR] LogOutputStream:75 - [STDERR_REDIRECT] 
2026-02-22 00:32:54,588 [ERROR] LogOutputStream:75 - [STDERR_REDIRECT] [Fatal Error] :1:1: Premature end of file.
2026-02-22 00:32:54,588 [ERROR] LogOutputStream:75 - [STDERR_REDIRECT] 
2026-02-22 00:32:55,595 [ERROR] LogOutputStream:75 - [STDERR_REDIRECT] [Fatal Error] :1:1: Premature end of file.
2026-02-22 00:32:55,598 [ERROR] LogOutputStream:75 - [STDERR_REDIRECT] 
2026-02-22 00:32:56,597 [ERROR] LogOutputStream:75 - [STDERR_REDIRECT] [Fatal Error] :1:1: Premature end of file.
2026-02-22 00:32:56,597 [ERROR] LogOutputStream:75 - [STDERR_REDIRECT] 
2026-02-22 00:32:57,584 [ERROR] LogOutputStream:75 - [STDERR_REDIRECT] [Fatal Error] :1:1: Premature end of file.
2026-02-22 00:32:57,584 [ERROR] LogOutputStream:75 - [STDERR_REDIRECT] 
2026-02-22 00:32:58,592 [ERROR] LogOutputStream:75 - [STDERR_REDIRECT] [Fatal Error] :1:1: Premature end of file.
2026-02-22 00:32:58,592 [ERROR] LogOutputStream:75 - [STDERR_REDIRECT] 
2026-02-22 00:32:59,583 [ERROR] LogOutputStream:75 - [STDERR_REDIRECT] [Fatal Error] :1:1: Premature end of file.
2026-02-22 00:32:59,583 [ERROR] LogOutputStream:75 - [STDERR_REDIRECT] 
2026-02-22 00:33:00,581 [ERROR] LogOutputStream:75 - [STDERR_REDIRECT] [Fatal Error] :1:1: Premature end of file.
2026-02-22 00:33:00,582 [ERROR] LogOutputStream:75 - [STDERR_REDIRECT] 
2026-02-22 00:33:01,586 [ERROR] LogOutputStream:75 - [STDERR_REDIRECT] [Fatal Error] :1:1: Premature end of file.
2026-02-22 00:33:01,586 [ERROR] LogOutputStream:75 - [STDERR_REDIRECT] 
2026-02-22 00:33:02,586 [ERROR] LogOutputStream:75 - [STDERR_REDIRECT] [Fatal Error] :1:1: Premature end of file.
2026-02-22 00:33:02,586 [ERROR] LogOutputStream:75 - [STDERR_REDIRECT] 
2026-02-22 00:33:03,583 [ERROR] LogOutputStream:75 - [STDERR_REDIRECT] [Fatal Error] :1:1: Premature end of file.
2026-02-22 00:33:03,583 [ERROR] LogOutputStream:75 - [STDERR_REDIRECT] 
2026-02-22 00:33:04,588 [ERROR] LogOutputStream:75 - [STDERR_REDIRECT] [Fatal Error] :1:1: Premature end of file.
2026-02-22 00:33:04,588 [ERROR] LogOutputStream:75 - [STDERR_REDIRECT] 
2026-02-22 00:33:05,584 [ERROR] LogOutputStream:75 - [STDERR_REDIRECT] [Fatal Error] :1:1: Premature end of file.
2026-02-22 00:33:05,585 [ERROR] LogOutputStream:75 - [STDERR_REDIRECT] 
2026-02-22 00:33:06,597 [ERROR] LogOutputStream:75 - [STDERR_REDIRECT] [Fatal Error] :1:1: Premature end of file.
2026-02-22 00:33:06,597 [ERROR] LogOutputStream:75 - [STDERR_REDIRECT] 
2026-02-22 00:33:07,590 [ERROR] LogOutputStream:75 - [STDERR_REDIRECT] [Fatal Error] :1:1: Premature end of file.
2026-02-22 00:33:07,590 [ERROR] LogOutputStream:75 - [STDERR_REDIRECT] 
2026-02-22 00:33:08,582 [ERROR] LogOutputStream:75 - [STDERR_REDIRECT] [Fatal Error] :1:1: Premature end of file.
2026-02-22 00:33:08,582 [ERROR] LogOutputStream:75 - [STDERR_REDIRECT] 
2026-02-22 00:33:09,591 [ERROR] LogOutputStream:75 - [STDERR_REDIRECT] [Fatal Error] :1:1: Premature end of file.
2026-02-22 00:33:09,591 [ERROR] LogOutputStream:75 - [STDERR_REDIRECT] 
2026-02-22 00:33:10,591 [ERROR] LogOutputStream:75 - [STDERR_REDIRECT] [Fatal Error] :1:1: Premature end of file.
2026-02-22 00:33:10,591 [ERROR] LogOutputStream:75 - [STDERR_REDIRECT] 
2026-02-22 00:33:11,584 [ERROR] LogOutputStream:75 - [STDERR_REDIRECT] [Fatal Error] :1:1: Premature end of file.
2026-02-22 00:33:11,584 [ERROR] LogOutputStream:75 - [STDERR_REDIRECT] 
2026-02-22 00:33:12,588 [ERROR] LogOutputStream:75 - [STDERR_REDIRECT] [Fatal Error] :1:1: Premature end of file.
2026-02-22 00:33:12,588 [ERROR] LogOutputStream:75 - [STDERR_REDIRECT] 
2026-02-22 00:33:13,593 [ERROR] LogOutputStream:75 - [STDERR_REDIRECT] [Fatal Error] :1:1: Premature end of file.
2026-02-22 00:33:13,593 [ERROR] LogOutputStream:75 - [STDERR_REDIRECT] 
2026-02-22 00:33:14,603 [ERROR] LogOutputStream:75 - [STDERR_REDIRECT] [Fatal Error] :1:1: Premature end of file.
2026-02-22 00:33:14,604 [ERROR] LogOutputStream:75 - [STDERR_REDIRECT] 
2026-02-22 00:33:15,594 [ERROR] LogOutputStream:75 - [STDERR_REDIRECT] [Fatal Error] :1:1: Premature end of file.
2026-02-22 00:33:15,594 [ERROR] LogOutputStream:75 - [STDERR_REDIRECT] 
2026-02-22 00:33:16,590 [ERROR] LogOutputStream:75 - [STDERR_REDIRECT] [Fatal Error] :1:1: Premature end of file.
2026-02-22 00:33:16,592 [ERROR] LogOutputStream:75 - [STDERR_REDIRECT] 
2026-02-22 00:33:17,599 [ERROR] LogOutputStream:75 - [STDERR_REDIRECT] [Fatal Error] :1:1: Premature end of file.
2026-02-22 00:33:17,599 [ERROR] LogOutputStream:75 - [STDERR_REDIRECT] 
2026-02-22 00:33:18,599 [ERROR] LogOutputStream:75 - [STDERR_REDIRECT] [Fatal Error] :1:1: Premature end of file.
2026-02-22 00:33:18,599 [ERROR] LogOutputStream:75 - [STDERR_REDIRECT] 
2026-02-22 00:33:19,598 [ERROR] LogOutputStream:75 - [STDERR_REDIRECT] [Fatal Error] :1:1: Premature end of file.
2026-02-22 00:33:19,598 [ERROR] LogOutputStream:75 - [STDERR_REDIRECT] 
2026-02-22 00:33:20,592 [ERROR] LogOutputStream:75 - [STDERR_REDIRECT] [Fatal Error] :1:1: Premature end of file.
2026-02-22 00:33:20,593 [ERROR] LogOutputStream:75 - [STDERR_REDIRECT] 
2026-02-22 00:33:21,598 [ERROR] LogOutputStream:75 - [STDERR_REDIRECT] [Fatal Error] :1:1: Premature end of file.
2026-02-22 00:33:21,598 [ERROR] LogOutputStream:75 - [STDERR_REDIRECT] 
2026-02-22 00:33:22,595 [ERROR] LogOutputStream:75 - [STDERR_REDIRECT] [Fatal Error] :1:1: Premature end of file.
2026-02-22 00:33:22,595 [ERROR] LogOutputStream:75 - [STDERR_REDIRECT] 
2026-02-22 00:33:23,597 [ERROR] LogOutputStream:75 - [STDERR_REDIRECT] [Fatal Error] :1:1: Premature end of file.
2026-02-22 00:33:23,597 [ERROR] LogOutputStream:75 - [STDERR_REDIRECT] 
2026-02-22 00:33:24,595 [ERROR] LogOutputStream:75 - [STDERR_REDIRECT] [Fatal Error] :1:1: Premature end of file.
2026-02-22 00:33:24,595 [ERROR] LogOutputStream:75 - [STDERR_REDIRECT] 
2026-02-22 00:33:25,589 [ERROR] LogOutputStream:75 - [STDERR_REDIRECT] [Fatal Error] :1:1: Premature end of file.
2026-02-22 00:33:25,589 [ERROR] LogOutputStream:75 - [STDERR_REDIRECT] 
2026-02-22 00:33:26,585 [ERROR] LogOutputStream:75 - [STDERR_REDIRECT] [Fatal Error] :1:1: Premature end of file.
2026-02-22 00:33:26,585 [ERROR] LogOutputStream:75 - [STDERR_REDIRECT] 
2026-02-22 00:33:27,606 [ERROR] LogOutputStream:75 - [STDERR_REDIRECT] [Fatal Error] :1:1: Premature end of file.
2026-02-22 00:33:27,606 [ERROR] LogOutputStream:75 - [STDERR_REDIRECT] 
2026-02-22 00:33:28,593 [ERROR] LogOutputStream:75 - [STDERR_REDIRECT] [Fatal Error] :1:1: Premature end of file.
2026-02-22 00:33:28,593 [ERROR] LogOutputStream:75 - [STDERR_REDIRECT] 
2026-02-22 00:33:29,601 [ERROR] LogOutputStream:75 - [STDERR_REDIRECT] [Fatal Error] :1:1: Premature end of file.
2026-02-22 00:33:29,601 [ERROR] LogOutputStream:75 - [STDERR_REDIRECT] 
2026-02-22 00:33:30,593 [ERROR] LogOutputStream:75 - [STDERR_REDIRECT] [Fatal Error] :1:1: Premature end of file.
2026-02-22 00:33:30,594 [ERROR] LogOutputStream:75 - [STDERR_REDIRECT] 
2026-02-22 00:33:31,615 [ERROR] LogOutputStream:75 - [STDERR_REDIRECT] [Fatal Error] :1:1: Premature end of file.
2026-02-22 00:33:31,615 [ERROR] LogOutputStream:75 - [STDERR_REDIRECT] 
2026-02-22 00:33:32,619 [ERROR] LogOutputStream:75 - [STDERR_REDIRECT] [Fatal Error] :1:1: Premature end of file.
2026-02-22 00:33:32,619 [ERROR] LogOutputStream:75 - [STDERR_REDIRECT] 
2026-02-22 00:33:33,589 [ERROR] LogOutputStream:75 - [STDERR_REDIRECT] [Fatal Error] :1:1: Premature end of file.
2026-02-22 00:33:33,590 [ERROR] LogOutputStream:75 - [STDERR_REDIRECT] 
2026-02-22 00:33:34,611 [ERROR] LogOutputStream:75 - [STDERR_REDIRECT] [Fatal Error] :1:1: Premature end of file.
2026-02-22 00:33:34,611 [ERROR] LogOutputStream:75 - [STDERR_REDIRECT] 
2026-02-22 00:33:35,608 [ERROR] LogOutputStream:75 - [STDERR_REDIRECT] [Fatal Error] :1:1: Premature end of file.
2026-02-22 00:33:35,608 [ERROR] LogOutputStream:75 - [STDERR_REDIRECT] 
2026-02-22 00:33:36,598 [ERROR] LogOutputStream:75 - [STDERR_REDIRECT] [Fatal Error] :1:1: Premature end of file.
2026-02-22 00:33:36,599 [ERROR] LogOutputStream:75 - [STDERR_REDIRECT] 
2026-02-22 00:33:37,597 [ERROR] LogOutputStream:75 - [STDERR_REDIRECT] [Fatal Error] :1:1: Premature end of file.
2026-02-22 00:33:37,597 [ERROR] LogOutputStream:75 - [STDERR_REDIRECT] 
2026-02-22 00:33:38,609 [ERROR] LogOutputStream:75 - [STDERR_REDIRECT] [Fatal Error] :1:1: Premature end of file.
2026-02-22 00:33:38,609 [ERROR] LogOutputStream:75 - [STDERR_REDIRECT] 
2026-02-22 00:33:39,595 [ERROR] LogOutputStream:75 - [STDERR_REDIRECT] [Fatal Error] :1:1: Premature end of file.
2026-02-22 00:33:39,596 [ERROR] LogOutputStream:75 - [STDERR_REDIRECT] 
2026-02-22 00:33:40,598 [ERROR] LogOutputStream:75 - [STDERR_REDIRECT] [Fatal Error] :1:1: Premature end of file.
2026-02-22 00:33:40,598 [ERROR] LogOutputStream:75 - [STDERR_REDIRECT] 
2026-02-22 00:33:41,591 [ERROR] LogOutputStream:75 - [STDERR_REDIRECT] [Fatal Error] :1:1: Premature end of file.
2026-02-22 00:33:41,591 [ERROR] LogOutputStream:75 - [STDERR_REDIRECT] 
2026-02-22 00:33:42,594 [ERROR] LogOutputStream:75 - [STDERR_REDIRECT] [Fatal Error] :1:1: Premature end of file.
2026-02-22 00:33:42,594 [ERROR] LogOutputStream:75 - [STDERR_REDIRECT] 
2026-02-22 00:33:43,602 [ERROR] LogOutputStream:75 - [STDERR_REDIRECT] [Fatal Error] :1:1: Premature end of file.
2026-02-22 00:33:43,602 [ERROR] LogOutputStream:75 - [STDERR_REDIRECT] 
2026-02-22 00:33:44,615 [ERROR] LogOutputStream:75 - [STDERR_REDIRECT] [Fatal Error] :1:1: Premature end of file.
2026-02-22 00:33:44,615 [ERROR] LogOutputStream:75 - [STDERR_REDIRECT] 
2026-02-22 00:33:45,609 [ERROR] LogOutputStream:75 - [STDERR_REDIRECT] [Fatal Error] :1:1: Premature end of file.
2026-02-22 00:33:45,609 [ERROR] LogOutputStream:75 - [STDERR_REDIRECT] 
2026-02-22 00:33:46,598 [ERROR] LogOutputStream:75 - [STDERR_REDIRECT] [Fatal Error] :1:1: Premature end of file.
2026-02-22 00:33:46,598 [ERROR] LogOutputStream:75 - [STDERR_REDIRECT] 
2026-02-22 00:33:47,595 [ERROR] LogOutputStream:75 - [STDERR_REDIRECT] [Fatal Error] :1:1: Premature end of file.
2026-02-22 00:33:47,595 [ERROR] LogOutputStream:75 - [STDERR_REDIRECT] 
2026-02-22 00:33:48,590 [ERROR] LogOutputStream:75 - [STDERR_REDIRECT] [Fatal Error] :1:1: Premature end of file.
2026-02-22 00:33:48,590 [ERROR] LogOutputStream:75 - [STDERR_REDIRECT] 
2026-02-22 00:33:49,593 [ERROR] LogOutputStream:75 - [STDERR_REDIRECT] [Fatal Error] :1:1: Premature end of file.
2026-02-22 00:33:49,593 [ERROR] LogOutputStream:75 - [STDERR_REDIRECT] 
2026-02-22 00:33:50,598 [ERROR] LogOutputStream:75 - [STDERR_REDIRECT] [Fatal Error] :1:1: Premature end of file.
2026-02-22 00:33:50,599 [ERROR] LogOutputStream:75 - [STDERR_REDIRECT] 
2026-02-22 00:33:51,601 [ERROR] LogOutputStream:75 - [STDERR_REDIRECT] [Fatal Error] :1:1: Premature end of file.
2026-02-22 00:33:51,601 [ERROR] LogOutputStream:75 - [STDERR_REDIRECT] 
2026-02-22 00:33:52,591 [ERROR] LogOutputStream:75 - [STDERR_REDIRECT] [Fatal Error] :1:1: Premature end of file.
2026-02-22 00:33:52,591 [ERROR] LogOutputStream:75 - [STDERR_REDIRECT] 
2026-02-22 00:33:53,585 [ERROR] LogOutputStream:75 - [STDERR_REDIRECT] [Fatal Error] :1:1: Premature end of file.
2026-02-22 00:33:53,587 [ERROR] LogOutputStream:75 - [STDERR_REDIRECT] 
2026-02-22 00:33:54,598 [ERROR] LogOutputStream:75 - [STDERR_REDIRECT] [Fatal Error] :1:1: Premature end of file.
2026-02-22 00:33:54,598 [ERROR] LogOutputStream:75 - [STDERR_REDIRECT] 
2026-02-22 00:33:55,585 [ERROR] LogOutputStream:75 - [STDERR_REDIRECT] [Fatal Error] :1:1: Premature end of file.
2026-02-22 00:33:55,585 [ERROR] LogOutputStream:75 - [STDERR_REDIRECT] 
2026-02-22 00:33:56,597 [ERROR] LogOutputStream:75 - [STDERR_REDIRECT] [Fatal Error] :1:1: Premature end of file.
2026-02-22 00:33:56,597 [ERROR] LogOutputStream:75 - [STDERR_REDIRECT] 
2026-02-22 00:33:57,596 [ERROR] LogOutputStream:75 - [STDERR_REDIRECT] [Fatal Error] :1:1: Premature end of file.
2026-02-22 00:33:57,596 [ERROR] LogOutputStream:75 - [STDERR_REDIRECT] 
2026-02-22 00:33:58,586 [ERROR] LogOutputStream:75 - [STDERR_REDIRECT] [Fatal Error] :1:1: Premature end of file.
2026-02-22 00:33:58,586 [ERROR] LogOutputStream:75 - [STDERR_REDIRECT] 
2026-02-22 00:33:59,599 [ERROR] LogOutputStream:75 - [STDERR_REDIRECT] [Fatal Error] :1:1: Premature end of file.
2026-02-22 00:33:59,599 [ERROR] LogOutputStream:75 - [STDERR_REDIRECT] 
2026-02-22 00:34:00,604 [ERROR] LogOutputStream:75 - [STDERR_REDIRECT] [Fatal Error] :1:1: Premature end of file.
2026-02-22 00:34:00,604 [ERROR] LogOutputStream:75 - [STDERR_REDIRECT] 
2026-02-22 00:34:01,604 [ERROR] LogOutputStream:75 - [STDERR_REDIRECT] [Fatal Error] :1:1: Premature end of file.
2026-02-22 00:34:01,604 [ERROR] LogOutputStream:75 - [STDERR_REDIRECT] 
2026-02-22 00:34:02,610 [ERROR] LogOutputStream:75 - [STDERR_REDIRECT] [Fatal Error] :1:1: Premature end of file.
2026-02-22 00:34:02,610 [ERROR] LogOutputStream:75 - [STDERR_REDIRECT] 
2026-02-22 00:34:03,592 [ERROR] LogOutputStream:75 - [STDERR_REDIRECT] [Fatal Error] :1:1: Premature end of file.
2026-02-22 00:34:03,592 [ERROR] LogOutputStream:75 - [STDERR_REDIRECT] 
2026-02-22 00:34:04,585 [ERROR] LogOutputStream:75 - [STDERR_REDIRECT] [Fatal Error] :1:1: Premature end of file.
2026-02-22 00:34:04,585 [ERROR] LogOutputStream:75 - [STDERR_REDIRECT] 
2026-02-22 00:34:05,626 [ERROR] LogOutputStream:75 - [STDERR_REDIRECT] [Fatal Error] :1:1: Premature end of file.
2026-02-22 00:34:05,626 [ERROR] LogOutputStream:75 - [STDERR_REDIRECT] 
2026-02-22 00:34:06,602 [ERROR] LogOutputStream:75 - [STDERR_REDIRECT] [Fatal Error] :1:1: Premature end of file.
2026-02-22 00:34:06,603 [ERROR] LogOutputStream:75 - [STDERR_REDIRECT] 
2026-02-22 00:34:07,595 [ERROR] LogOutputStream:75 - [STDERR_REDIRECT] [Fatal Error] :1:1: Premature end of file.
2026-02-22 00:34:07,595 [ERROR] LogOutputStream:75 - [STDERR_REDIRECT] 
2026-02-22 00:34:08,594 [ERROR] LogOutputStream:75 - [STDERR_REDIRECT] [Fatal Error] :1:1: Premature end of file.
2026-02-22 00:34:08,594 [ERROR] LogOutputStream:75 - [STDERR_REDIRECT] 
2026-02-22 00:34:09,601 [ERROR] LogOutputStream:75 - [STDERR_REDIRECT] [Fatal Error] :1:1: Premature end of file.
2026-02-22 00:34:09,601 [ERROR] LogOutputStream:75 - [STDERR_REDIRECT] 
2026-02-22 00:34:10,602 [ERROR] LogOutputStream:75 - [STDERR_REDIRECT] [Fatal Error] :1:1: Premature end of file.
2026-02-22 00:34:10,602 [ERROR] LogOutputStream:75 - [STDERR_REDIRECT] 
2026-02-22 00:34:11,592 [ERROR] LogOutputStream:75 - [STDERR_REDIRECT] [Fatal Error] :1:1: Premature end of file.
2026-02-22 00:34:11,592 [ERROR] LogOutputStream:75 - [STDERR_REDIRECT] 
2026-02-22 00:34:12,592 [ERROR] LogOutputStream:75 - [STDERR_REDIRECT] [Fatal Error] :1:1: Premature end of file.
2026-02-22 00:34:12,593 [ERROR] LogOutputStream:75 - [STDERR_REDIRECT] 
2026-02-22 00:34:13,590 [ERROR] LogOutputStream:75 - [STDERR_REDIRECT] [Fatal Error] :1:1: Premature end of file.
2026-02-22 00:34:13,591 [ERROR] LogOutputStream:75 - [STDERR_REDIRECT] 
2026-02-22 00:34:14,586 [ERROR] LogOutputStream:75 - [STDERR_REDIRECT] [Fatal Error] :1:1: Premature end of file.
2026-02-22 00:34:14,587 [ERROR] LogOutputStream:75 - [STDERR_REDIRECT] 
2026-02-22 00:34:15,595 [ERROR] LogOutputStream:75 - [STDERR_REDIRECT] [Fatal Error] :1:1: Premature end of file.
2026-02-22 00:34:15,595 [ERROR] LogOutputStream:75 - [STDERR_REDIRECT] 
2026-02-22 00:34:16,592 [ERROR] LogOutputStream:75 - [STDERR_REDIRECT] [Fatal Error] :1:1: Premature end of file.
2026-02-22 00:34:16,592 [ERROR] LogOutputStream:75 - [STDERR_REDIRECT] 
2026-02-22 00:34:17,593 [ERROR] LogOutputStream:75 - [STDERR_REDIRECT] [Fatal Error] :1:1: Premature end of file.
2026-02-22 00:34:17,594 [ERROR] LogOutputStream:75 - [STDERR_REDIRECT] 
2026-02-22 00:34:18,601 [ERROR] LogOutputStream:75 - [STDERR_REDIRECT] [Fatal Error] :1:1: Premature end of file.
2026-02-22 00:34:18,601 [ERROR] LogOutputStream:75 - [STDERR_REDIRECT] 
2026-02-22 00:34:19,600 [ERROR] LogOutputStream:75 - [STDERR_REDIRECT] [Fatal Error] :1:1: Premature end of file.
2026-02-22 00:34:19,600 [ERROR] LogOutputStream:75 - [STDERR_REDIRECT] 
2026-02-22 00:34:20,596 [ERROR] LogOutputStream:75 - [STDERR_REDIRECT] [Fatal Error] :1:1: Premature end of file.
2026-02-22 00:34:20,596 [ERROR] LogOutputStream:75 - [STDERR_REDIRECT] 
2026-02-22 00:34:21,583 [ERROR] LogOutputStream:75 - [STDERR_REDIRECT] [Fatal Error] :1:1: Premature end of file.
2026-02-22 00:34:21,583 [ERROR] LogOutputStream:75 - [STDERR_REDIRECT] 
2026-02-22 00:34:22,591 [ERROR] LogOutputStream:75 - [STDERR_REDIRECT] [Fatal Error] :1:1: Premature end of file.
2026-02-22 00:34:22,591 [ERROR] LogOutputStream:75 - [STDERR_REDIRECT] 
2026-02-22 00:34:23,603 [ERROR] LogOutputStream:75 - [STDERR_REDIRECT] [Fatal Error] :1:1: Premature end of file.
2026-02-22 00:34:23,603 [ERROR] LogOutputStream:75 - [STDERR_REDIRECT] 
2026-02-22 00:34:24,608 [ERROR] LogOutputStream:75 - [STDERR_REDIRECT] [Fatal Error] :1:1: Premature end of file.
2026-02-22 00:34:24,608 [ERROR] LogOutputStream:75 - [STDERR_REDIRECT] 
2026-02-22 00:34:25,605 [ERROR] LogOutputStream:75 - [STDERR_REDIRECT] [Fatal Error] :1:1: Premature end of file.
2026-02-22 00:34:25,605 [ERROR] LogOutputStream:75 - [STDERR_REDIRECT] 
2026-02-22 00:34:26,608 [ERROR] LogOutputStream:75 - [STDERR_REDIRECT] [Fatal Error] :1:1: Premature end of file.
2026-02-22 00:34:26,608 [ERROR] LogOutputStream:75 - [STDERR_REDIRECT] 
2026-02-22 00:34:27,596 [ERROR] LogOutputStream:75 - [STDERR_REDIRECT] [Fatal Error] :1:1: Premature end of file.
2026-02-22 00:34:27,596 [ERROR] LogOutputStream:75 - [STDERR_REDIRECT] 
2026-02-22 00:34:28,598 [ERROR] LogOutputStream:75 - [STDERR_REDIRECT] [Fatal Error] :1:1: Premature end of file.
2026-02-22 00:34:28,598 [ERROR] LogOutputStream:75 - [STDERR_REDIRECT] 
2026-02-22 00:34:29,595 [ERROR] LogOutputStream:75 - [STDERR_REDIRECT] [Fatal Error] :1:1: Premature end of file.
2026-02-22 00:34:29,595 [ERROR] LogOutputStream:75 - [STDERR_REDIRECT] 
2026-02-22 00:34:30,601 [ERROR] LogOutputStream:75 - [STDERR_REDIRECT] [Fatal Error] :1:1: Premature end of file.
2026-02-22 00:34:30,602 [ERROR] LogOutputStream:75 - [STDERR_REDIRECT] 
2026-02-22 00:34:31,596 [ERROR] LogOutputStream:75 - [STDERR_REDIRECT] [Fatal Error] :1:1: Premature end of file.
2026-02-22 00:34:31,596 [ERROR] LogOutputStream:75 - [STDERR_REDIRECT] 
2026-02-22 00:34:32,587 [ERROR] LogOutputStream:75 - [STDERR_REDIRECT] [Fatal Error] :1:1: Premature end of file.
2026-02-22 00:34:32,589 [ERROR] LogOutputStream:75 - [STDERR_REDIRECT] 
2026-02-22 00:34:33,601 [ERROR] LogOutputStream:75 - [STDERR_REDIRECT] [Fatal Error] :1:1: Premature end of file.
2026-02-22 00:34:33,601 [ERROR] LogOutputStream:75 - [STDERR_REDIRECT] 
2026-02-22 00:34:34,594 [ERROR] LogOutputStream:75 - [STDERR_REDIRECT] [Fatal Error] :1:1: Premature end of file.
2026-02-22 00:34:34,594 [ERROR] LogOutputStream:75 - [STDERR_REDIRECT] 
2026-02-22 00:34:35,605 [ERROR] LogOutputStream:75 - [STDERR_REDIRECT] [Fatal Error] :1:1: Premature end of file.
2026-02-22 00:34:35,605 [ERROR] LogOutputStream:75 - [STDERR_REDIRECT] 
2026-02-22 00:34:36,588 [ERROR] LogOutputStream:75 - [STDERR_REDIRECT] [Fatal Error] :1:1: Premature end of file.
2026-02-22 00:34:36,588 [ERROR] LogOutputStream:75 - [STDERR_REDIRECT] 
2026-02-22 00:34:37,604 [ERROR] LogOutputStream:75 - [STDERR_REDIRECT] [Fatal Error] :1:1: Premature end of file.
2026-02-22 00:34:37,604 [ERROR] LogOutputStream:75 - [STDERR_REDIRECT] 
2026-02-22 00:34:38,591 [ERROR] LogOutputStream:75 - [STDERR_REDIRECT] [Fatal Error] :1:1: Premature end of file.
2026-02-22 00:34:38,591 [ERROR] LogOutputStream:75 - [STDERR_REDIRECT] 
2026-02-22 00:34:39,587 [ERROR] LogOutputStream:75 - [STDERR_REDIRECT] [Fatal Error] :1:1: Premature end of file.
2026-02-22 00:34:39,587 [ERROR] LogOutputStream:75 - [STDERR_REDIRECT] 
2026-02-22 00:34:40,608 [ERROR] LogOutputStream:75 - [STDERR_REDIRECT] [Fatal Error] :1:1: Premature end of file.
2026-02-22 00:34:40,608 [ERROR] LogOutputStream:75 - [STDERR_REDIRECT] 
2026-02-22 00:34:41,592 [ERROR] LogOutputStream:75 - [STDERR_REDIRECT] [Fatal Error] :1:1: Premature end of file.
2026-02-22 00:34:41,592 [ERROR] LogOutputStream:75 - [STDERR_REDIRECT] 
2026-02-22 00:34:42,586 [ERROR] LogOutputStream:75 - [STDERR_REDIRECT] [Fatal Error] :1:1: Premature end of file.
2026-02-22 00:34:42,586 [ERROR] LogOutputStream:75 - [STDERR_REDIRECT] 
2026-02-22 00:34:43,589 [ERROR] LogOutputStream:75 - [STDERR_REDIRECT] [Fatal Error] :1:1: Premature end of file.
2026-02-22 00:34:43,589 [ERROR] LogOutputStream:75 - [STDERR_REDIRECT] 
2026-02-22 00:34:44,594 [ERROR] LogOutputStream:75 - [STDERR_REDIRECT] [Fatal Error] :1:1: Premature end of file.
2026-02-22 00:34:44,594 [ERROR] LogOutputStream:75 - [STDERR_REDIRECT] 
2026-02-22 00:34:45,590 [ERROR] LogOutputStream:75 - [STDERR_REDIRECT] [Fatal Error] :1:1: Premature end of file.
2026-02-22 00:34:45,590 [ERROR] LogOutputStream:75 - [STDERR_REDIRECT] 
2026-02-22 00:34:46,601 [ERROR] LogOutputStream:75 - [STDERR_REDIRECT] [Fatal Error] :1:1: Premature end of file.
2026-02-22 00:34:46,601 [ERROR] LogOutputStream:75 - [STDERR_REDIRECT] 
2026-02-22 00:34:47,601 [ERROR] LogOutputStream:75 - [STDERR_REDIRECT] [Fatal Error] :1:1: Premature end of file.
2026-02-22 00:34:47,601 [ERROR] LogOutputStream:75 - [STDERR_REDIRECT] 
2026-02-22 00:34:48,585 [ERROR] LogOutputStream:75 - [STDERR_REDIRECT] [Fatal Error] :1:1: Premature end of file.
2026-02-22 00:34:48,585 [ERROR] LogOutputStream:75 - [STDERR_REDIRECT] 
2026-02-22 00:34:49,595 [ERROR] LogOutputStream:75 - [STDERR_REDIRECT] [Fatal Error] :1:1: Premature end of file.
2026-02-22 00:34:49,595 [ERROR] LogOutputStream:75 - [STDERR_REDIRECT] 
2026-02-22 00:34:50,584 [ERROR] LogOutputStream:75 - [STDERR_REDIRECT] [Fatal Error] :1:1: Premature end of file.
2026-02-22 00:34:50,584 [ERROR] LogOutputStream:75 - [STDERR_REDIRECT] 
2026-02-22 00:34:51,583 [ERROR] LogOutputStream:75 - [STDERR_REDIRECT] [Fatal Error] :1:1: Premature end of file.
2026-02-22 00:34:51,584 [ERROR] LogOutputStream:75 - [STDERR_REDIRECT] 
2026-02-22 00:34:52,582 [ERROR] LogOutputStream:75 - [STDERR_REDIRECT] [Fatal Error] :1:1: Premature end of file.
2026-02-22 00:34:52,582 [ERROR] LogOutputStream:75 - [STDERR_REDIRECT] 
2026-02-22 00:34:53,584 [ERROR] LogOutputStream:75 - [STDERR_REDIRECT] [Fatal Error] :1:1: Premature end of file.
2026-02-22 00:34:53,584 [ERROR] LogOutputStream:75 - [STDERR_REDIRECT] 
2026-02-22 00:34:54,585 [ERROR] LogOutputStream:75 - [STDERR_REDIRECT] [Fatal Error] :1:1: Premature end of file.
2026-02-22 00:34:54,585 [ERROR] LogOutputStream:75 - [STDERR_REDIRECT] 
2026-02-22 00:34:55,584 [ERROR] LogOutputStream:75 - [STDERR_REDIRECT] [Fatal Error] :1:1: Premature end of file.
2026-02-22 00:34:55,584 [ERROR] LogOutputStream:75 - [STDERR_REDIRECT] 
2026-02-22 00:34:56,582 [ERROR] LogOutputStream:75 - [STDERR_REDIRECT] [Fatal Error] :1:1: Premature end of file.
2026-02-22 00:34:56,582 [ERROR] LogOutputStream:75 - [STDERR_REDIRECT] 
2026-02-22 00:34:57,583 [ERROR] LogOutputStream:75 - [STDERR_REDIRECT] [Fatal Error] :1:1: Premature end of file.
2026-02-22 00:34:57,583 [ERROR] LogOutputStream:75 - [STDERR_REDIRECT] 
2026-02-22 00:34:58,585 [ERROR] LogOutputStream:75 - [STDERR_REDIRECT] [Fatal Error] :1:1: Premature end of file.
2026-02-22 00:34:58,585 [ERROR] LogOutputStream:75 - [STDERR_REDIRECT] 
2026-02-22 00:34:59,584 [ERROR] LogOutputStream:75 - [STDERR_REDIRECT] [Fatal Error] :1:1: Premature end of file.
2026-02-22 00:34:59,585 [ERROR] LogOutputStream:75 - [STDERR_REDIRECT] 
2026-02-22 00:35:00,583 [ERROR] LogOutputStream:75 - [STDERR_REDIRECT] [Fatal Error] :1:1: Premature end of file.
2026-02-22 00:35:00,583 [ERROR] LogOutputStream:75 - [STDERR_REDIRECT] 
2026-02-22 00:35:01,607 [ERROR] LogOutputStream:75 - [STDERR_REDIRECT] [Fatal Error] :1:1: Premature end of file.
2026-02-22 00:35:01,607 [ERROR] LogOutputStream:75 - [STDERR_REDIRECT] 
2026-02-22 00:35:02,587 [ERROR] LogOutputStream:75 - [STDERR_REDIRECT] [Fatal Error] :1:1: Premature end of file.
2026-02-22 00:35:02,587 [ERROR] LogOutputStream:75 - [STDERR_REDIRECT] 
2026-02-22 00:35:03,583 [ERROR] LogOutputStream:75 - [STDERR_REDIRECT] [Fatal Error] :1:1: Premature end of file.
2026-02-22 00:35:03,583 [ERROR] LogOutputStream:75 - [STDERR_REDIRECT] 
2026-02-22 00:35:04,582 [ERROR] LogOutputStream:75 - [STDERR_REDIRECT] [Fatal Error] :1:1: Premature end of file.
2026-02-22 00:35:04,582 [ERROR] LogOutputStream:75 - [STDERR_REDIRECT] 
2026-02-22 00:35:05,596 [ERROR] LogOutputStream:75 - [STDERR_REDIRECT] [Fatal Error] :1:1: Premature end of file.
2026-02-22 00:35:05,596 [ERROR] LogOutputStream:75 - [STDERR_REDIRECT] 
2026-02-22 00:35:06,581 [ERROR] LogOutputStream:75 - [STDERR_REDIRECT] [Fatal Error] :1:1: Premature end of file.
2026-02-22 00:35:06,583 [ERROR] LogOutputStream:75 - [STDERR_REDIRECT] 
2026-02-22 00:35:07,582 [ERROR] LogOutputStream:75 - [STDERR_REDIRECT] [Fatal Error] :1:1: Premature end of file.
2026-02-22 00:35:07,582 [ERROR] LogOutputStream:75 - [STDERR_REDIRECT] 
2026-02-22 00:35:08,139 [INFO] NvicIntPanel:101 - NVIC parent = com.st.microxplorer.plugins.ip.nvic.MultiNvicIntPanel[,0,0,464x540,layout=javax.swing.BoxLayout,alignmentX=0.0,alignmentY=0.0,border=,flags=9,maximumSize=,minimumSize=,preferredSize=]
2026-02-22 00:35:08,583 [ERROR] LogOutputStream:75 - [STDERR_REDIRECT] [Fatal Error] :1:1: Premature end of file.
2026-02-22 00:35:08,583 [ERROR] LogOutputStream:75 - [STDERR_REDIRECT] 
2026-02-22 00:35:09,583 [ERROR] LogOutputStream:75 - [STDERR_REDIRECT] [Fatal Error] :1:1: Premature end of file.
2026-02-22 00:35:09,584 [ERROR] LogOutputStream:75 - [STDERR_REDIRECT] 
2026-02-22 00:35:10,582 [ERROR] LogOutputStream:75 - [STDERR_REDIRECT] [Fatal Error] :1:1: Premature end of file.
2026-02-22 00:35:10,582 [ERROR] LogOutputStream:75 - [STDERR_REDIRECT] 
2026-02-22 00:35:11,589 [ERROR] LogOutputStream:75 - [STDERR_REDIRECT] [Fatal Error] :1:1: Premature end of file.
2026-02-22 00:35:11,589 [ERROR] LogOutputStream:75 - [STDERR_REDIRECT] 
2026-02-22 00:35:12,598 [ERROR] LogOutputStream:75 - [STDERR_REDIRECT] [Fatal Error] :1:1: Premature end of file.
2026-02-22 00:35:12,598 [ERROR] LogOutputStream:75 - [STDERR_REDIRECT] 
2026-02-22 00:35:13,585 [ERROR] LogOutputStream:75 - [STDERR_REDIRECT] [Fatal Error] :1:1: Premature end of file.
2026-02-22 00:35:13,585 [ERROR] LogOutputStream:75 - [STDERR_REDIRECT] 
2026-02-22 00:35:14,598 [ERROR] LogOutputStream:75 - [STDERR_REDIRECT] [Fatal Error] :1:1: Premature end of file.
2026-02-22 00:35:14,598 [ERROR] LogOutputStream:75 - [STDERR_REDIRECT] 
2026-02-22 00:35:15,598 [ERROR] LogOutputStream:75 - [STDERR_REDIRECT] [Fatal Error] :1:1: Premature end of file.
2026-02-22 00:35:15,598 [ERROR] LogOutputStream:75 - [STDERR_REDIRECT] 
2026-02-22 00:35:16,583 [ERROR] LogOutputStream:75 - [STDERR_REDIRECT] [Fatal Error] :1:1: Premature end of file.
2026-02-22 00:35:16,583 [ERROR] LogOutputStream:75 - [STDERR_REDIRECT] 
2026-02-22 00:35:17,591 [ERROR] LogOutputStream:75 - [STDERR_REDIRECT] [Fatal Error] :1:1: Premature end of file.
2026-02-22 00:35:17,591 [ERROR] LogOutputStream:75 - [STDERR_REDIRECT] 
2026-02-22 00:35:18,594 [ERROR] LogOutputStream:75 - [STDERR_REDIRECT] [Fatal Error] :1:1: Premature end of file.
2026-02-22 00:35:18,594 [ERROR] LogOutputStream:75 - [STDERR_REDIRECT] 
2026-02-22 00:35:19,584 [ERROR] LogOutputStream:75 - [STDERR_REDIRECT] [Fatal Error] :1:1: Premature end of file.
2026-02-22 00:35:19,584 [ERROR] LogOutputStream:75 - [STDERR_REDIRECT] 
2026-02-22 00:35:20,594 [ERROR] LogOutputStream:75 - [STDERR_REDIRECT] [Fatal Error] :1:1: Premature end of file.
2026-02-22 00:35:20,594 [ERROR] LogOutputStream:75 - [STDERR_REDIRECT] 
2026-02-22 00:35:21,584 [ERROR] LogOutputStream:75 - [STDERR_REDIRECT] [Fatal Error] :1:1: Premature end of file.
2026-02-22 00:35:21,584 [ERROR] LogOutputStream:75 - [STDERR_REDIRECT] 
2026-02-22 00:35:22,591 [ERROR] LogOutputStream:75 - [STDERR_REDIRECT] [Fatal Error] :1:1: Premature end of file.
2026-02-22 00:35:22,591 [ERROR] LogOutputStream:75 - [STDERR_REDIRECT] 
2026-02-22 00:35:23,595 [ERROR] LogOutputStream:75 - [STDERR_REDIRECT] [Fatal Error] :1:1: Premature end of file.
2026-02-22 00:35:23,595 [ERROR] LogOutputStream:75 - [STDERR_REDIRECT] 
2026-02-22 00:35:24,591 [ERROR] LogOutputStream:75 - [STDERR_REDIRECT] [Fatal Error] :1:1: Premature end of file.
2026-02-22 00:35:24,592 [ERROR] LogOutputStream:75 - [STDERR_REDIRECT] 
2026-02-22 00:35:25,597 [ERROR] LogOutputStream:75 - [STDERR_REDIRECT] [Fatal Error] :1:1: Premature end of file.
2026-02-22 00:35:25,597 [ERROR] LogOutputStream:75 - [STDERR_REDIRECT] 
2026-02-22 00:35:26,581 [ERROR] LogOutputStream:75 - [STDERR_REDIRECT] [Fatal Error] :1:1: Premature end of file.
2026-02-22 00:35:26,582 [ERROR] LogOutputStream:75 - [STDERR_REDIRECT] 
2026-02-22 00:35:27,591 [ERROR] LogOutputStream:75 - [STDERR_REDIRECT] [Fatal Error] :1:1: Premature end of file.
2026-02-22 00:35:27,591 [ERROR] LogOutputStream:75 - [STDERR_REDIRECT] 
2026-02-22 00:35:28,584 [ERROR] LogOutputStream:75 - [STDERR_REDIRECT] [Fatal Error] :1:1: Premature end of file.
2026-02-22 00:35:28,584 [ERROR] LogOutputStream:75 - [STDERR_REDIRECT] 
2026-02-22 00:35:29,590 [ERROR] LogOutputStream:75 - [STDERR_REDIRECT] [Fatal Error] :1:1: Premature end of file.
2026-02-22 00:35:29,592 [ERROR] LogOutputStream:75 - [STDERR_REDIRECT] 
2026-02-22 00:35:30,608 [ERROR] LogOutputStream:75 - [STDERR_REDIRECT] [Fatal Error] :1:1: Premature end of file.
2026-02-22 00:35:30,609 [ERROR] LogOutputStream:75 - [STDERR_REDIRECT] 
2026-02-22 00:35:31,584 [ERROR] LogOutputStream:75 - [STDERR_REDIRECT] [Fatal Error] :1:1: Premature end of file.
2026-02-22 00:35:31,584 [ERROR] LogOutputStream:75 - [STDERR_REDIRECT] 
2026-02-22 00:35:32,583 [ERROR] LogOutputStream:75 - [STDERR_REDIRECT] [Fatal Error] :1:1: Premature end of file.
2026-02-22 00:35:32,583 [ERROR] LogOutputStream:75 - [STDERR_REDIRECT] 
2026-02-22 00:35:33,581 [ERROR] LogOutputStream:75 - [STDERR_REDIRECT] [Fatal Error] :1:1: Premature end of file.
2026-02-22 00:35:33,582 [ERROR] LogOutputStream:75 - [STDERR_REDIRECT] 
2026-02-22 00:35:34,591 [ERROR] LogOutputStream:75 - [STDERR_REDIRECT] [Fatal Error] :1:1: Premature end of file.
2026-02-22 00:35:34,591 [ERROR] LogOutputStream:75 - [STDERR_REDIRECT] 
2026-02-22 00:35:35,610 [ERROR] LogOutputStream:75 - [STDERR_REDIRECT] [Fatal Error] :1:1: Premature end of file.
2026-02-22 00:35:35,610 [ERROR] LogOutputStream:75 - [STDERR_REDIRECT] 
2026-02-22 00:35:36,582 [ERROR] LogOutputStream:75 - [STDERR_REDIRECT] [Fatal Error] :1:1: Premature end of file.
2026-02-22 00:35:36,582 [ERROR] LogOutputStream:75 - [STDERR_REDIRECT] 
2026-02-22 00:35:36,680 [INFO] NvicIntPanel:101 - NVIC parent = com.st.microxplorer.plugins.ip.nvic.MultiNvicIntPanel[,0,0,0x0,invalid,layout=javax.swing.BoxLayout,alignmentX=0.0,alignmentY=0.0,border=,flags=9,maximumSize=,minimumSize=,preferredSize=]
2026-02-22 00:35:37,584 [ERROR] LogOutputStream:75 - [STDERR_REDIRECT] [Fatal Error] :1:1: Premature end of file.
2026-02-22 00:35:37,584 [ERROR] LogOutputStream:75 - [STDERR_REDIRECT] 
2026-02-22 00:35:38,598 [ERROR] LogOutputStream:75 - [STDERR_REDIRECT] [Fatal Error] :1:1: Premature end of file.
2026-02-22 00:35:38,598 [ERROR] LogOutputStream:75 - [STDERR_REDIRECT] 
2026-02-22 00:35:39,594 [ERROR] LogOutputStream:75 - [STDERR_REDIRECT] [Fatal Error] :1:1: Premature end of file.
2026-02-22 00:35:39,594 [ERROR] LogOutputStream:75 - [STDERR_REDIRECT] 
2026-02-22 00:35:40,590 [ERROR] LogOutputStream:75 - [STDERR_REDIRECT] [Fatal Error] :1:1: Premature end of file.
2026-02-22 00:35:40,590 [ERROR] LogOutputStream:75 - [STDERR_REDIRECT] 
2026-02-22 00:35:41,583 [ERROR] LogOutputStream:75 - [STDERR_REDIRECT] [Fatal Error] :1:1: Premature end of file.
2026-02-22 00:35:41,583 [ERROR] LogOutputStream:75 - [STDERR_REDIRECT] 
2026-02-22 00:35:42,583 [ERROR] LogOutputStream:75 - [STDERR_REDIRECT] [Fatal Error] :1:1: Premature end of file.
2026-02-22 00:35:42,583 [ERROR] LogOutputStream:75 - [STDERR_REDIRECT] 
2026-02-22 00:35:43,592 [ERROR] LogOutputStream:75 - [STDERR_REDIRECT] [Fatal Error] :1:1: Premature end of file.
2026-02-22 00:35:43,592 [ERROR] LogOutputStream:75 - [STDERR_REDIRECT] 
2026-02-22 00:35:44,425 [INFO] UtilMem:75 - End SaveConfig() Used Memory: 816438136 Bytes (1073741824)
2026-02-22 00:35:44,586 [ERROR] LogOutputStream:75 - [STDERR_REDIRECT] [Fatal Error] :1:1: Premature end of file.
2026-02-22 00:35:44,586 [ERROR] LogOutputStream:75 - [STDERR_REDIRECT] 
2026-02-22 00:35:45,583 [ERROR] LogOutputStream:75 - [STDERR_REDIRECT] [Fatal Error] :1:1: Premature end of file.
2026-02-22 00:35:45,583 [ERROR] LogOutputStream:75 - [STDERR_REDIRECT] 
2026-02-22 00:35:45,964 [INFO] UtilMem:75 - End SaveConfig() Used Memory: 870964088 Bytes (1073741824)
2026-02-22 00:35:46,593 [ERROR] LogOutputStream:75 - [STDERR_REDIRECT] [Fatal Error] :1:1: Premature end of file.
2026-02-22 00:35:46,593 [ERROR] LogOutputStream:75 - [STDERR_REDIRECT] 
2026-02-22 00:35:47,433 [INFO] UtilMem:75 - End SaveConfig() Used Memory: 939121528 Bytes (1073741824)
2026-02-22 00:35:47,585 [ERROR] LogOutputStream:75 - [STDERR_REDIRECT] [Fatal Error] :1:1: Premature end of file.
2026-02-22 00:35:47,586 [ERROR] LogOutputStream:75 - [STDERR_REDIRECT] 
2026-02-22 00:35:47,646 [INFO] BlockDiagram:2775 - set Specific Code input for plugin: TIM1_8
2026-02-22 00:35:47,646 [INFO] BlockDiagram:2775 - set Specific Code input for plugin: SYS
2026-02-22 00:35:47,646 [INFO] BlockDiagram:2775 - set Specific Code input for plugin: RCC
2026-02-22 00:35:47,646 [INFO] BlockDiagram:2775 - set Specific Code input for plugin: NVIC
2026-02-22 00:35:47,646 [INFO] BlockDiagram:2775 - set Specific Code input for plugin: USART
2026-02-22 00:35:47,646 [INFO] BlockDiagram:2775 - set Specific Code input for plugin: GPIO
2026-02-22 00:35:47,647 [INFO] CodeGenerator:892 - code generatio: config db path: C:\ST\STM32CubeIDE_1.19.0\STM32CubeIDE\plugins\com.st.stm32cube.common.mx_6.15.0.202507011659\\db\
2026-02-22 00:35:47,722 [INFO] CodeEngine:265 - oldGeneratedFile, C:\Users\USER\Desktop\Dron\1_Debug_UART\MXTmpFiles\license.tmp_save
2026-02-22 00:35:47,777 [INFO] CodeEngine:289 - Generated code: C:\Users\USER\Desktop\Dron\1_Debug_UART\MXTmpFiles\license.tmp
2026-02-22 00:35:47,821 [INFO] CodeEngine:265 - oldGeneratedFile, C:\Users\USER\Desktop\Dron\1_Debug_UART\Core\Src\gpio.c_save
2026-02-22 00:35:47,877 [INFO] CodeEngine:289 - Generated code: C:\Users\USER\Desktop\Dron\1_Debug_UART\Core\Src\gpio.c
2026-02-22 00:35:47,883 [INFO] CodeEngine:265 - oldGeneratedFile, C:\Users\USER\Desktop\Dron\1_Debug_UART\Core\Inc\gpio.h_save
2026-02-22 00:35:47,932 [INFO] CodeEngine:289 - Generated code: C:\Users\USER\Desktop\Dron\1_Debug_UART\Core\Inc\gpio.h
2026-02-22 00:35:47,994 [INFO] CodeEngine:265 - oldGeneratedFile, C:\Users\USER\Desktop\Dron\1_Debug_UART\Core\Src\tim.c_save
2026-02-22 00:35:48,068 [INFO] CodeEngine:289 - Generated code: C:\Users\USER\Desktop\Dron\1_Debug_UART\Core\Src\tim.c
2026-02-22 00:35:48,075 [INFO] CodeEngine:265 - oldGeneratedFile, C:\Users\USER\Desktop\Dron\1_Debug_UART\Core\Inc\tim.h_save
2026-02-22 00:35:48,127 [INFO] CodeEngine:289 - Generated code: C:\Users\USER\Desktop\Dron\1_Debug_UART\Core\Inc\tim.h
2026-02-22 00:35:48,137 [INFO] CodeEngine:265 - oldGeneratedFile, C:\Users\USER\Desktop\Dron\1_Debug_UART\Core\Src\usart.c_save
2026-02-22 00:35:48,211 [INFO] CodeEngine:289 - Generated code: C:\Users\USER\Desktop\Dron\1_Debug_UART\Core\Src\usart.c
2026-02-22 00:35:48,218 [INFO] CodeEngine:265 - oldGeneratedFile, C:\Users\USER\Desktop\Dron\1_Debug_UART\Core\Inc\usart.h_save
2026-02-22 00:35:48,266 [INFO] CodeEngine:289 - Generated code: C:\Users\USER\Desktop\Dron\1_Debug_UART\Core\Inc\usart.h
2026-02-22 00:35:48,276 [INFO] CodeEngine:265 - oldGeneratedFile, C:\Users\USER\Desktop\Dron\1_Debug_UART\Core\Src\stm32f4xx_it.c_save
2026-02-22 00:35:48,337 [INFO] CodeEngine:289 - Generated code: C:\Users\USER\Desktop\Dron\1_Debug_UART\Core\Src\stm32f4xx_it.c
2026-02-22 00:35:48,343 [INFO] CodeEngine:265 - oldGeneratedFile, C:\Users\USER\Desktop\Dron\1_Debug_UART\Core\Inc\stm32f4xx_it.h_save
2026-02-22 00:35:48,390 [INFO] CodeEngine:289 - Generated code: C:\Users\USER\Desktop\Dron\1_Debug_UART\Core\Inc\stm32f4xx_it.h
2026-02-22 00:35:48,401 [INFO] CodeEngine:265 - oldGeneratedFile, C:\Users\USER\Desktop\Dron\1_Debug_UART\Core\Src\stm32f4xx_hal_msp.c_save
2026-02-22 00:35:48,470 [INFO] CodeEngine:289 - Generated code: C:\Users\USER\Desktop\Dron\1_Debug_UART\Core\Src\stm32f4xx_hal_msp.c
2026-02-22 00:35:48,475 [INFO] CodeEngine:265 - oldGeneratedFile, C:\Users\USER\Desktop\Dron\1_Debug_UART\MXTmpFiles\system.tmp_save
2026-02-22 00:35:48,531 [INFO] CodeEngine:289 - Generated code: C:\Users\USER\Desktop\Dron\1_Debug_UART\MXTmpFiles\system.tmp
2026-02-22 00:35:48,538 [INFO] CodeEngine:265 - oldGeneratedFile, C:\Users\USER\Desktop\Dron\1_Debug_UART\Core\Inc\stm32_assert.h_save
2026-02-22 00:35:48,592 [ERROR] LogOutputStream:75 - [STDERR_REDIRECT] [Fatal Error] :1:1: Premature end of file.
2026-02-22 00:35:48,592 [ERROR] LogOutputStream:75 - [STDERR_REDIRECT] 
2026-02-22 00:35:48,604 [INFO] CodeEngine:289 - Generated code: C:\Users\USER\Desktop\Dron\1_Debug_UART\Core\Inc\stm32_assert.h
2026-02-22 00:35:48,617 [INFO] CodeEngine:321 - oldGeneratedFile, C:\Users\USER\Desktop\Dron\1_Debug_UART\Core\Inc\stm32f4xx_hal_conf.h_save
2026-02-22 00:35:48,674 [INFO] CodeEngine:345 - Generated code: C:\Users\USER\Desktop\Dron\1_Debug_UART\Core\Inc\stm32f4xx_hal_conf.h
2026-02-22 00:35:48,707 [INFO] CodeEngine:265 - oldGeneratedFile, C:\Users\USER\Desktop\Dron\1_Debug_UART\Core\Inc\main.h_save
2026-02-22 00:35:48,765 [INFO] CodeEngine:289 - Generated code: C:\Users\USER\Desktop\Dron\1_Debug_UART\Core\Inc\main.h
2026-02-22 00:35:48,769 [INFO] CodeEngine:265 - oldGeneratedFile, C:\Users\USER\Desktop\Dron\1_Debug_UART\Core\Src\main.c_save
2026-02-22 00:35:48,840 [INFO] CodeEngine:289 - Generated code: C:\Users\USER\Desktop\Dron\1_Debug_UART\Core\Src\main.c
2026-02-22 00:35:49,103 [INFO] ProjectBuilder:3606 - Time for Copy HAL[1] : 97mS.
2026-02-22 00:35:49,106 [INFO] ProjectBuilder:5216 - Project Generator version: 4.7.0-B52
2026-02-22 00:35:49,195 [INFO] ConfigFileManager:1595 - The Die is : DIE413
2026-02-22 00:35:49,609 [ERROR] LogOutputStream:75 - [STDERR_REDIRECT] [Fatal Error] :1:1: Premature end of file.
2026-02-22 00:35:49,609 [ERROR] LogOutputStream:75 - [STDERR_REDIRECT] 
2026-02-22 00:35:49,913 [INFO] ProjectBuilder:5496 - Time for Generating toolchain IDE Files: 808mS.
2026-02-22 00:35:49,913 [INFO] ProjectBuilder:3463 - Time for Copy CMSIS : 0mS.
2026-02-22 00:35:49,916 [INFO] ProjectBuilder:3463 - Time for Copy CMSIS : 0mS.
2026-02-22 00:35:50,586 [ERROR] LogOutputStream:75 - [STDERR_REDIRECT] [Fatal Error] :1:1: Premature end of file.
2026-02-22 00:35:50,586 [ERROR] LogOutputStream:75 - [STDERR_REDIRECT] 
2026-02-22 00:35:51,585 [ERROR] LogOutputStream:75 - [STDERR_REDIRECT] [Fatal Error] :1:1: Premature end of file.
2026-02-22 00:35:51,585 [ERROR] LogOutputStream:75 - [STDERR_REDIRECT] 
2026-02-22 00:35:52,585 [ERROR] LogOutputStream:75 - [STDERR_REDIRECT] [Fatal Error] :1:1: Premature end of file.
2026-02-22 00:35:52,585 [ERROR] LogOutputStream:75 - [STDERR_REDIRECT] 
2026-02-22 00:35:53,583 [ERROR] LogOutputStream:75 - [STDERR_REDIRECT] [Fatal Error] :1:1: Premature end of file.
2026-02-22 00:35:53,583 [ERROR] LogOutputStream:75 - [STDERR_REDIRECT] 
2026-02-22 00:35:54,582 [ERROR] LogOutputStream:75 - [STDERR_REDIRECT] [Fatal Error] :1:1: Premature end of file.
2026-02-22 00:35:54,582 [ERROR] LogOutputStream:75 - [STDERR_REDIRECT] 
2026-02-22 00:35:55,584 [ERROR] LogOutputStream:75 - [STDERR_REDIRECT] [Fatal Error] :1:1: Premature end of file.
2026-02-22 00:35:55,584 [ERROR] LogOutputStream:75 - [STDERR_REDIRECT] 
2026-02-22 00:35:56,583 [ERROR] LogOutputStream:75 - [STDERR_REDIRECT] [Fatal Error] :1:1: Premature end of file.
2026-02-22 00:35:56,583 [ERROR] LogOutputStream:75 - [STDERR_REDIRECT] 
2026-02-22 00:35:57,601 [ERROR] LogOutputStream:75 - [STDERR_REDIRECT] [Fatal Error] :1:1: Premature end of file.
2026-02-22 00:35:57,601 [ERROR] LogOutputStream:75 - [STDERR_REDIRECT] 
2026-02-22 00:35:58,587 [ERROR] LogOutputStream:75 - [STDERR_REDIRECT] [Fatal Error] :1:1: Premature end of file.
2026-02-22 00:35:58,587 [ERROR] LogOutputStream:75 - [STDERR_REDIRECT] 
2026-02-22 00:35:59,586 [ERROR] LogOutputStream:75 - [STDERR_REDIRECT] [Fatal Error] :1:1: Premature end of file.
2026-02-22 00:35:59,587 [ERROR] LogOutputStream:75 - [STDERR_REDIRECT] 
2026-02-22 00:36:00,583 [ERROR] LogOutputStream:75 - [STDERR_REDIRECT] [Fatal Error] :1:1: Premature end of file.
2026-02-22 00:36:00,583 [ERROR] LogOutputStream:75 - [STDERR_REDIRECT] 
2026-02-22 00:36:01,582 [ERROR] LogOutputStream:75 - [STDERR_REDIRECT] [Fatal Error] :1:1: Premature end of file.
2026-02-22 00:36:01,582 [ERROR] LogOutputStream:75 - [STDERR_REDIRECT] 
2026-02-22 00:36:02,582 [ERROR] LogOutputStream:75 - [STDERR_REDIRECT] [Fatal Error] :1:1: Premature end of file.
2026-02-22 00:36:02,584 [ERROR] LogOutputStream:75 - [STDERR_REDIRECT] 
2026-02-22 00:36:03,590 [ERROR] LogOutputStream:75 - [STDERR_REDIRECT] [Fatal Error] :1:1: Premature end of file.
2026-02-22 00:36:03,590 [ERROR] LogOutputStream:75 - [STDERR_REDIRECT] 
2026-02-22 00:36:04,583 [ERROR] LogOutputStream:75 - [STDERR_REDIRECT] [Fatal Error] :1:1: Premature end of file.
2026-02-22 00:36:04,583 [ERROR] LogOutputStream:75 - [STDERR_REDIRECT] 
2026-02-22 00:36:05,584 [ERROR] LogOutputStream:75 - [STDERR_REDIRECT] [Fatal Error] :1:1: Premature end of file.
2026-02-22 00:36:05,584 [ERROR] LogOutputStream:75 - [STDERR_REDIRECT] 
2026-02-22 00:36:06,583 [ERROR] LogOutputStream:75 - [STDERR_REDIRECT] [Fatal Error] :1:1: Premature end of file.
2026-02-22 00:36:06,583 [ERROR] LogOutputStream:75 - [STDERR_REDIRECT] 
2026-02-22 00:36:07,582 [ERROR] LogOutputStream:75 - [STDERR_REDIRECT] [Fatal Error] :1:1: Premature end of file.
2026-02-22 00:36:07,582 [ERROR] LogOutputStream:75 - [STDERR_REDIRECT] 
2026-02-22 00:36:08,592 [ERROR] LogOutputStream:75 - [STDERR_REDIRECT] [Fatal Error] :1:1: Premature end of file.
2026-02-22 00:36:08,593 [ERROR] LogOutputStream:75 - [STDERR_REDIRECT] 
2026-02-22 00:36:09,593 [ERROR] LogOutputStream:75 - [STDERR_REDIRECT] [Fatal Error] :1:1: Premature end of file.
2026-02-22 00:36:09,593 [ERROR] LogOutputStream:75 - [STDERR_REDIRECT] 
2026-02-22 00:36:10,600 [ERROR] LogOutputStream:75 - [STDERR_REDIRECT] [Fatal Error] :1:1: Premature end of file.
2026-02-22 00:36:10,602 [ERROR] LogOutputStream:75 - [STDERR_REDIRECT] 
2026-02-22 00:36:11,593 [ERROR] LogOutputStream:75 - [STDERR_REDIRECT] [Fatal Error] :1:1: Premature end of file.
2026-02-22 00:36:11,593 [ERROR] LogOutputStream:75 - [STDERR_REDIRECT] 
2026-02-22 00:36:12,584 [ERROR] LogOutputStream:75 - [STDERR_REDIRECT] [Fatal Error] :1:1: Premature end of file.
2026-02-22 00:36:12,585 [ERROR] LogOutputStream:75 - [STDERR_REDIRECT] 
2026-02-22 00:36:13,584 [ERROR] LogOutputStream:75 - [STDERR_REDIRECT] [Fatal Error] :1:1: Premature end of file.
2026-02-22 00:36:13,584 [ERROR] LogOutputStream:75 - [STDERR_REDIRECT] 
2026-02-22 00:36:14,584 [ERROR] LogOutputStream:75 - [STDERR_REDIRECT] [Fatal Error] :1:1: Premature end of file.
2026-02-22 00:36:14,584 [ERROR] LogOutputStream:75 - [STDERR_REDIRECT] 
2026-02-22 00:36:15,595 [ERROR] LogOutputStream:75 - [STDERR_REDIRECT] [Fatal Error] :1:1: Premature end of file.
2026-02-22 00:36:15,595 [ERROR] LogOutputStream:75 - [STDERR_REDIRECT] 
2026-02-22 00:36:16,582 [ERROR] LogOutputStream:75 - [STDERR_REDIRECT] [Fatal Error] :1:1: Premature end of file.
2026-02-22 00:36:16,582 [ERROR] LogOutputStream:75 - [STDERR_REDIRECT] 
2026-02-22 00:36:17,592 [ERROR] LogOutputStream:75 - [STDERR_REDIRECT] [Fatal Error] :1:1: Premature end of file.
2026-02-22 00:36:17,592 [ERROR] LogOutputStream:75 - [STDERR_REDIRECT] 
2026-02-22 00:36:18,583 [ERROR] LogOutputStream:75 - [STDERR_REDIRECT] [Fatal Error] :1:1: Premature end of file.
2026-02-22 00:36:18,583 [ERROR] LogOutputStream:75 - [STDERR_REDIRECT] 
2026-02-22 00:36:19,583 [ERROR] LogOutputStream:75 - [STDERR_REDIRECT] [Fatal Error] :1:1: Premature end of file.
2026-02-22 00:36:19,583 [ERROR] LogOutputStream:75 - [STDERR_REDIRECT] 
2026-02-22 00:36:20,582 [ERROR] LogOutputStream:75 - [STDERR_REDIRECT] [Fatal Error] :1:1: Premature end of file.
2026-02-22 00:36:20,582 [ERROR] LogOutputStream:75 - [STDERR_REDIRECT] 
2026-02-22 00:36:21,592 [ERROR] LogOutputStream:75 - [STDERR_REDIRECT] [Fatal Error] :1:1: Premature end of file.
2026-02-22 00:36:21,592 [ERROR] LogOutputStream:75 - [STDERR_REDIRECT] 
2026-02-22 00:36:22,592 [ERROR] LogOutputStream:75 - [STDERR_REDIRECT] [Fatal Error] :1:1: Premature end of file.
2026-02-22 00:36:22,592 [ERROR] LogOutputStream:75 - [STDERR_REDIRECT] 
2026-02-22 00:36:23,583 [ERROR] LogOutputStream:75 - [STDERR_REDIRECT] [Fatal Error] :1:1: Premature end of file.
2026-02-22 00:36:23,583 [ERROR] LogOutputStream:75 - [STDERR_REDIRECT] 
2026-02-22 00:36:24,584 [ERROR] LogOutputStream:75 - [STDERR_REDIRECT] [Fatal Error] :1:1: Premature end of file.
2026-02-22 00:36:24,584 [ERROR] LogOutputStream:75 - [STDERR_REDIRECT] 
2026-02-22 00:36:25,583 [ERROR] LogOutputStream:75 - [STDERR_REDIRECT] [Fatal Error] :1:1: Premature end of file.
2026-02-22 00:36:25,583 [ERROR] LogOutputStream:75 - [STDERR_REDIRECT] 
2026-02-22 00:36:26,584 [ERROR] LogOutputStream:75 - [STDERR_REDIRECT] [Fatal Error] :1:1: Premature end of file.
2026-02-22 00:36:26,584 [ERROR] LogOutputStream:75 - [STDERR_REDIRECT] 
2026-02-22 00:36:27,583 [ERROR] LogOutputStream:75 - [STDERR_REDIRECT] [Fatal Error] :1:1: Premature end of file.
2026-02-22 00:36:27,584 [ERROR] LogOutputStream:75 - [STDERR_REDIRECT] 
2026-02-22 00:36:28,592 [ERROR] LogOutputStream:75 - [STDERR_REDIRECT] [Fatal Error] :1:1: Premature end of file.
2026-02-22 00:36:28,592 [ERROR] LogOutputStream:75 - [STDERR_REDIRECT] 
2026-02-22 00:36:29,584 [ERROR] LogOutputStream:75 - [STDERR_REDIRECT] [Fatal Error] :1:1: Premature end of file.
2026-02-22 00:36:29,584 [ERROR] LogOutputStream:75 - [STDERR_REDIRECT] 
2026-02-22 00:36:30,585 [ERROR] LogOutputStream:75 - [STDERR_REDIRECT] [Fatal Error] :1:1: Premature end of file.
2026-02-22 00:36:30,585 [ERROR] LogOutputStream:75 - [STDERR_REDIRECT] 
2026-02-22 00:36:31,583 [ERROR] LogOutputStream:75 - [STDERR_REDIRECT] [Fatal Error] :1:1: Premature end of file.
2026-02-22 00:36:31,583 [ERROR] LogOutputStream:75 - [STDERR_REDIRECT] 
2026-02-22 00:36:32,584 [ERROR] LogOutputStream:75 - [STDERR_REDIRECT] [Fatal Error] :1:1: Premature end of file.
2026-02-22 00:36:32,585 [ERROR] LogOutputStream:75 - [STDERR_REDIRECT] 
2026-02-22 00:36:33,583 [ERROR] LogOutputStream:75 - [STDERR_REDIRECT] [Fatal Error] :1:1: Premature end of file.
2026-02-22 00:36:33,583 [ERROR] LogOutputStream:75 - [STDERR_REDIRECT] 
2026-02-22 00:36:34,583 [ERROR] LogOutputStream:75 - [STDERR_REDIRECT] [Fatal Error] :1:1: Premature end of file.
2026-02-22 00:36:34,583 [ERROR] LogOutputStream:75 - [STDERR_REDIRECT] 
2026-02-22 00:36:35,582 [ERROR] LogOutputStream:75 - [STDERR_REDIRECT] [Fatal Error] :1:1: Premature end of file.
2026-02-22 00:36:35,582 [ERROR] LogOutputStream:75 - [STDERR_REDIRECT] 
2026-02-22 00:36:36,595 [ERROR] LogOutputStream:75 - [STDERR_REDIRECT] [Fatal Error] :1:1: Premature end of file.
2026-02-22 00:36:36,595 [ERROR] LogOutputStream:75 - [STDERR_REDIRECT] 
2026-02-22 00:36:37,582 [ERROR] LogOutputStream:75 - [STDERR_REDIRECT] [Fatal Error] :1:1: Premature end of file.
2026-02-22 00:36:37,582 [ERROR] LogOutputStream:75 - [STDERR_REDIRECT] 
2026-02-22 00:36:38,592 [ERROR] LogOutputStream:75 - [STDERR_REDIRECT] [Fatal Error] :1:1: Premature end of file.
2026-02-22 00:36:38,593 [ERROR] LogOutputStream:75 - [STDERR_REDIRECT] 
2026-02-22 00:36:39,583 [ERROR] LogOutputStream:75 - [STDERR_REDIRECT] [Fatal Error] :1:1: Premature end of file.
2026-02-22 00:36:39,583 [ERROR] LogOutputStream:75 - [STDERR_REDIRECT] 
2026-02-22 00:36:40,583 [ERROR] LogOutputStream:75 - [STDERR_REDIRECT] [Fatal Error] :1:1: Premature end of file.
2026-02-22 00:36:40,583 [ERROR] LogOutputStream:75 - [STDERR_REDIRECT] 
2026-02-22 00:36:41,583 [ERROR] LogOutputStream:75 - [STDERR_REDIRECT] [Fatal Error] :1:1: Premature end of file.
2026-02-22 00:36:41,583 [ERROR] LogOutputStream:75 - [STDERR_REDIRECT] 
2026-02-22 00:36:42,582 [ERROR] LogOutputStream:75 - [STDERR_REDIRECT] [Fatal Error] :1:1: Premature end of file.
2026-02-22 00:36:42,582 [ERROR] LogOutputStream:75 - [STDERR_REDIRECT] 
2026-02-22 00:36:43,583 [ERROR] LogOutputStream:75 - [STDERR_REDIRECT] [Fatal Error] :1:1: Premature end of file.
2026-02-22 00:36:43,583 [ERROR] LogOutputStream:75 - [STDERR_REDIRECT] 
2026-02-22 00:36:44,583 [ERROR] LogOutputStream:75 - [STDERR_REDIRECT] [Fatal Error] :1:1: Premature end of file.
2026-02-22 00:36:44,583 [ERROR] LogOutputStream:75 - [STDERR_REDIRECT] 
2026-02-22 00:36:45,583 [ERROR] LogOutputStream:75 - [STDERR_REDIRECT] [Fatal Error] :1:1: Premature end of file.
2026-02-22 00:36:45,583 [ERROR] LogOutputStream:75 - [STDERR_REDIRECT] 
2026-02-22 00:36:46,582 [ERROR] LogOutputStream:75 - [STDERR_REDIRECT] [Fatal Error] :1:1: Premature end of file.
2026-02-22 00:36:46,582 [ERROR] LogOutputStream:75 - [STDERR_REDIRECT] 
2026-02-22 00:36:47,582 [ERROR] LogOutputStream:75 - [STDERR_REDIRECT] [Fatal Error] :1:1: Premature end of file.
2026-02-22 00:36:47,582 [ERROR] LogOutputStream:75 - [STDERR_REDIRECT] 
2026-02-22 00:36:48,587 [ERROR] LogOutputStream:75 - [STDERR_REDIRECT] [Fatal Error] :1:1: Premature end of file.
2026-02-22 00:36:48,587 [ERROR] LogOutputStream:75 - [STDERR_REDIRECT] 
2026-02-22 00:36:49,583 [ERROR] LogOutputStream:75 - [STDERR_REDIRECT] [Fatal Error] :1:1: Premature end of file.
2026-02-22 00:36:49,583 [ERROR] LogOutputStream:75 - [STDERR_REDIRECT] 
2026-02-22 00:36:50,583 [ERROR] LogOutputStream:75 - [STDERR_REDIRECT] [Fatal Error] :1:1: Premature end of file.
2026-02-22 00:36:50,583 [ERROR] LogOutputStream:75 - [STDERR_REDIRECT] 
2026-02-22 00:36:51,584 [ERROR] LogOutputStream:75 - [STDERR_REDIRECT] [Fatal Error] :1:1: Premature end of file.
2026-02-22 00:36:51,584 [ERROR] LogOutputStream:75 - [STDERR_REDIRECT] 
2026-02-22 00:36:52,581 [ERROR] LogOutputStream:75 - [STDERR_REDIRECT] [Fatal Error] :1:1: Premature end of file.
2026-02-22 00:36:52,581 [ERROR] LogOutputStream:75 - [STDERR_REDIRECT] 
2026-02-22 00:36:53,587 [ERROR] LogOutputStream:75 - [STDERR_REDIRECT] [Fatal Error] :1:1: Premature end of file.
2026-02-22 00:36:53,587 [ERROR] LogOutputStream:75 - [STDERR_REDIRECT] 
2026-02-22 00:36:54,585 [ERROR] LogOutputStream:75 - [STDERR_REDIRECT] [Fatal Error] :1:1: Premature end of file.
2026-02-22 00:36:54,585 [ERROR] LogOutputStream:75 - [STDERR_REDIRECT] 
2026-02-22 00:36:55,581 [ERROR] LogOutputStream:75 - [STDERR_REDIRECT] [Fatal Error] :1:1: Premature end of file.
2026-02-22 00:36:55,581 [ERROR] LogOutputStream:75 - [STDERR_REDIRECT] 
2026-02-22 00:36:56,586 [ERROR] LogOutputStream:75 - [STDERR_REDIRECT] [Fatal Error] :1:1: Premature end of file.
2026-02-22 00:36:56,586 [ERROR] LogOutputStream:75 - [STDERR_REDIRECT] 
2026-02-22 00:36:57,583 [ERROR] LogOutputStream:75 - [STDERR_REDIRECT] [Fatal Error] :1:1: Premature end of file.
2026-02-22 00:36:57,583 [ERROR] LogOutputStream:75 - [STDERR_REDIRECT] 
2026-02-22 00:36:58,584 [ERROR] LogOutputStream:75 - [STDERR_REDIRECT] [Fatal Error] :1:1: Premature end of file.
2026-02-22 00:36:58,584 [ERROR] LogOutputStream:75 - [STDERR_REDIRECT] 
2026-02-22 00:36:59,589 [ERROR] LogOutputStream:75 - [STDERR_REDIRECT] [Fatal Error] :1:1: Premature end of file.
2026-02-22 00:36:59,589 [ERROR] LogOutputStream:75 - [STDERR_REDIRECT] 
2026-02-22 00:37:00,587 [ERROR] LogOutputStream:75 - [STDERR_REDIRECT] [Fatal Error] :1:1: Premature end of file.
2026-02-22 00:37:00,588 [ERROR] LogOutputStream:75 - [STDERR_REDIRECT] 
2026-02-22 00:37:01,584 [ERROR] LogOutputStream:75 - [STDERR_REDIRECT] [Fatal Error] :1:1: Premature end of file.
2026-02-22 00:37:01,584 [ERROR] LogOutputStream:75 - [STDERR_REDIRECT] 
2026-02-22 00:37:02,582 [ERROR] LogOutputStream:75 - [STDERR_REDIRECT] [Fatal Error] :1:1: Premature end of file.
2026-02-22 00:37:02,582 [ERROR] LogOutputStream:75 - [STDERR_REDIRECT] 
2026-02-22 00:37:03,588 [ERROR] LogOutputStream:75 - [STDERR_REDIRECT] [Fatal Error] :1:1: Premature end of file.
2026-02-22 00:37:03,588 [ERROR] LogOutputStream:75 - [STDERR_REDIRECT] 
2026-02-22 00:37:04,582 [ERROR] LogOutputStream:75 - [STDERR_REDIRECT] [Fatal Error] :1:1: Premature end of file.
2026-02-22 00:37:04,582 [ERROR] LogOutputStream:75 - [STDERR_REDIRECT] 
2026-02-22 00:37:05,598 [ERROR] LogOutputStream:75 - [STDERR_REDIRECT] [Fatal Error] :1:1: Premature end of file.
2026-02-22 00:37:05,598 [ERROR] LogOutputStream:75 - [STDERR_REDIRECT] 
2026-02-22 00:37:06,582 [ERROR] LogOutputStream:75 - [STDERR_REDIRECT] [Fatal Error] :1:1: Premature end of file.
2026-02-22 00:37:06,582 [ERROR] LogOutputStream:75 - [STDERR_REDIRECT] 
2026-02-22 00:37:07,594 [ERROR] LogOutputStream:75 - [STDERR_REDIRECT] [Fatal Error] :1:1: Premature end of file.
2026-02-22 00:37:07,594 [ERROR] LogOutputStream:75 - [STDERR_REDIRECT] 
2026-02-22 00:37:08,585 [ERROR] LogOutputStream:75 - [STDERR_REDIRECT] [Fatal Error] :1:1: Premature end of file.
2026-02-22 00:37:08,585 [ERROR] LogOutputStream:75 - [STDERR_REDIRECT] 
2026-02-22 00:37:09,589 [ERROR] LogOutputStream:75 - [STDERR_REDIRECT] [Fatal Error] :1:1: Premature end of file.
2026-02-22 00:37:09,589 [ERROR] LogOutputStream:75 - [STDERR_REDIRECT] 
2026-02-22 00:37:10,585 [ERROR] LogOutputStream:75 - [STDERR_REDIRECT] [Fatal Error] :1:1: Premature end of file.
2026-02-22 00:37:10,585 [ERROR] LogOutputStream:75 - [STDERR_REDIRECT] 
2026-02-22 00:37:11,586 [ERROR] LogOutputStream:75 - [STDERR_REDIRECT] [Fatal Error] :1:1: Premature end of file.
2026-02-22 00:37:11,586 [ERROR] LogOutputStream:75 - [STDERR_REDIRECT] 
2026-02-22 00:37:12,582 [ERROR] LogOutputStream:75 - [STDERR_REDIRECT] [Fatal Error] :1:1: Premature end of file.
2026-02-22 00:37:12,582 [ERROR] LogOutputStream:75 - [STDERR_REDIRECT] 
2026-02-22 00:37:13,589 [ERROR] LogOutputStream:75 - [STDERR_REDIRECT] [Fatal Error] :1:1: Premature end of file.
2026-02-22 00:37:13,589 [ERROR] LogOutputStream:75 - [STDERR_REDIRECT] 
2026-02-22 00:37:14,585 [ERROR] LogOutputStream:75 - [STDERR_REDIRECT] [Fatal Error] :1:1: Premature end of file.
2026-02-22 00:37:14,585 [ERROR] LogOutputStream:75 - [STDERR_REDIRECT] 
2026-02-22 00:37:15,586 [ERROR] LogOutputStream:75 - [STDERR_REDIRECT] [Fatal Error] :1:1: Premature end of file.
2026-02-22 00:37:15,586 [ERROR] LogOutputStream:75 - [STDERR_REDIRECT] 
2026-02-22 00:37:16,583 [ERROR] LogOutputStream:75 - [STDERR_REDIRECT] [Fatal Error] :1:1: Premature end of file.
2026-02-22 00:37:16,583 [ERROR] LogOutputStream:75 - [STDERR_REDIRECT] 
2026-02-22 00:37:17,594 [ERROR] LogOutputStream:75 - [STDERR_REDIRECT] [Fatal Error] :1:1: Premature end of file.
2026-02-22 00:37:17,594 [ERROR] LogOutputStream:75 - [STDERR_REDIRECT] 
2026-02-22 00:37:18,583 [ERROR] LogOutputStream:75 - [STDERR_REDIRECT] [Fatal Error] :1:1: Premature end of file.
2026-02-22 00:37:18,583 [ERROR] LogOutputStream:75 - [STDERR_REDIRECT] 
2026-02-22 00:37:19,585 [ERROR] LogOutputStream:75 - [STDERR_REDIRECT] [Fatal Error] :1:1: Premature end of file.
2026-02-22 00:37:19,585 [ERROR] LogOutputStream:75 - [STDERR_REDIRECT] 
2026-02-22 00:37:20,582 [ERROR] LogOutputStream:75 - [STDERR_REDIRECT] [Fatal Error] :1:1: Premature end of file.
2026-02-22 00:37:20,582 [ERROR] LogOutputStream:75 - [STDERR_REDIRECT] 
2026-02-22 00:37:21,581 [ERROR] LogOutputStream:75 - [STDERR_REDIRECT] [Fatal Error] :1:1: Premature end of file.
2026-02-22 00:37:21,582 [ERROR] LogOutputStream:75 - [STDERR_REDIRECT] 
2026-02-22 00:37:22,600 [ERROR] LogOutputStream:75 - [STDERR_REDIRECT] [Fatal Error] :1:1: Premature end of file.
2026-02-22 00:37:22,600 [ERROR] LogOutputStream:75 - [STDERR_REDIRECT] 
2026-02-22 00:37:23,584 [ERROR] LogOutputStream:75 - [STDERR_REDIRECT] [Fatal Error] :1:1: Premature end of file.
2026-02-22 00:37:23,584 [ERROR] LogOutputStream:75 - [STDERR_REDIRECT] 
2026-02-22 00:37:24,588 [ERROR] LogOutputStream:75 - [STDERR_REDIRECT] [Fatal Error] :1:1: Premature end of file.
2026-02-22 00:37:24,588 [ERROR] LogOutputStream:75 - [STDERR_REDIRECT] 
2026-02-22 00:37:25,601 [ERROR] LogOutputStream:75 - [STDERR_REDIRECT] [Fatal Error] :1:1: Premature end of file.
2026-02-22 00:37:25,601 [ERROR] LogOutputStream:75 - [STDERR_REDIRECT] 
2026-02-22 00:37:26,594 [ERROR] LogOutputStream:75 - [STDERR_REDIRECT] [Fatal Error] :1:1: Premature end of file.
2026-02-22 00:37:26,594 [ERROR] LogOutputStream:75 - [STDERR_REDIRECT] 
2026-02-22 00:37:27,598 [ERROR] LogOutputStream:75 - [STDERR_REDIRECT] [Fatal Error] :1:1: Premature end of file.
2026-02-22 00:37:27,598 [ERROR] LogOutputStream:75 - [STDERR_REDIRECT] 
2026-02-22 00:37:28,583 [ERROR] LogOutputStream:75 - [STDERR_REDIRECT] [Fatal Error] :1:1: Premature end of file.
2026-02-22 00:37:28,583 [ERROR] LogOutputStream:75 - [STDERR_REDIRECT] 
2026-02-22 00:37:29,597 [ERROR] LogOutputStream:75 - [STDERR_REDIRECT] [Fatal Error] :1:1: Premature end of file.
2026-02-22 00:37:29,597 [ERROR] LogOutputStream:75 - [STDERR_REDIRECT] 
2026-02-22 00:37:30,582 [ERROR] LogOutputStream:75 - [STDERR_REDIRECT] [Fatal Error] :1:1: Premature end of file.
2026-02-22 00:37:30,582 [ERROR] LogOutputStream:75 - [STDERR_REDIRECT] 
2026-02-22 00:37:31,585 [ERROR] LogOutputStream:75 - [STDERR_REDIRECT] [Fatal Error] :1:1: Premature end of file.
2026-02-22 00:37:31,585 [ERROR] LogOutputStream:75 - [STDERR_REDIRECT] 
2026-02-22 00:37:32,582 [ERROR] LogOutputStream:75 - [STDERR_REDIRECT] [Fatal Error] :1:1: Premature end of file.
2026-02-22 00:37:32,582 [ERROR] LogOutputStream:75 - [STDERR_REDIRECT] 
2026-02-22 00:37:33,593 [ERROR] LogOutputStream:75 - [STDERR_REDIRECT] [Fatal Error] :1:1: Premature end of file.
2026-02-22 00:37:33,593 [ERROR] LogOutputStream:75 - [STDERR_REDIRECT] 
2026-02-22 00:37:34,592 [ERROR] LogOutputStream:75 - [STDERR_REDIRECT] [Fatal Error] :1:1: Premature end of file.
2026-02-22 00:37:34,592 [ERROR] LogOutputStream:75 - [STDERR_REDIRECT] 
2026-02-22 00:37:35,590 [ERROR] LogOutputStream:75 - [STDERR_REDIRECT] [Fatal Error] :1:1: Premature end of file.
2026-02-22 00:37:35,590 [ERROR] LogOutputStream:75 - [STDERR_REDIRECT] 
2026-02-22 00:37:36,591 [ERROR] LogOutputStream:75 - [STDERR_REDIRECT] [Fatal Error] :1:1: Premature end of file.
2026-02-22 00:37:36,591 [ERROR] LogOutputStream:75 - [STDERR_REDIRECT] 
2026-02-22 00:37:37,594 [ERROR] LogOutputStream:75 - [STDERR_REDIRECT] [Fatal Error] :1:1: Premature end of file.
2026-02-22 00:37:37,594 [ERROR] LogOutputStream:75 - [STDERR_REDIRECT] 
2026-02-22 00:37:38,582 [ERROR] LogOutputStream:75 - [STDERR_REDIRECT] [Fatal Error] :1:1: Premature end of file.
2026-02-22 00:37:38,582 [ERROR] LogOutputStream:75 - [STDERR_REDIRECT] 
2026-02-22 00:37:39,581 [ERROR] LogOutputStream:75 - [STDERR_REDIRECT] [Fatal Error] :1:1: Premature end of file.
2026-02-22 00:37:39,582 [ERROR] LogOutputStream:75 - [STDERR_REDIRECT] 
2026-02-22 00:37:40,601 [ERROR] LogOutputStream:75 - [STDERR_REDIRECT] [Fatal Error] :1:1: Premature end of file.
2026-02-22 00:37:40,601 [ERROR] LogOutputStream:75 - [STDERR_REDIRECT] 
2026-02-22 00:37:41,581 [ERROR] LogOutputStream:75 - [STDERR_REDIRECT] [Fatal Error] :1:1: Premature end of file.
2026-02-22 00:37:41,581 [ERROR] LogOutputStream:75 - [STDERR_REDIRECT] 
2026-02-22 00:37:42,591 [ERROR] LogOutputStream:75 - [STDERR_REDIRECT] [Fatal Error] :1:1: Premature end of file.
2026-02-22 00:37:42,591 [ERROR] LogOutputStream:75 - [STDERR_REDIRECT] 
2026-02-22 00:37:43,591 [ERROR] LogOutputStream:75 - [STDERR_REDIRECT] [Fatal Error] :1:1: Premature end of file.
2026-02-22 00:37:43,591 [ERROR] LogOutputStream:75 - [STDERR_REDIRECT] 
2026-02-22 00:37:44,597 [ERROR] LogOutputStream:75 - [STDERR_REDIRECT] [Fatal Error] :1:1: Premature end of file.
2026-02-22 00:37:44,597 [ERROR] LogOutputStream:75 - [STDERR_REDIRECT] 
2026-02-22 00:37:45,589 [ERROR] LogOutputStream:75 - [STDERR_REDIRECT] [Fatal Error] :1:1: Premature end of file.
2026-02-22 00:37:45,589 [ERROR] LogOutputStream:75 - [STDERR_REDIRECT] 
2026-02-22 00:37:46,591 [ERROR] LogOutputStream:75 - [STDERR_REDIRECT] [Fatal Error] :1:1: Premature end of file.
2026-02-22 00:37:46,591 [ERROR] LogOutputStream:75 - [STDERR_REDIRECT] 
2026-02-22 00:37:47,586 [ERROR] LogOutputStream:75 - [STDERR_REDIRECT] [Fatal Error] :1:1: Premature end of file.
2026-02-22 00:37:47,586 [ERROR] LogOutputStream:75 - [STDERR_REDIRECT] 
2026-02-22 00:37:48,594 [ERROR] LogOutputStream:75 - [STDERR_REDIRECT] [Fatal Error] :1:1: Premature end of file.
2026-02-22 00:37:48,594 [ERROR] LogOutputStream:75 - [STDERR_REDIRECT] 
2026-02-22 00:37:49,596 [ERROR] LogOutputStream:75 - [STDERR_REDIRECT] [Fatal Error] :1:1: Premature end of file.
2026-02-22 00:37:49,596 [ERROR] LogOutputStream:75 - [STDERR_REDIRECT] 
2026-02-22 00:37:50,591 [ERROR] LogOutputStream:75 - [STDERR_REDIRECT] [Fatal Error] :1:1: Premature end of file.
2026-02-22 00:37:50,591 [ERROR] LogOutputStream:75 - [STDERR_REDIRECT] 
2026-02-22 00:37:51,596 [ERROR] LogOutputStream:75 - [STDERR_REDIRECT] [Fatal Error] :1:1: Premature end of file.
2026-02-22 00:37:51,596 [ERROR] LogOutputStream:75 - [STDERR_REDIRECT] 
2026-02-22 00:37:52,591 [ERROR] LogOutputStream:75 - [STDERR_REDIRECT] [Fatal Error] :1:1: Premature end of file.
2026-02-22 00:37:52,591 [ERROR] LogOutputStream:75 - [STDERR_REDIRECT] 
2026-02-22 00:37:53,597 [ERROR] LogOutputStream:75 - [STDERR_REDIRECT] [Fatal Error] :1:1: Premature end of file.
2026-02-22 00:37:53,597 [ERROR] LogOutputStream:75 - [STDERR_REDIRECT] 
2026-02-22 00:37:54,580 [ERROR] LogOutputStream:75 - [STDERR_REDIRECT] [Fatal Error] :1:1: Premature end of file.
2026-02-22 00:37:54,580 [ERROR] LogOutputStream:75 - [STDERR_REDIRECT] 
2026-02-22 00:37:55,585 [ERROR] LogOutputStream:75 - [STDERR_REDIRECT] [Fatal Error] :1:1: Premature end of file.
2026-02-22 00:37:55,586 [ERROR] LogOutputStream:75 - [STDERR_REDIRECT] 
2026-02-22 00:37:56,582 [ERROR] LogOutputStream:75 - [STDERR_REDIRECT] [Fatal Error] :1:1: Premature end of file.
2026-02-22 00:37:56,582 [ERROR] LogOutputStream:75 - [STDERR_REDIRECT] 
2026-02-22 00:37:57,581 [ERROR] LogOutputStream:75 - [STDERR_REDIRECT] [Fatal Error] :1:1: Premature end of file.
2026-02-22 00:37:57,581 [ERROR] LogOutputStream:75 - [STDERR_REDIRECT] 
2026-02-22 00:37:58,582 [ERROR] LogOutputStream:75 - [STDERR_REDIRECT] [Fatal Error] :1:1: Premature end of file.
2026-02-22 00:37:58,582 [ERROR] LogOutputStream:75 - [STDERR_REDIRECT] 
2026-02-22 00:37:59,581 [ERROR] LogOutputStream:75 - [STDERR_REDIRECT] [Fatal Error] :1:1: Premature end of file.
2026-02-22 00:37:59,581 [ERROR] LogOutputStream:75 - [STDERR_REDIRECT] 
2026-02-22 00:38:00,581 [ERROR] LogOutputStream:75 - [STDERR_REDIRECT] [Fatal Error] :1:1: Premature end of file.
2026-02-22 00:38:00,581 [ERROR] LogOutputStream:75 - [STDERR_REDIRECT] 
2026-02-22 00:38:01,584 [ERROR] LogOutputStream:75 - [STDERR_REDIRECT] [Fatal Error] :1:1: Premature end of file.
2026-02-22 00:38:01,584 [ERROR] LogOutputStream:75 - [STDERR_REDIRECT] 
2026-02-22 00:38:02,590 [ERROR] LogOutputStream:75 - [STDERR_REDIRECT] [Fatal Error] :1:1: Premature end of file.
2026-02-22 00:38:02,590 [ERROR] LogOutputStream:75 - [STDERR_REDIRECT] 
2026-02-22 00:38:03,581 [ERROR] LogOutputStream:75 - [STDERR_REDIRECT] [Fatal Error] :1:1: Premature end of file.
2026-02-22 00:38:03,581 [ERROR] LogOutputStream:75 - [STDERR_REDIRECT] 
2026-02-22 00:38:04,598 [ERROR] LogOutputStream:75 - [STDERR_REDIRECT] [Fatal Error] :1:1: Premature end of file.
2026-02-22 00:38:04,598 [ERROR] LogOutputStream:75 - [STDERR_REDIRECT] 
2026-02-22 00:38:05,591 [ERROR] LogOutputStream:75 - [STDERR_REDIRECT] [Fatal Error] :1:1: Premature end of file.
2026-02-22 00:38:05,591 [ERROR] LogOutputStream:75 - [STDERR_REDIRECT] 
2026-02-22 00:38:06,599 [ERROR] LogOutputStream:75 - [STDERR_REDIRECT] [Fatal Error] :1:1: Premature end of file.
2026-02-22 00:38:06,599 [ERROR] LogOutputStream:75 - [STDERR_REDIRECT] 
2026-02-22 00:38:07,582 [ERROR] LogOutputStream:75 - [STDERR_REDIRECT] [Fatal Error] :1:1: Premature end of file.
2026-02-22 00:38:07,582 [ERROR] LogOutputStream:75 - [STDERR_REDIRECT] 
2026-02-22 00:38:08,582 [ERROR] LogOutputStream:75 - [STDERR_REDIRECT] [Fatal Error] :1:1: Premature end of file.
2026-02-22 00:38:08,582 [ERROR] LogOutputStream:75 - [STDERR_REDIRECT] 
2026-02-22 00:38:09,580 [ERROR] LogOutputStream:75 - [STDERR_REDIRECT] [Fatal Error] :1:1: Premature end of file.
2026-02-22 00:38:09,580 [ERROR] LogOutputStream:75 - [STDERR_REDIRECT] 
2026-02-22 00:38:10,584 [ERROR] LogOutputStream:75 - [STDERR_REDIRECT] [Fatal Error] :1:1: Premature end of file.
2026-02-22 00:38:10,585 [ERROR] LogOutputStream:75 - [STDERR_REDIRECT] 
2026-02-22 00:38:11,582 [ERROR] LogOutputStream:75 - [STDERR_REDIRECT] [Fatal Error] :1:1: Premature end of file.
2026-02-22 00:38:11,582 [ERROR] LogOutputStream:75 - [STDERR_REDIRECT] 
2026-02-22 00:38:12,589 [ERROR] LogOutputStream:75 - [STDERR_REDIRECT] [Fatal Error] :1:1: Premature end of file.
2026-02-22 00:38:12,589 [ERROR] LogOutputStream:75 - [STDERR_REDIRECT] 
2026-02-22 00:38:13,584 [ERROR] LogOutputStream:75 - [STDERR_REDIRECT] [Fatal Error] :1:1: Premature end of file.
2026-02-22 00:38:13,584 [ERROR] LogOutputStream:75 - [STDERR_REDIRECT] 
2026-02-22 00:38:14,583 [ERROR] LogOutputStream:75 - [STDERR_REDIRECT] [Fatal Error] :1:1: Premature end of file.
2026-02-22 00:38:14,583 [ERROR] LogOutputStream:75 - [STDERR_REDIRECT] 
2026-02-22 00:38:15,584 [ERROR] LogOutputStream:75 - [STDERR_REDIRECT] [Fatal Error] :1:1: Premature end of file.
2026-02-22 00:38:15,584 [ERROR] LogOutputStream:75 - [STDERR_REDIRECT] 
2026-02-22 00:38:16,588 [ERROR] LogOutputStream:75 - [STDERR_REDIRECT] [Fatal Error] :1:1: Premature end of file.
2026-02-22 00:38:16,588 [ERROR] LogOutputStream:75 - [STDERR_REDIRECT] 
2026-02-22 00:38:17,595 [ERROR] LogOutputStream:75 - [STDERR_REDIRECT] [Fatal Error] :1:1: Premature end of file.
2026-02-22 00:38:17,595 [ERROR] LogOutputStream:75 - [STDERR_REDIRECT] 
2026-02-22 00:38:18,590 [ERROR] LogOutputStream:75 - [STDERR_REDIRECT] [Fatal Error] :1:1: Premature end of file.
2026-02-22 00:38:18,590 [ERROR] LogOutputStream:75 - [STDERR_REDIRECT] 
2026-02-22 00:38:19,584 [ERROR] LogOutputStream:75 - [STDERR_REDIRECT] [Fatal Error] :1:1: Premature end of file.
2026-02-22 00:38:19,584 [ERROR] LogOutputStream:75 - [STDERR_REDIRECT] 
2026-02-22 00:38:20,590 [ERROR] LogOutputStream:75 - [STDERR_REDIRECT] [Fatal Error] :1:1: Premature end of file.
2026-02-22 00:38:20,590 [ERROR] LogOutputStream:75 - [STDERR_REDIRECT] 
2026-02-22 00:38:21,591 [ERROR] LogOutputStream:75 - [STDERR_REDIRECT] [Fatal Error] :1:1: Premature end of file.
2026-02-22 00:38:21,591 [ERROR] LogOutputStream:75 - [STDERR_REDIRECT] 
2026-02-22 00:38:22,603 [ERROR] LogOutputStream:75 - [STDERR_REDIRECT] [Fatal Error] :1:1: Premature end of file.
2026-02-22 00:38:22,603 [ERROR] LogOutputStream:75 - [STDERR_REDIRECT] 
2026-02-22 00:38:23,582 [ERROR] LogOutputStream:75 - [STDERR_REDIRECT] [Fatal Error] :1:1: Premature end of file.
2026-02-22 00:38:23,582 [ERROR] LogOutputStream:75 - [STDERR_REDIRECT] 
2026-02-22 00:38:24,584 [ERROR] LogOutputStream:75 - [STDERR_REDIRECT] [Fatal Error] :1:1: Premature end of file.
2026-02-22 00:38:24,584 [ERROR] LogOutputStream:75 - [STDERR_REDIRECT] 
2026-02-22 00:38:25,587 [ERROR] LogOutputStream:75 - [STDERR_REDIRECT] [Fatal Error] :1:1: Premature end of file.
2026-02-22 00:38:25,587 [ERROR] LogOutputStream:75 - [STDERR_REDIRECT] 
2026-02-22 00:38:26,591 [ERROR] LogOutputStream:75 - [STDERR_REDIRECT] [Fatal Error] :1:1: Premature end of file.
2026-02-22 00:38:26,591 [ERROR] LogOutputStream:75 - [STDERR_REDIRECT] 
2026-02-22 00:38:27,596 [ERROR] LogOutputStream:75 - [STDERR_REDIRECT] [Fatal Error] :1:1: Premature end of file.
2026-02-22 00:38:27,596 [ERROR] LogOutputStream:75 - [STDERR_REDIRECT] 
2026-02-22 00:38:28,599 [ERROR] LogOutputStream:75 - [STDERR_REDIRECT] [Fatal Error] :1:1: Premature end of file.
2026-02-22 00:38:28,599 [ERROR] LogOutputStream:75 - [STDERR_REDIRECT] 
2026-02-22 00:38:29,591 [ERROR] LogOutputStream:75 - [STDERR_REDIRECT] [Fatal Error] :1:1: Premature end of file.
2026-02-22 00:38:29,591 [ERROR] LogOutputStream:75 - [STDERR_REDIRECT] 
2026-02-22 00:38:30,583 [ERROR] LogOutputStream:75 - [STDERR_REDIRECT] [Fatal Error] :1:1: Premature end of file.
2026-02-22 00:38:30,583 [ERROR] LogOutputStream:75 - [STDERR_REDIRECT] 
2026-02-22 00:38:31,581 [ERROR] LogOutputStream:75 - [STDERR_REDIRECT] [Fatal Error] :1:1: Premature end of file.
2026-02-22 00:38:31,581 [ERROR] LogOutputStream:75 - [STDERR_REDIRECT] 
2026-02-22 00:38:32,582 [ERROR] LogOutputStream:75 - [STDERR_REDIRECT] [Fatal Error] :1:1: Premature end of file.
2026-02-22 00:38:32,582 [ERROR] LogOutputStream:75 - [STDERR_REDIRECT] 
2026-02-22 00:38:33,602 [ERROR] LogOutputStream:75 - [STDERR_REDIRECT] [Fatal Error] :1:1: Premature end of file.
2026-02-22 00:38:33,602 [ERROR] LogOutputStream:75 - [STDERR_REDIRECT] 
2026-02-22 00:38:34,598 [ERROR] LogOutputStream:75 - [STDERR_REDIRECT] [Fatal Error] :1:1: Premature end of file.
2026-02-22 00:38:34,598 [ERROR] LogOutputStream:75 - [STDERR_REDIRECT] 
2026-02-22 00:38:35,593 [ERROR] LogOutputStream:75 - [STDERR_REDIRECT] [Fatal Error] :1:1: Premature end of file.
2026-02-22 00:38:35,593 [ERROR] LogOutputStream:75 - [STDERR_REDIRECT] 
2026-02-22 00:38:36,583 [ERROR] LogOutputStream:75 - [STDERR_REDIRECT] [Fatal Error] :1:1: Premature end of file.
2026-02-22 00:38:36,583 [ERROR] LogOutputStream:75 - [STDERR_REDIRECT] 
2026-02-22 00:38:37,581 [ERROR] LogOutputStream:75 - [STDERR_REDIRECT] [Fatal Error] :1:1: Premature end of file.
2026-02-22 00:38:37,581 [ERROR] LogOutputStream:75 - [STDERR_REDIRECT] 
2026-02-22 00:38:38,609 [ERROR] LogOutputStream:75 - [STDERR_REDIRECT] [Fatal Error] :1:1: Premature end of file.
2026-02-22 00:38:38,609 [ERROR] LogOutputStream:75 - [STDERR_REDIRECT] 
2026-02-22 00:38:39,590 [ERROR] LogOutputStream:75 - [STDERR_REDIRECT] [Fatal Error] :1:1: Premature end of file.
2026-02-22 00:38:39,591 [ERROR] LogOutputStream:75 - [STDERR_REDIRECT] 
2026-02-22 00:38:40,594 [ERROR] LogOutputStream:75 - [STDERR_REDIRECT] [Fatal Error] :1:1: Premature end of file.
2026-02-22 00:38:40,596 [ERROR] LogOutputStream:75 - [STDERR_REDIRECT] 
2026-02-22 00:38:41,587 [ERROR] LogOutputStream:75 - [STDERR_REDIRECT] [Fatal Error] :1:1: Premature end of file.
2026-02-22 00:38:41,587 [ERROR] LogOutputStream:75 - [STDERR_REDIRECT] 
2026-02-22 00:38:42,596 [ERROR] LogOutputStream:75 - [STDERR_REDIRECT] [Fatal Error] :1:1: Premature end of file.
2026-02-22 00:38:42,596 [ERROR] LogOutputStream:75 - [STDERR_REDIRECT] 
2026-02-22 00:38:43,591 [ERROR] LogOutputStream:75 - [STDERR_REDIRECT] [Fatal Error] :1:1: Premature end of file.
2026-02-22 00:38:43,591 [ERROR] LogOutputStream:75 - [STDERR_REDIRECT] 
2026-02-22 00:38:44,597 [ERROR] LogOutputStream:75 - [STDERR_REDIRECT] [Fatal Error] :1:1: Premature end of file.
2026-02-22 00:38:44,597 [ERROR] LogOutputStream:75 - [STDERR_REDIRECT] 
2026-02-22 00:38:45,584 [ERROR] LogOutputStream:75 - [STDERR_REDIRECT] [Fatal Error] :1:1: Premature end of file.
2026-02-22 00:38:45,584 [ERROR] LogOutputStream:75 - [STDERR_REDIRECT] 
2026-02-22 00:38:46,585 [ERROR] LogOutputStream:75 - [STDERR_REDIRECT] [Fatal Error] :1:1: Premature end of file.
2026-02-22 00:38:46,585 [ERROR] LogOutputStream:75 - [STDERR_REDIRECT] 
2026-02-22 00:38:47,591 [ERROR] LogOutputStream:75 - [STDERR_REDIRECT] [Fatal Error] :1:1: Premature end of file.
2026-02-22 00:38:47,591 [ERROR] LogOutputStream:75 - [STDERR_REDIRECT] 
2026-02-22 00:38:48,585 [ERROR] LogOutputStream:75 - [STDERR_REDIRECT] [Fatal Error] :1:1: Premature end of file.
2026-02-22 00:38:48,585 [ERROR] LogOutputStream:75 - [STDERR_REDIRECT] 
2026-02-22 00:38:49,584 [ERROR] LogOutputStream:75 - [STDERR_REDIRECT] [Fatal Error] :1:1: Premature end of file.
2026-02-22 00:38:49,584 [ERROR] LogOutputStream:75 - [STDERR_REDIRECT] 
2026-02-22 00:38:50,584 [ERROR] LogOutputStream:75 - [STDERR_REDIRECT] [Fatal Error] :1:1: Premature end of file.
2026-02-22 00:38:50,585 [ERROR] LogOutputStream:75 - [STDERR_REDIRECT] 
2026-02-22 00:38:51,588 [ERROR] LogOutputStream:75 - [STDERR_REDIRECT] [Fatal Error] :1:1: Premature end of file.
2026-02-22 00:38:51,588 [ERROR] LogOutputStream:75 - [STDERR_REDIRECT] 
2026-02-22 00:38:52,595 [ERROR] LogOutputStream:75 - [STDERR_REDIRECT] [Fatal Error] :1:1: Premature end of file.
2026-02-22 00:38:52,595 [ERROR] LogOutputStream:75 - [STDERR_REDIRECT] 
2026-02-22 00:38:53,581 [ERROR] LogOutputStream:75 - [STDERR_REDIRECT] [Fatal Error] :1:1: Premature end of file.
2026-02-22 00:38:53,581 [ERROR] LogOutputStream:75 - [STDERR_REDIRECT] 
2026-02-22 00:38:54,583 [ERROR] LogOutputStream:75 - [STDERR_REDIRECT] [Fatal Error] :1:1: Premature end of file.
2026-02-22 00:38:54,584 [ERROR] LogOutputStream:75 - [STDERR_REDIRECT] 
2026-02-22 00:38:55,591 [ERROR] LogOutputStream:75 - [STDERR_REDIRECT] [Fatal Error] :1:1: Premature end of file.
2026-02-22 00:38:55,591 [ERROR] LogOutputStream:75 - [STDERR_REDIRECT] 
2026-02-22 00:38:56,585 [ERROR] LogOutputStream:75 - [STDERR_REDIRECT] [Fatal Error] :1:1: Premature end of file.
2026-02-22 00:38:56,585 [ERROR] LogOutputStream:75 - [STDERR_REDIRECT] 
2026-02-22 00:38:57,583 [ERROR] LogOutputStream:75 - [STDERR_REDIRECT] [Fatal Error] :1:1: Premature end of file.
2026-02-22 00:38:57,583 [ERROR] LogOutputStream:75 - [STDERR_REDIRECT] 
2026-02-22 00:38:58,581 [ERROR] LogOutputStream:75 - [STDERR_REDIRECT] [Fatal Error] :1:1: Premature end of file.
2026-02-22 00:38:58,582 [ERROR] LogOutputStream:75 - [STDERR_REDIRECT] 
2026-02-22 00:38:59,599 [ERROR] LogOutputStream:75 - [STDERR_REDIRECT] [Fatal Error] :1:1: Premature end of file.
2026-02-22 00:38:59,599 [ERROR] LogOutputStream:75 - [STDERR_REDIRECT] 
2026-02-22 00:39:00,582 [ERROR] LogOutputStream:75 - [STDERR_REDIRECT] [Fatal Error] :1:1: Premature end of file.
2026-02-22 00:39:00,582 [ERROR] LogOutputStream:75 - [STDERR_REDIRECT] 
2026-02-22 00:39:01,585 [ERROR] LogOutputStream:75 - [STDERR_REDIRECT] [Fatal Error] :1:1: Premature end of file.
2026-02-22 00:39:01,585 [ERROR] LogOutputStream:75 - [STDERR_REDIRECT] 
2026-02-22 00:39:02,584 [ERROR] LogOutputStream:75 - [STDERR_REDIRECT] [Fatal Error] :1:1: Premature end of file.
2026-02-22 00:39:02,584 [ERROR] LogOutputStream:75 - [STDERR_REDIRECT] 
2026-02-22 00:39:03,591 [ERROR] LogOutputStream:75 - [STDERR_REDIRECT] [Fatal Error] :1:1: Premature end of file.
2026-02-22 00:39:03,591 [ERROR] LogOutputStream:75 - [STDERR_REDIRECT] 
2026-02-22 00:39:04,592 [ERROR] LogOutputStream:75 - [STDERR_REDIRECT] [Fatal Error] :1:1: Premature end of file.
2026-02-22 00:39:04,592 [ERROR] LogOutputStream:75 - [STDERR_REDIRECT] 
2026-02-22 00:39:05,599 [ERROR] LogOutputStream:75 - [STDERR_REDIRECT] [Fatal Error] :1:1: Premature end of file.
2026-02-22 00:39:05,599 [ERROR] LogOutputStream:75 - [STDERR_REDIRECT] 
2026-02-22 00:39:06,584 [ERROR] LogOutputStream:75 - [STDERR_REDIRECT] [Fatal Error] :1:1: Premature end of file.
2026-02-22 00:39:06,584 [ERROR] LogOutputStream:75 - [STDERR_REDIRECT] 
2026-02-22 00:39:07,585 [ERROR] LogOutputStream:75 - [STDERR_REDIRECT] [Fatal Error] :1:1: Premature end of file.
2026-02-22 00:39:07,585 [ERROR] LogOutputStream:75 - [STDERR_REDIRECT] 
2026-02-22 00:39:08,584 [ERROR] LogOutputStream:75 - [STDERR_REDIRECT] [Fatal Error] :1:1: Premature end of file.
2026-02-22 00:39:08,584 [ERROR] LogOutputStream:75 - [STDERR_REDIRECT] 
2026-02-22 00:39:09,588 [ERROR] LogOutputStream:75 - [STDERR_REDIRECT] [Fatal Error] :1:1: Premature end of file.
2026-02-22 00:39:09,588 [ERROR] LogOutputStream:75 - [STDERR_REDIRECT] 
2026-02-22 00:39:10,584 [ERROR] LogOutputStream:75 - [STDERR_REDIRECT] [Fatal Error] :1:1: Premature end of file.
2026-02-22 00:39:10,584 [ERROR] LogOutputStream:75 - [STDERR_REDIRECT] 
2026-02-22 00:39:11,583 [ERROR] LogOutputStream:75 - [STDERR_REDIRECT] [Fatal Error] :1:1: Premature end of file.
2026-02-22 00:39:11,583 [ERROR] LogOutputStream:75 - [STDERR_REDIRECT] 
2026-02-22 00:39:12,582 [ERROR] LogOutputStream:75 - [STDERR_REDIRECT] [Fatal Error] :1:1: Premature end of file.
2026-02-22 00:39:12,582 [ERROR] LogOutputStream:75 - [STDERR_REDIRECT] 
2026-02-22 00:39:13,585 [ERROR] LogOutputStream:75 - [STDERR_REDIRECT] [Fatal Error] :1:1: Premature end of file.
2026-02-22 00:39:13,586 [ERROR] LogOutputStream:75 - [STDERR_REDIRECT] 
2026-02-22 00:39:14,589 [ERROR] LogOutputStream:75 - [STDERR_REDIRECT] [Fatal Error] :1:1: Premature end of file.
2026-02-22 00:39:14,589 [ERROR] LogOutputStream:75 - [STDERR_REDIRECT] 
2026-02-22 00:39:15,581 [ERROR] LogOutputStream:75 - [STDERR_REDIRECT] [Fatal Error] :1:1: Premature end of file.
2026-02-22 00:39:15,581 [ERROR] LogOutputStream:75 - [STDERR_REDIRECT] 
2026-02-22 00:39:16,590 [ERROR] LogOutputStream:75 - [STDERR_REDIRECT] [Fatal Error] :1:1: Premature end of file.
2026-02-22 00:39:16,590 [ERROR] LogOutputStream:75 - [STDERR_REDIRECT] 
2026-02-22 00:39:17,584 [ERROR] LogOutputStream:75 - [STDERR_REDIRECT] [Fatal Error] :1:1: Premature end of file.
2026-02-22 00:39:17,584 [ERROR] LogOutputStream:75 - [STDERR_REDIRECT] 
2026-02-22 00:39:18,590 [ERROR] LogOutputStream:75 - [STDERR_REDIRECT] [Fatal Error] :1:1: Premature end of file.
2026-02-22 00:39:18,590 [ERROR] LogOutputStream:75 - [STDERR_REDIRECT] 
2026-02-22 00:39:19,585 [ERROR] LogOutputStream:75 - [STDERR_REDIRECT] [Fatal Error] :1:1: Premature end of file.
2026-02-22 00:39:19,585 [ERROR] LogOutputStream:75 - [STDERR_REDIRECT] 
2026-02-22 00:39:20,584 [ERROR] LogOutputStream:75 - [STDERR_REDIRECT] [Fatal Error] :1:1: Premature end of file.
2026-02-22 00:39:20,584 [ERROR] LogOutputStream:75 - [STDERR_REDIRECT] 
2026-02-22 00:39:21,597 [ERROR] LogOutputStream:75 - [STDERR_REDIRECT] [Fatal Error] :1:1: Premature end of file.
2026-02-22 00:39:21,597 [ERROR] LogOutputStream:75 - [STDERR_REDIRECT] 
2026-02-22 00:39:22,581 [ERROR] LogOutputStream:75 - [STDERR_REDIRECT] [Fatal Error] :1:1: Premature end of file.
2026-02-22 00:39:22,581 [ERROR] LogOutputStream:75 - [STDERR_REDIRECT] 
2026-02-22 00:39:23,604 [ERROR] LogOutputStream:75 - [STDERR_REDIRECT] [Fatal Error] :1:1: Premature end of file.
2026-02-22 00:39:23,604 [ERROR] LogOutputStream:75 - [STDERR_REDIRECT] 
2026-02-22 00:39:24,583 [ERROR] LogOutputStream:75 - [STDERR_REDIRECT] [Fatal Error] :1:1: Premature end of file.
2026-02-22 00:39:24,584 [ERROR] LogOutputStream:75 - [STDERR_REDIRECT] 
2026-02-22 00:39:25,582 [ERROR] LogOutputStream:75 - [STDERR_REDIRECT] [Fatal Error] :1:1: Premature end of file.
2026-02-22 00:39:25,582 [ERROR] LogOutputStream:75 - [STDERR_REDIRECT] 
2026-02-22 00:39:26,597 [ERROR] LogOutputStream:75 - [STDERR_REDIRECT] [Fatal Error] :1:1: Premature end of file.
2026-02-22 00:39:26,597 [ERROR] LogOutputStream:75 - [STDERR_REDIRECT] 
2026-02-22 00:39:27,591 [ERROR] LogOutputStream:75 - [STDERR_REDIRECT] [Fatal Error] :1:1: Premature end of file.
2026-02-22 00:39:27,591 [ERROR] LogOutputStream:75 - [STDERR_REDIRECT] 
2026-02-22 00:39:28,593 [ERROR] LogOutputStream:75 - [STDERR_REDIRECT] [Fatal Error] :1:1: Premature end of file.
2026-02-22 00:39:28,594 [ERROR] LogOutputStream:75 - [STDERR_REDIRECT] 
2026-02-22 00:39:29,584 [ERROR] LogOutputStream:75 - [STDERR_REDIRECT] [Fatal Error] :1:1: Premature end of file.
2026-02-22 00:39:29,584 [ERROR] LogOutputStream:75 - [STDERR_REDIRECT] 
2026-02-22 00:39:30,584 [ERROR] LogOutputStream:75 - [STDERR_REDIRECT] [Fatal Error] :1:1: Premature end of file.
2026-02-22 00:39:30,584 [ERROR] LogOutputStream:75 - [STDERR_REDIRECT] 
2026-02-22 00:39:31,589 [ERROR] LogOutputStream:75 - [STDERR_REDIRECT] [Fatal Error] :1:1: Premature end of file.
2026-02-22 00:39:31,589 [ERROR] LogOutputStream:75 - [STDERR_REDIRECT] 
2026-02-22 00:39:32,593 [ERROR] LogOutputStream:75 - [STDERR_REDIRECT] [Fatal Error] :1:1: Premature end of file.
2026-02-22 00:39:32,593 [ERROR] LogOutputStream:75 - [STDERR_REDIRECT] 
2026-02-22 00:39:33,581 [ERROR] LogOutputStream:75 - [STDERR_REDIRECT] [Fatal Error] :1:1: Premature end of file.
2026-02-22 00:39:33,581 [ERROR] LogOutputStream:75 - [STDERR_REDIRECT] 
2026-02-22 00:39:34,582 [ERROR] LogOutputStream:75 - [STDERR_REDIRECT] [Fatal Error] :1:1: Premature end of file.
2026-02-22 00:39:34,582 [ERROR] LogOutputStream:75 - [STDERR_REDIRECT] 
2026-02-22 00:39:35,583 [ERROR] LogOutputStream:75 - [STDERR_REDIRECT] [Fatal Error] :1:1: Premature end of file.
2026-02-22 00:39:35,583 [ERROR] LogOutputStream:75 - [STDERR_REDIRECT] 
2026-02-22 00:39:36,584 [ERROR] LogOutputStream:75 - [STDERR_REDIRECT] [Fatal Error] :1:1: Premature end of file.
2026-02-22 00:39:36,584 [ERROR] LogOutputStream:75 - [STDERR_REDIRECT] 
2026-02-22 00:39:37,584 [ERROR] LogOutputStream:75 - [STDERR_REDIRECT] [Fatal Error] :1:1: Premature end of file.
2026-02-22 00:39:37,584 [ERROR] LogOutputStream:75 - [STDERR_REDIRECT] 
2026-02-22 00:39:38,582 [ERROR] LogOutputStream:75 - [STDERR_REDIRECT] [Fatal Error] :1:1: Premature end of file.
2026-02-22 00:39:38,582 [ERROR] LogOutputStream:75 - [STDERR_REDIRECT] 
2026-02-22 00:39:39,588 [ERROR] LogOutputStream:75 - [STDERR_REDIRECT] [Fatal Error] :1:1: Premature end of file.
2026-02-22 00:39:39,588 [ERROR] LogOutputStream:75 - [STDERR_REDIRECT] 
2026-02-22 00:39:40,597 [ERROR] LogOutputStream:75 - [STDERR_REDIRECT] [Fatal Error] :1:1: Premature end of file.
2026-02-22 00:39:40,597 [ERROR] LogOutputStream:75 - [STDERR_REDIRECT] 
2026-02-22 00:39:41,581 [ERROR] LogOutputStream:75 - [STDERR_REDIRECT] [Fatal Error] :1:1: Premature end of file.
2026-02-22 00:39:41,581 [ERROR] LogOutputStream:75 - [STDERR_REDIRECT] 
2026-02-22 00:39:42,592 [ERROR] LogOutputStream:75 - [STDERR_REDIRECT] [Fatal Error] :1:1: Premature end of file.
2026-02-22 00:39:42,592 [ERROR] LogOutputStream:75 - [STDERR_REDIRECT] 
2026-02-22 00:39:43,600 [ERROR] LogOutputStream:75 - [STDERR_REDIRECT] [Fatal Error] :1:1: Premature end of file.
2026-02-22 00:39:43,600 [ERROR] LogOutputStream:75 - [STDERR_REDIRECT] 
2026-02-22 00:39:44,583 [ERROR] LogOutputStream:75 - [STDERR_REDIRECT] [Fatal Error] :1:1: Premature end of file.
2026-02-22 00:39:44,583 [ERROR] LogOutputStream:75 - [STDERR_REDIRECT] 
2026-02-22 00:39:45,591 [ERROR] LogOutputStream:75 - [STDERR_REDIRECT] [Fatal Error] :1:1: Premature end of file.
2026-02-22 00:39:45,591 [ERROR] LogOutputStream:75 - [STDERR_REDIRECT] 
2026-02-22 00:39:46,596 [ERROR] LogOutputStream:75 - [STDERR_REDIRECT] [Fatal Error] :1:1: Premature end of file.
2026-02-22 00:39:46,596 [ERROR] LogOutputStream:75 - [STDERR_REDIRECT] 
2026-02-22 00:39:47,588 [ERROR] LogOutputStream:75 - [STDERR_REDIRECT] [Fatal Error] :1:1: Premature end of file.
2026-02-22 00:39:47,588 [ERROR] LogOutputStream:75 - [STDERR_REDIRECT] 
2026-02-22 00:39:48,581 [ERROR] LogOutputStream:75 - [STDERR_REDIRECT] [Fatal Error] :1:1: Premature end of file.
2026-02-22 00:39:48,581 [ERROR] LogOutputStream:75 - [STDERR_REDIRECT] 
2026-02-22 00:39:49,591 [ERROR] LogOutputStream:75 - [STDERR_REDIRECT] [Fatal Error] :1:1: Premature end of file.
2026-02-22 00:39:49,591 [ERROR] LogOutputStream:75 - [STDERR_REDIRECT] 
2026-02-22 00:39:50,595 [ERROR] LogOutputStream:75 - [STDERR_REDIRECT] [Fatal Error] :1:1: Premature end of file.
2026-02-22 00:39:50,595 [ERROR] LogOutputStream:75 - [STDERR_REDIRECT] 
2026-02-22 00:39:51,596 [ERROR] LogOutputStream:75 - [STDERR_REDIRECT] [Fatal Error] :1:1: Premature end of file.
2026-02-22 00:39:51,596 [ERROR] LogOutputStream:75 - [STDERR_REDIRECT] 
2026-02-22 00:39:52,583 [ERROR] LogOutputStream:75 - [STDERR_REDIRECT] [Fatal Error] :1:1: Premature end of file.
2026-02-22 00:39:52,583 [ERROR] LogOutputStream:75 - [STDERR_REDIRECT] 
2026-02-22 00:39:53,596 [ERROR] LogOutputStream:75 - [STDERR_REDIRECT] [Fatal Error] :1:1: Premature end of file.
2026-02-22 00:39:53,596 [ERROR] LogOutputStream:75 - [STDERR_REDIRECT] 
2026-02-22 00:39:54,589 [ERROR] LogOutputStream:75 - [STDERR_REDIRECT] [Fatal Error] :1:1: Premature end of file.
2026-02-22 00:39:54,589 [ERROR] LogOutputStream:75 - [STDERR_REDIRECT] 
2026-02-22 00:39:55,595 [ERROR] LogOutputStream:75 - [STDERR_REDIRECT] [Fatal Error] :1:1: Premature end of file.
2026-02-22 00:39:55,595 [ERROR] LogOutputStream:75 - [STDERR_REDIRECT] 
2026-02-22 00:39:56,592 [ERROR] LogOutputStream:75 - [STDERR_REDIRECT] [Fatal Error] :1:1: Premature end of file.
2026-02-22 00:39:56,592 [ERROR] LogOutputStream:75 - [STDERR_REDIRECT] 
2026-02-22 00:39:57,590 [ERROR] LogOutputStream:75 - [STDERR_REDIRECT] [Fatal Error] :1:1: Premature end of file.
2026-02-22 00:39:57,590 [ERROR] LogOutputStream:75 - [STDERR_REDIRECT] 
2026-02-22 00:39:58,596 [ERROR] LogOutputStream:75 - [STDERR_REDIRECT] [Fatal Error] :1:1: Premature end of file.
2026-02-22 00:39:58,596 [ERROR] LogOutputStream:75 - [STDERR_REDIRECT] 
2026-02-22 00:39:59,581 [ERROR] LogOutputStream:75 - [STDERR_REDIRECT] [Fatal Error] :1:1: Premature end of file.
2026-02-22 00:39:59,581 [ERROR] LogOutputStream:75 - [STDERR_REDIRECT] 
2026-02-22 00:40:00,584 [ERROR] LogOutputStream:75 - [STDERR_REDIRECT] [Fatal Error] :1:1: Premature end of file.
2026-02-22 00:40:00,584 [ERROR] LogOutputStream:75 - [STDERR_REDIRECT] 
2026-02-22 00:40:01,587 [ERROR] LogOutputStream:75 - [STDERR_REDIRECT] [Fatal Error] :1:1: Premature end of file.
2026-02-22 00:40:01,587 [ERROR] LogOutputStream:75 - [STDERR_REDIRECT] 
2026-02-22 00:40:02,583 [ERROR] LogOutputStream:75 - [STDERR_REDIRECT] [Fatal Error] :1:1: Premature end of file.
2026-02-22 00:40:02,583 [ERROR] LogOutputStream:75 - [STDERR_REDIRECT] 
2026-02-22 00:40:03,581 [ERROR] LogOutputStream:75 - [STDERR_REDIRECT] [Fatal Error] :1:1: Premature end of file.
2026-02-22 00:40:03,581 [ERROR] LogOutputStream:75 - [STDERR_REDIRECT] 
2026-02-22 00:40:04,580 [ERROR] LogOutputStream:75 - [STDERR_REDIRECT] [Fatal Error] :1:1: Premature end of file.
2026-02-22 00:40:04,582 [ERROR] LogOutputStream:75 - [STDERR_REDIRECT] 
2026-02-22 00:40:05,581 [ERROR] LogOutputStream:75 - [STDERR_REDIRECT] [Fatal Error] :1:1: Premature end of file.
2026-02-22 00:40:05,583 [ERROR] LogOutputStream:75 - [STDERR_REDIRECT] 
2026-02-22 00:40:06,585 [ERROR] LogOutputStream:75 - [STDERR_REDIRECT] [Fatal Error] :1:1: Premature end of file.
2026-02-22 00:40:06,585 [ERROR] LogOutputStream:75 - [STDERR_REDIRECT] 
2026-02-22 00:40:07,584 [ERROR] LogOutputStream:75 - [STDERR_REDIRECT] [Fatal Error] :1:1: Premature end of file.
2026-02-22 00:40:07,584 [ERROR] LogOutputStream:75 - [STDERR_REDIRECT] 
2026-02-22 00:40:08,582 [ERROR] LogOutputStream:75 - [STDERR_REDIRECT] [Fatal Error] :1:1: Premature end of file.
2026-02-22 00:40:08,582 [ERROR] LogOutputStream:75 - [STDERR_REDIRECT] 
2026-02-22 00:40:09,586 [ERROR] LogOutputStream:75 - [STDERR_REDIRECT] [Fatal Error] :1:1: Premature end of file.
2026-02-22 00:40:09,586 [ERROR] LogOutputStream:75 - [STDERR_REDIRECT] 
2026-02-22 00:40:10,581 [ERROR] LogOutputStream:75 - [STDERR_REDIRECT] [Fatal Error] :1:1: Premature end of file.
2026-02-22 00:40:10,581 [ERROR] LogOutputStream:75 - [STDERR_REDIRECT] 
2026-02-22 00:40:11,581 [ERROR] LogOutputStream:75 - [STDERR_REDIRECT] [Fatal Error] :1:1: Premature end of file.
2026-02-22 00:40:11,581 [ERROR] LogOutputStream:75 - [STDERR_REDIRECT] 
2026-02-22 00:40:12,588 [ERROR] LogOutputStream:75 - [STDERR_REDIRECT] [Fatal Error] :1:1: Premature end of file.
2026-02-22 00:40:12,588 [ERROR] LogOutputStream:75 - [STDERR_REDIRECT] 
2026-02-22 00:40:13,585 [ERROR] LogOutputStream:75 - [STDERR_REDIRECT] [Fatal Error] :1:1: Premature end of file.
2026-02-22 00:40:13,585 [ERROR] LogOutputStream:75 - [STDERR_REDIRECT] 
2026-02-22 00:40:14,584 [ERROR] LogOutputStream:75 - [STDERR_REDIRECT] [Fatal Error] :1:1: Premature end of file.
2026-02-22 00:40:14,585 [ERROR] LogOutputStream:75 - [STDERR_REDIRECT] 
2026-02-22 00:40:15,595 [ERROR] LogOutputStream:75 - [STDERR_REDIRECT] [Fatal Error] :1:1: Premature end of file.
2026-02-22 00:40:15,595 [ERROR] LogOutputStream:75 - [STDERR_REDIRECT] 
2026-02-22 00:40:16,591 [ERROR] LogOutputStream:75 - [STDERR_REDIRECT] [Fatal Error] :1:1: Premature end of file.
2026-02-22 00:40:16,591 [ERROR] LogOutputStream:75 - [STDERR_REDIRECT] 
2026-02-22 00:40:17,582 [ERROR] LogOutputStream:75 - [STDERR_REDIRECT] [Fatal Error] :1:1: Premature end of file.
2026-02-22 00:40:17,582 [ERROR] LogOutputStream:75 - [STDERR_REDIRECT] 
2026-02-22 00:40:18,592 [ERROR] LogOutputStream:75 - [STDERR_REDIRECT] [Fatal Error] :1:1: Premature end of file.
2026-02-22 00:40:18,592 [ERROR] LogOutputStream:75 - [STDERR_REDIRECT] 
2026-02-22 00:40:19,585 [ERROR] LogOutputStream:75 - [STDERR_REDIRECT] [Fatal Error] :1:1: Premature end of file.
2026-02-22 00:40:19,585 [ERROR] LogOutputStream:75 - [STDERR_REDIRECT] 
2026-02-22 00:40:20,590 [ERROR] LogOutputStream:75 - [STDERR_REDIRECT] [Fatal Error] :1:1: Premature end of file.
2026-02-22 00:40:20,590 [ERROR] LogOutputStream:75 - [STDERR_REDIRECT] 
2026-02-22 00:40:21,599 [ERROR] LogOutputStream:75 - [STDERR_REDIRECT] [Fatal Error] :1:1: Premature end of file.
2026-02-22 00:40:21,599 [ERROR] LogOutputStream:75 - [STDERR_REDIRECT] 
2026-02-22 00:40:22,580 [ERROR] LogOutputStream:75 - [STDERR_REDIRECT] [Fatal Error] :1:1: Premature end of file.
2026-02-22 00:40:22,580 [ERROR] LogOutputStream:75 - [STDERR_REDIRECT] 
2026-02-22 00:40:23,584 [ERROR] LogOutputStream:75 - [STDERR_REDIRECT] [Fatal Error] :1:1: Premature end of file.
2026-02-22 00:40:23,584 [ERROR] LogOutputStream:75 - [STDERR_REDIRECT] 
2026-02-22 00:40:24,584 [ERROR] LogOutputStream:75 - [STDERR_REDIRECT] [Fatal Error] :1:1: Premature end of file.
2026-02-22 00:40:24,584 [ERROR] LogOutputStream:75 - [STDERR_REDIRECT] 
2026-02-22 00:40:25,592 [ERROR] LogOutputStream:75 - [STDERR_REDIRECT] [Fatal Error] :1:1: Premature end of file.
2026-02-22 00:40:25,592 [ERROR] LogOutputStream:75 - [STDERR_REDIRECT] 
2026-02-22 00:40:26,584 [ERROR] LogOutputStream:75 - [STDERR_REDIRECT] [Fatal Error] :1:1: Premature end of file.
2026-02-22 00:40:26,584 [ERROR] LogOutputStream:75 - [STDERR_REDIRECT] 
2026-02-22 00:40:27,588 [ERROR] LogOutputStream:75 - [STDERR_REDIRECT] [Fatal Error] :1:1: Premature end of file.
2026-02-22 00:40:27,588 [ERROR] LogOutputStream:75 - [STDERR_REDIRECT] 
2026-02-22 00:40:28,581 [ERROR] LogOutputStream:75 - [STDERR_REDIRECT] [Fatal Error] :1:1: Premature end of file.
2026-02-22 00:40:28,581 [ERROR] LogOutputStream:75 - [STDERR_REDIRECT] 
2026-02-22 00:40:29,589 [ERROR] LogOutputStream:75 - [STDERR_REDIRECT] [Fatal Error] :1:1: Premature end of file.
2026-02-22 00:40:29,589 [ERROR] LogOutputStream:75 - [STDERR_REDIRECT] 
2026-02-22 00:40:30,591 [ERROR] LogOutputStream:75 - [STDERR_REDIRECT] [Fatal Error] :1:1: Premature end of file.
2026-02-22 00:40:30,591 [ERROR] LogOutputStream:75 - [STDERR_REDIRECT] 
2026-02-22 00:40:31,592 [ERROR] LogOutputStream:75 - [STDERR_REDIRECT] [Fatal Error] :1:1: Premature end of file.
2026-02-22 00:40:31,592 [ERROR] LogOutputStream:75 - [STDERR_REDIRECT] 
2026-02-22 00:40:32,584 [ERROR] LogOutputStream:75 - [STDERR_REDIRECT] [Fatal Error] :1:1: Premature end of file.
2026-02-22 00:40:32,584 [ERROR] LogOutputStream:75 - [STDERR_REDIRECT] 
2026-02-22 00:40:33,582 [ERROR] LogOutputStream:75 - [STDERR_REDIRECT] [Fatal Error] :1:1: Premature end of file.
2026-02-22 00:40:33,582 [ERROR] LogOutputStream:75 - [STDERR_REDIRECT] 
2026-02-22 00:40:34,585 [ERROR] LogOutputStream:75 - [STDERR_REDIRECT] [Fatal Error] :1:1: Premature end of file.
2026-02-22 00:40:34,585 [ERROR] LogOutputStream:75 - [STDERR_REDIRECT] 
2026-02-22 00:40:35,580 [ERROR] LogOutputStream:75 - [STDERR_REDIRECT] [Fatal Error] :1:1: Premature end of file.
2026-02-22 00:40:35,580 [ERROR] LogOutputStream:75 - [STDERR_REDIRECT] 
2026-02-22 00:40:36,582 [ERROR] LogOutputStream:75 - [STDERR_REDIRECT] [Fatal Error] :1:1: Premature end of file.
2026-02-22 00:40:36,582 [ERROR] LogOutputStream:75 - [STDERR_REDIRECT] 
2026-02-22 00:40:37,582 [ERROR] LogOutputStream:75 - [STDERR_REDIRECT] [Fatal Error] :1:1: Premature end of file.
2026-02-22 00:40:37,582 [ERROR] LogOutputStream:75 - [STDERR_REDIRECT] 
2026-02-22 00:40:38,581 [ERROR] LogOutputStream:75 - [STDERR_REDIRECT] [Fatal Error] :1:1: Premature end of file.
2026-02-22 00:40:38,581 [ERROR] LogOutputStream:75 - [STDERR_REDIRECT] 
2026-02-22 00:40:39,595 [ERROR] LogOutputStream:75 - [STDERR_REDIRECT] [Fatal Error] :1:1: Premature end of file.
2026-02-22 00:40:39,597 [ERROR] LogOutputStream:75 - [STDERR_REDIRECT] 
2026-02-22 00:40:40,596 [ERROR] LogOutputStream:75 - [STDERR_REDIRECT] [Fatal Error] :1:1: Premature end of file.
2026-02-22 00:40:40,596 [ERROR] LogOutputStream:75 - [STDERR_REDIRECT] 
2026-02-22 00:40:41,584 [ERROR] LogOutputStream:75 - [STDERR_REDIRECT] [Fatal Error] :1:1: Premature end of file.
2026-02-22 00:40:41,584 [ERROR] LogOutputStream:75 - [STDERR_REDIRECT] 
2026-02-22 00:40:42,597 [ERROR] LogOutputStream:75 - [STDERR_REDIRECT] [Fatal Error] :1:1: Premature end of file.
2026-02-22 00:40:42,597 [ERROR] LogOutputStream:75 - [STDERR_REDIRECT] 
2026-02-22 00:40:43,602 [ERROR] LogOutputStream:75 - [STDERR_REDIRECT] [Fatal Error] :1:1: Premature end of file.
2026-02-22 00:40:43,602 [ERROR] LogOutputStream:75 - [STDERR_REDIRECT] 
2026-02-22 00:40:44,591 [ERROR] LogOutputStream:75 - [STDERR_REDIRECT] [Fatal Error] :1:1: Premature end of file.
2026-02-22 00:40:44,591 [ERROR] LogOutputStream:75 - [STDERR_REDIRECT] 
2026-02-22 00:40:45,591 [ERROR] LogOutputStream:75 - [STDERR_REDIRECT] [Fatal Error] :1:1: Premature end of file.
2026-02-22 00:40:45,591 [ERROR] LogOutputStream:75 - [STDERR_REDIRECT] 
2026-02-22 00:40:46,582 [ERROR] LogOutputStream:75 - [STDERR_REDIRECT] [Fatal Error] :1:1: Premature end of file.
2026-02-22 00:40:46,582 [ERROR] LogOutputStream:75 - [STDERR_REDIRECT] 
2026-02-22 00:40:47,592 [ERROR] LogOutputStream:75 - [STDERR_REDIRECT] [Fatal Error] :1:1: Premature end of file.
2026-02-22 00:40:47,592 [ERROR] LogOutputStream:75 - [STDERR_REDIRECT] 
2026-02-22 00:40:48,588 [ERROR] LogOutputStream:75 - [STDERR_REDIRECT] [Fatal Error] :1:1: Premature end of file.
2026-02-22 00:40:48,588 [ERROR] LogOutputStream:75 - [STDERR_REDIRECT] 
2026-02-22 00:40:49,591 [ERROR] LogOutputStream:75 - [STDERR_REDIRECT] [Fatal Error] :1:1: Premature end of file.
2026-02-22 00:40:49,591 [ERROR] LogOutputStream:75 - [STDERR_REDIRECT] 
2026-02-22 00:40:50,593 [ERROR] LogOutputStream:75 - [STDERR_REDIRECT] [Fatal Error] :1:1: Premature end of file.
2026-02-22 00:40:50,593 [ERROR] LogOutputStream:75 - [STDERR_REDIRECT] 
2026-02-22 00:40:51,592 [ERROR] LogOutputStream:75 - [STDERR_REDIRECT] [Fatal Error] :1:1: Premature end of file.
2026-02-22 00:40:51,592 [ERROR] LogOutputStream:75 - [STDERR_REDIRECT] 
2026-02-22 00:40:52,598 [ERROR] LogOutputStream:75 - [STDERR_REDIRECT] [Fatal Error] :1:1: Premature end of file.
2026-02-22 00:40:52,598 [ERROR] LogOutputStream:75 - [STDERR_REDIRECT] 
2026-02-22 00:40:53,591 [ERROR] LogOutputStream:75 - [STDERR_REDIRECT] [Fatal Error] :1:1: Premature end of file.
2026-02-22 00:40:53,591 [ERROR] LogOutputStream:75 - [STDERR_REDIRECT] 
2026-02-22 00:40:54,602 [ERROR] LogOutputStream:75 - [STDERR_REDIRECT] [Fatal Error] :1:1: Premature end of file.
2026-02-22 00:40:54,602 [ERROR] LogOutputStream:75 - [STDERR_REDIRECT] 
2026-02-22 00:40:55,595 [ERROR] LogOutputStream:75 - [STDERR_REDIRECT] [Fatal Error] :1:1: Premature end of file.
2026-02-22 00:40:55,596 [ERROR] LogOutputStream:75 - [STDERR_REDIRECT] 
2026-02-22 00:40:56,590 [ERROR] LogOutputStream:75 - [STDERR_REDIRECT] [Fatal Error] :1:1: Premature end of file.
2026-02-22 00:40:56,590 [ERROR] LogOutputStream:75 - [STDERR_REDIRECT] 
2026-02-22 00:40:57,603 [ERROR] LogOutputStream:75 - [STDERR_REDIRECT] [Fatal Error] :1:1: Premature end of file.
2026-02-22 00:40:57,603 [ERROR] LogOutputStream:75 - [STDERR_REDIRECT] 
2026-02-22 00:40:58,585 [ERROR] LogOutputStream:75 - [STDERR_REDIRECT] [Fatal Error] :1:1: Premature end of file.
2026-02-22 00:40:58,585 [ERROR] LogOutputStream:75 - [STDERR_REDIRECT] 
2026-02-22 00:40:59,582 [ERROR] LogOutputStream:75 - [STDERR_REDIRECT] [Fatal Error] :1:1: Premature end of file.
2026-02-22 00:40:59,582 [ERROR] LogOutputStream:75 - [STDERR_REDIRECT] 
2026-02-22 00:41:00,581 [ERROR] LogOutputStream:75 - [STDERR_REDIRECT] [Fatal Error] :1:1: Premature end of file.
2026-02-22 00:41:00,583 [ERROR] LogOutputStream:75 - [STDERR_REDIRECT] 
2026-02-22 00:41:01,593 [ERROR] LogOutputStream:75 - [STDERR_REDIRECT] [Fatal Error] :1:1: Premature end of file.
2026-02-22 00:41:01,593 [ERROR] LogOutputStream:75 - [STDERR_REDIRECT] 
2026-02-22 00:41:02,581 [ERROR] LogOutputStream:75 - [STDERR_REDIRECT] [Fatal Error] :1:1: Premature end of file.
2026-02-22 00:41:02,581 [ERROR] LogOutputStream:75 - [STDERR_REDIRECT] 
2026-02-22 00:41:03,596 [ERROR] LogOutputStream:75 - [STDERR_REDIRECT] [Fatal Error] :1:1: Premature end of file.
2026-02-22 00:41:03,596 [ERROR] LogOutputStream:75 - [STDERR_REDIRECT] 
2026-02-22 00:41:04,591 [ERROR] LogOutputStream:75 - [STDERR_REDIRECT] [Fatal Error] :1:1: Premature end of file.
2026-02-22 00:41:04,592 [ERROR] LogOutputStream:75 - [STDERR_REDIRECT] 
2026-02-22 00:41:05,580 [ERROR] LogOutputStream:75 - [STDERR_REDIRECT] [Fatal Error] :1:1: Premature end of file.
2026-02-22 00:41:05,580 [ERROR] LogOutputStream:75 - [STDERR_REDIRECT] 
2026-02-22 00:41:06,586 [ERROR] LogOutputStream:75 - [STDERR_REDIRECT] [Fatal Error] :1:1: Premature end of file.
2026-02-22 00:41:06,586 [ERROR] LogOutputStream:75 - [STDERR_REDIRECT] 
2026-02-22 00:41:07,582 [ERROR] LogOutputStream:75 - [STDERR_REDIRECT] [Fatal Error] :1:1: Premature end of file.
2026-02-22 00:41:07,582 [ERROR] LogOutputStream:75 - [STDERR_REDIRECT] 
2026-02-22 00:41:08,594 [ERROR] LogOutputStream:75 - [STDERR_REDIRECT] [Fatal Error] :1:1: Premature end of file.
2026-02-22 00:41:08,594 [ERROR] LogOutputStream:75 - [STDERR_REDIRECT] 
2026-02-22 00:41:09,582 [ERROR] LogOutputStream:75 - [STDERR_REDIRECT] [Fatal Error] :1:1: Premature end of file.
2026-02-22 00:41:09,582 [ERROR] LogOutputStream:75 - [STDERR_REDIRECT] 
2026-02-22 00:41:10,587 [ERROR] LogOutputStream:75 - [STDERR_REDIRECT] [Fatal Error] :1:1: Premature end of file.
2026-02-22 00:41:10,587 [ERROR] LogOutputStream:75 - [STDERR_REDIRECT] 
2026-02-22 00:41:11,585 [ERROR] LogOutputStream:75 - [STDERR_REDIRECT] [Fatal Error] :1:1: Premature end of file.
2026-02-22 00:41:11,585 [ERROR] LogOutputStream:75 - [STDERR_REDIRECT] 
2026-02-22 00:41:12,595 [ERROR] LogOutputStream:75 - [STDERR_REDIRECT] [Fatal Error] :1:1: Premature end of file.
2026-02-22 00:41:12,595 [ERROR] LogOutputStream:75 - [STDERR_REDIRECT] 
2026-02-22 00:41:13,599 [ERROR] LogOutputStream:75 - [STDERR_REDIRECT] [Fatal Error] :1:1: Premature end of file.
2026-02-22 00:41:13,599 [ERROR] LogOutputStream:75 - [STDERR_REDIRECT] 
2026-02-22 00:41:14,597 [ERROR] LogOutputStream:75 - [STDERR_REDIRECT] [Fatal Error] :1:1: Premature end of file.
2026-02-22 00:41:14,597 [ERROR] LogOutputStream:75 - [STDERR_REDIRECT] 
2026-02-22 00:41:15,591 [ERROR] LogOutputStream:75 - [STDERR_REDIRECT] [Fatal Error] :1:1: Premature end of file.
2026-02-22 00:41:15,592 [ERROR] LogOutputStream:75 - [STDERR_REDIRECT] 
2026-02-22 00:41:16,603 [ERROR] LogOutputStream:75 - [STDERR_REDIRECT] [Fatal Error] :1:1: Premature end of file.
2026-02-22 00:41:16,603 [ERROR] LogOutputStream:75 - [STDERR_REDIRECT] 
2026-02-22 00:41:17,591 [ERROR] LogOutputStream:75 - [STDERR_REDIRECT] [Fatal Error] :1:1: Premature end of file.
2026-02-22 00:41:17,591 [ERROR] LogOutputStream:75 - [STDERR_REDIRECT] 
2026-02-22 00:41:18,589 [ERROR] LogOutputStream:75 - [STDERR_REDIRECT] [Fatal Error] :1:1: Premature end of file.
2026-02-22 00:41:18,589 [ERROR] LogOutputStream:75 - [STDERR_REDIRECT] 
2026-02-22 00:41:19,583 [ERROR] LogOutputStream:75 - [STDERR_REDIRECT] [Fatal Error] :1:1: Premature end of file.
2026-02-22 00:41:19,583 [ERROR] LogOutputStream:75 - [STDERR_REDIRECT] 
2026-02-22 00:41:20,592 [ERROR] LogOutputStream:75 - [STDERR_REDIRECT] [Fatal Error] :1:1: Premature end of file.
2026-02-22 00:41:20,593 [ERROR] LogOutputStream:75 - [STDERR_REDIRECT] 
2026-02-22 00:41:21,597 [ERROR] LogOutputStream:75 - [STDERR_REDIRECT] [Fatal Error] :1:1: Premature end of file.
2026-02-22 00:41:21,597 [ERROR] LogOutputStream:75 - [STDERR_REDIRECT] 
2026-02-22 00:41:22,591 [ERROR] LogOutputStream:75 - [STDERR_REDIRECT] [Fatal Error] :1:1: Premature end of file.
2026-02-22 00:41:22,592 [ERROR] LogOutputStream:75 - [STDERR_REDIRECT] 
2026-02-22 00:41:23,589 [ERROR] LogOutputStream:75 - [STDERR_REDIRECT] [Fatal Error] :1:1: Premature end of file.
2026-02-22 00:41:23,589 [ERROR] LogOutputStream:75 - [STDERR_REDIRECT] 
2026-02-22 00:41:24,583 [ERROR] LogOutputStream:75 - [STDERR_REDIRECT] [Fatal Error] :1:1: Premature end of file.
2026-02-22 00:41:24,583 [ERROR] LogOutputStream:75 - [STDERR_REDIRECT] 
2026-02-22 00:41:25,587 [ERROR] LogOutputStream:75 - [STDERR_REDIRECT] [Fatal Error] :1:1: Premature end of file.
2026-02-22 00:41:25,587 [ERROR] LogOutputStream:75 - [STDERR_REDIRECT] 
2026-02-22 00:41:26,582 [ERROR] LogOutputStream:75 - [STDERR_REDIRECT] [Fatal Error] :1:1: Premature end of file.
2026-02-22 00:41:26,582 [ERROR] LogOutputStream:75 - [STDERR_REDIRECT] 
2026-02-22 00:41:27,608 [ERROR] LogOutputStream:75 - [STDERR_REDIRECT] [Fatal Error] :1:1: Premature end of file.
2026-02-22 00:41:27,608 [ERROR] LogOutputStream:75 - [STDERR_REDIRECT] 
2026-02-22 00:41:28,589 [ERROR] LogOutputStream:75 - [STDERR_REDIRECT] [Fatal Error] :1:1: Premature end of file.
2026-02-22 00:41:28,589 [ERROR] LogOutputStream:75 - [STDERR_REDIRECT] 
2026-02-22 00:41:29,596 [ERROR] LogOutputStream:75 - [STDERR_REDIRECT] [Fatal Error] :1:1: Premature end of file.
2026-02-22 00:41:29,596 [ERROR] LogOutputStream:75 - [STDERR_REDIRECT] 
2026-02-22 00:41:30,582 [ERROR] LogOutputStream:75 - [STDERR_REDIRECT] [Fatal Error] :1:1: Premature end of file.
2026-02-22 00:41:30,582 [ERROR] LogOutputStream:75 - [STDERR_REDIRECT] 
2026-02-22 00:41:31,603 [ERROR] LogOutputStream:75 - [STDERR_REDIRECT] [Fatal Error] :1:1: Premature end of file.
2026-02-22 00:41:31,603 [ERROR] LogOutputStream:75 - [STDERR_REDIRECT] 
2026-02-22 00:41:32,302 [ERROR] LogOutputStream:75 - [STDERR_REDIRECT] 
